product_name,product_url,image_url,price_krw,original_price_krw,rating,review_count,product_id,description,material,care_info,safety_info,table_length_cm,table_width_cm,table_height_cm,chair_width_cm,chair_depth_cm,chair_height_cm,package_info,review_text,seats_recommended,category,brand,color_main,style_tags,is_child_safe,maintenance_level,has_assembly_required,index_text
"HÄGERNÄS 헤게르네스 테이블+의자4, 앤티크 스테인 소나무",https://www.ikea.com/kr/ko/p/haegernaes-table-and-4-chairs-antique-stain-pine-00576035/,"https://www.ikea.com/kr/ko/images/products/haegernaes-table-and-4-chairs-antique-stain-pine__1350925_pe951817_s5.jpg?f=xxs,https://www.ikea.com/kr/ko/images/products/haegernaes-table-and-4-chairs-antique-stain-pine__1376866_pe960596_s5.jpg?f=xxs",224000,249000.0,4.7,335.0,005.760.35,"전체 다이닝 세트를 하나로 포장하여 제공하므로 간편하게 집으로 가져갈 수 있습니다.

테이블과 의자 4개로 구성된 이 견고한 식탁세트는 아침 식사 공간이나 작은 다이닝 공간에 적합합니다.

자연스러운 나뭇결이 살아있어서 테이블과 나무마다 독특한 개성이 느껴집니다.

더 부드럽게 앉고 싶거나 방에 개성을 더하려면 근사한 의자패드를 깔아보세요. 다양한 색상 중에서 선택할 수 있습니다.

4인용.

실내에서만 사용하세요.

이 테이블을 조립하려면 비트 드라이버가 필요합니다. TRIXIG 트릭시그 공구세트15종(별도 판매)에 포함되어 있어요.

의자를 조립하려면 비트 드라이버가 필요합니다. TRIXIG 트릭시그 공구세트15종(별도 판매)에 포함되어 있어요.","다리/ 프레임/ 시트: 소나무 원목, 스테인, 투명 아크릴 래커
상판: 소나무 원목, 접착제, 스테인, 투명 아크릴 래커, 스테인, 투명 아크릴 래커, 투명래커
하단 프레임: 소나무 원목, 접착제, 스테인, 투명 아크릴 래커, 스테인, 투명 아크릴 래커, 투명 아크릴 래커
다리: 소나무 원목, 접착제, 스테인, 투명 아크릴 래커, 투명 아크릴 래커","중성세제를 희석한 물로 닦아주세요.

깨끗한 천으로 물기를 닦아주세요.

안정성을 위하여 조립 2주 후에 나사를 점검하고 필요한 경우 다시 조여주세요.",이 의자는 가정용으로 적합 판정을 받았으며 EN 12520 및 EN 1022의 내구성과 안전성 기준에 부합하는 제품입니다.,118.0,74.0,75.0,40.0,41.0,87.0,"폭: 77 cm
높이: 16 cm
길이: 123 cm
무게: 32.10 kg
패키지: 1","집안 분위기가 확 바뀌었어요
이케아 직원 아님
제품의 질.
새로운 느낌의 식탁
가성비가 좋은 식탁세트",4.0,dining_table_set,IKEA,dark_wood,"modern,nordic,minimal",True,low,True,"HÄGERNÄS 헤게르네스 테이블+의자4, 앤티크 스테인 소나무 전체 다이닝 세트를 하나로 포장하여 제공하므로 간편하게 집으로 가져갈 수 있습니다.

테이블과 의자 4개로 구성된 이 견고한 식탁세트는 아침 식사 공간이나 작은 다이닝 공간에 적합합니다.

자연스러운 나뭇결이 살아있어서 테이블과 나무마다 독특한 개성이 느껴집니다.

더 부드럽게 앉고 싶거나 방에 개성을 더하려면 근사한 의자패드를 깔아보세요. 다양한 색상 중에서 선택할 수 있습니다.

4인용.

실내에서만 사용하세요.

이 테이블을 조립하려면 비트 드라이버가 필요합니다. TRIXIG 트릭시그 공구세트15종(별도 판매)에 포함되어 있어요.

의자를 조립하려면 비트 드라이버가 필요합니다. TRIXIG 트릭시그 공구세트15종(별도 판매)에 포함되어 있어요. 다리/ 프레임/ 시트: 소나무 원목, 스테인, 투명 아크릴 래커
상판: 소나무 원목, 접착제, 스테인, 투명 아크릴 래커, 스테인, 투명 아크릴 래커, 투명래커
하단 프레임: 소나무 원목, 접착제, 스테인, 투명 아크릴 래커, 스테인, 투명 아크릴 래커, 투명 아크릴 래커
다리: 소나무 원목, 접착제, 스테인, 투명 아크릴 래커, 투명 아크릴 래커 중성세제를 희석한 물로 닦아주세요.

깨끗한 천으로 물기를 닦아주세요.

안정성을 위하여 조립 2주 후에 나사를 점검하고 필요한 경우 다시 조여주세요. 집안 분위기가 확 바뀌었어요
이케아 직원 아님
제품의 질.
새로운 느낌의 식탁
가성비가 좋은 식탁세트"
"SANDSBERG 산스베리 테이블+의자4, 블랙 블랙/렘마른앤트러싸이트 앤트러싸이트, 110x67 cm",https://www.ikea.com/kr/ko/p/sandsberg-table-and-4-chairs-black-black-remmarn-anthracite-anthracite-s99608792/,"https://www.ikea.com/kr/ko/images/products/sandsberg-table-and-4-chairs-black-black-remmarn-anthracite-anthracite__1460466_pe993930_s5.jpg?f=xxs,https://www.ikea.com/kr/ko/images/products/sandsberg-table-and-4-chairs-black-black-remmarn-anthracite-anthracite__1460465_pe993931_s5.jpg?f=xxs",160000,,5.0,1.0,996.087.92,,"테이블상판: 파티클보드, 멜라민포일, 플라스틱 테두리, 플라스틱 테두리
테이블상판하부프레임 하단 프레임/ 다리: 스틸, 에폭시/폴리에스테르 파우더코팅
다리받침: 폴리프로필렌 플라스틱
의자 패브릭: 폴리에스테르 100%(최소 90% 재활용)
프레임: 스틸, 에폭시/폴리에스테르 파우더코팅
시트: 폴리에스테르 100 %, 폴리우레탄 폼 35kg/cu.m., 적층 무늬목
등받이: 폴리에스테르 100%(최소 70% 재활용), 폴리프로필렌(재활용소재 최소 50%)
패브릭: 폴리에스테르 100% (100% 재활용)",,,110.0,67.0,75.0,45.0,45.0,76.0,"이 제품은 6 개 패키지로 구성됩니다.
SANDSBERG 산스베리 테이블상판 제품 번호 004.129.87 폭: 72 cm 높이: 2 cm 길이: 116 cm 무게: 9.00 kg 패키지: 1
SANDSBERG 산스베리 테이블상판하부프레임 제품 번호 705.054.12 폭: 16 cm 높이: 6 cm 길이: 107 cm 무게: 6.31 kg 패키지: 1
SANDSBERG 산스베리 의자 제품 번호 506.052.57 폭: 46 cm 높이: 12 cm 길이: 50 cm 무게: 3.84 kg 패키지: 4",,4.0,dining_table_set,IKEA,black,"modern,nordic,minimal",False,medium,False,"SANDSBERG 산스베리 테이블+의자4, 블랙 블랙/렘마른앤트러싸이트 앤트러싸이트, 110x67 cm  테이블상판: 파티클보드, 멜라민포일, 플라스틱 테두리, 플라스틱 테두리
테이블상판하부프레임 하단 프레임/ 다리: 스틸, 에폭시/폴리에스테르 파우더코팅
다리받침: 폴리프로필렌 플라스틱
의자 패브릭: 폴리에스테르 100%(최소 90% 재활용)
프레임: 스틸, 에폭시/폴리에스테르 파우더코팅
시트: 폴리에스테르 100 %, 폴리우레탄 폼 35kg/cu.m., 적층 무늬목
등받이: 폴리에스테르 100%(최소 70% 재활용), 폴리프로필렌(재활용소재 최소 50%)
패브릭: 폴리에스테르 100% (100% 재활용)  "
"VIHALS 비할스 / VIHALS 비할스 테이블+의자4, 화이트 화이트/화이트, 125x74 cm",https://www.ikea.com/kr/ko/p/vihals-vihals-table-and-4-chairs-white-white-white-s09599513/,"https://www.ikea.com/pimg/1388770_pe964943_s5.jpg?f=xxs,https://www.ikea.com/pimg/1414830_pe974916_s5.jpg?f=xxs",199500,,5.0,1.0,095.995.13,"현대적인 분위기의 깔끔하고 절제된 디자인이 다양한 인테리어 설정과 원활하게 어울려요.
멜라민 포일 테이블 상판은 기능을 갖췄을 뿐 아니라 젖은 천으로 쉽게 청소할 수 있어요.
최대 6개까지 쌓아 놓을 수 있어서 편하게 보관할 수 있습니다.
고강도 파우더 코팅 스틸 하부프레임은 안정적이며, 녹과 부식에 강하여 시간이 흘러도 내구성이 우수합니다.
고강도 파우더 코팅 스틸과 플라스틱으로 만든 가벼운 의자는 옮기기 쉬우며 쓱 닦아서 청소할 수 있어요.
고강도 스틸을 사용함으로써 일반적인 스틸보다 적은 소재를 사용하여 자원 효율성을 극대화하고 뛰어난 내구성과 강도를 제공합니다.

참고
실내에서만 사용하세요.
4인용.
지역사회의 규칙에 따라 재활용 또는 에너지 회수를 위해 분리 배출할 수 있습니다.","테이블상판: 파티클보드, 멜라민포일, 플라스틱 테두리, 플라스틱 테두리, 멜라민포일
하부프레임 다리/사이드 레일: 스틸, 에폭시/폴리에스테르 파우더코팅
안쪽 다리: 스틸
의자 다리 프레임/핀/크로스 레일: 스틸, 에폭시/폴리에스테르 파우더코팅
시트/등받이: 폴리프로필렌 플라스틱(최소 50% 재활용)","테이블상판/하부프레임/의자: 순한 세제에 적신 천으로 닦으세요. 깨끗한 천으로 물기를 닦아주세요.
테이블+의자4: 안정성을 위하여 조립 2주 후에 나사를 점검하고 필요한 경우 다시 조여주세요.",의자는 가정용으로 적합 판정을 받았으며 EN 12520 및 EN 1022의 내구성과 안전성 기준에 부합하는 제품입니다.이 의자는 관련된 강도 및 내구성 표준을 준수하고 테스트를 거친 제품입니다. 테스트는 일반적인 제품의 사용 횟수와 110kg인 사용자를 기준으로 실시되었습니다.,125.0,74.0,75.0,45.0,47.0,79.0,"이 제품은 6 개 패키지로 구성됩니다.

VIHALS 비할스 테이블상판 제품 번호 805.945.54
폭: 77 cm
높이: 3 cm
길이: 131 cm
무게: 12.45 kg
패키지: 1

VIHALS 비할스 하부프레임 제품 번호 005.945.53
폭: 13 cm
높이: 6 cm
길이: 149 cm
무게: 8.14 kg
패키지: 1

VIHALS 비할스 의자 제품 번호 805.927.34
폭: 49 cm
높이: 9 cm
길이: 97 cm
무게: 3.48 kg
패키지: 4",,4.0,dining_table_set,IKEA,white,"modern,nordic,minimal",True,medium,False,"VIHALS 비할스 / VIHALS 비할스 테이블+의자4, 화이트 화이트/화이트, 125x74 cm 현대적인 분위기의 깔끔하고 절제된 디자인이 다양한 인테리어 설정과 원활하게 어울려요.
멜라민 포일 테이블 상판은 기능을 갖췄을 뿐 아니라 젖은 천으로 쉽게 청소할 수 있어요.
최대 6개까지 쌓아 놓을 수 있어서 편하게 보관할 수 있습니다.
고강도 파우더 코팅 스틸 하부프레임은 안정적이며, 녹과 부식에 강하여 시간이 흘러도 내구성이 우수합니다.
고강도 파우더 코팅 스틸과 플라스틱으로 만든 가벼운 의자는 옮기기 쉬우며 쓱 닦아서 청소할 수 있어요.
고강도 스틸을 사용함으로써 일반적인 스틸보다 적은 소재를 사용하여 자원 효율성을 극대화하고 뛰어난 내구성과 강도를 제공합니다.

참고
실내에서만 사용하세요.
4인용.
지역사회의 규칙에 따라 재활용 또는 에너지 회수를 위해 분리 배출할 수 있습니다. 테이블상판: 파티클보드, 멜라민포일, 플라스틱 테두리, 플라스틱 테두리, 멜라민포일
하부프레임 다리/사이드 레일: 스틸, 에폭시/폴리에스테르 파우더코팅
안쪽 다리: 스틸
의자 다리 프레임/핀/크로스 레일: 스틸, 에폭시/폴리에스테르 파우더코팅
시트/등받이: 폴리프로필렌 플라스틱(최소 50% 재활용) 테이블상판/하부프레임/의자: 순한 세제에 적신 천으로 닦으세요. 깨끗한 천으로 물기를 닦아주세요.
테이블+의자4: 안정성을 위하여 조립 2주 후에 나사를 점검하고 필요한 경우 다시 조여주세요. "
"STOCKHOLM 2025 스톡홀름 2025 / STOCKHOLM 2025 스톡홀름 2025 테이블+의자6, 참나무무늬목/참나무 라탄, 230x90 cm",https://www.ikea.com/kr/ko/p/stockholm-2025-stockholm-2025-table-and-6-chairs-oak-veneer-oak-rattan-s69606619/,"https://www.ikea.com/kr/ko/images/products/stockholm-2025-stockholm-2025-table-and-6-chairs-oak-veneer-oak-rattan__1373061_pe959873_s5.jpg?f=xxs,https://www.ikea.com/kr/ko/images/products/stockholm-2025-stockholm-2025-table-and-6-chairs-oak-veneer-oak-rattan__1425161_ph203091_s5.jpg?f=xxs",1913000,1993000.0,,0.0,696.066.19,"실내에서만 사용하세요.
6-8인용.","테이블상판: 파티클보드, 적층 무늬목, 벌집구조 종이 충전재(100% 재활용), 참나무 무늬목, 참나무 무늬목, 투명 아크릴 래커, 참나무 무늬목, 투명 아크릴 래커, 섬유판, 참나무 무늬목, 투명 아크릴 래커
다리: 원목, 참나무 무늬목, 투명 아크릴 래커
의자 - 가죽: 천연가죽(선염 풀그레인 소가죽)
프레임: 참나무 원목, 접착제, 투명 아크릴 래커
등받이: 라탄, 틴트 투명래커
시트: 적층 무늬목, 투명래커
충전재: 폴리우레탄 폼 35kg/cu.m., 폴리에스테르충전재
밑면: 폴리프로필렌 100%","테이블상판/다리: 순한 세제에 적신 천으로 닦으세요. 깨끗한 천으로 물기를 닦아주세요.
의자: 순한 세제에 적신 천으로 닦으세요. 깨끗한 천으로 물기를 닦아주세요. 라디에이터나 다른 화기 주위에 놓으면 말라 부식될 수도 있습니다. 안정성을 위하여 조립 2주 후에 나사를 점검하고 필요한 경우 다시 조여주세요. 라탄은 건조하고 서늘한 환경에서 사용하기에 가장 적합합니다.",의자는 가정용으로 적합 판정을 받았으며 EN 12520 및 EN 1022의 내구성과 안전성 기준에 부합하는 제품입니다. 이 의자는 관련된 강도 및 내구성 표준을 준수하고 테스트를 거친 제품입니다. 테스트는 일반적인 제품의 사용 횟수와 110kg인 사용자를 기준으로 실시되었습니다.,230.0,90.0,75.0,47.0,47.0,80.0,"이 제품은 8 개 패키지로 구성됩니다.
STOCKHOLM 2025 스톡홀름 2025 테이블상판 제품 번호 405.934.29 폭: 103 cm 높이: 5 cm 길이: 243 cm 무게: 44.89 kg 패키지: 1
STOCKHOLM 2025 스톡홀름 2025 다리 제품 번호 205.934.25 폭: 36 cm 높이: 9 cm 길이: 78 cm 무게: 7.67 kg 패키지: 1
STOCKHOLM 2025 스톡홀름 2025 의자 제품 번호 005.909.51 폭: 48 cm 높이: 13 cm 길이: 82 cm 무게: 8.00 kg 패키지: 6",,6.0,dining_table_set,IKEA,unknown,"modern,nordic,minimal",True,medium,False,"STOCKHOLM 2025 스톡홀름 2025 / STOCKHOLM 2025 스톡홀름 2025 테이블+의자6, 참나무무늬목/참나무 라탄, 230x90 cm 실내에서만 사용하세요.
6-8인용. 테이블상판: 파티클보드, 적층 무늬목, 벌집구조 종이 충전재(100% 재활용), 참나무 무늬목, 참나무 무늬목, 투명 아크릴 래커, 참나무 무늬목, 투명 아크릴 래커, 섬유판, 참나무 무늬목, 투명 아크릴 래커
다리: 원목, 참나무 무늬목, 투명 아크릴 래커
의자 - 가죽: 천연가죽(선염 풀그레인 소가죽)
프레임: 참나무 원목, 접착제, 투명 아크릴 래커
등받이: 라탄, 틴트 투명래커
시트: 적층 무늬목, 투명래커
충전재: 폴리우레탄 폼 35kg/cu.m., 폴리에스테르충전재
밑면: 폴리프로필렌 100% 테이블상판/다리: 순한 세제에 적신 천으로 닦으세요. 깨끗한 천으로 물기를 닦아주세요.
의자: 순한 세제에 적신 천으로 닦으세요. 깨끗한 천으로 물기를 닦아주세요. 라디에이터나 다른 화기 주위에 놓으면 말라 부식될 수도 있습니다. 안정성을 위하여 조립 2주 후에 나사를 점검하고 필요한 경우 다시 조여주세요. 라탄은 건조하고 서늘한 환경에서 사용하기에 가장 적합합니다. "
"LISABO 리사보 / LISABO 리사보 테이블+의자4, 물푸레나무/탈뮈라 화이트/블랙, 105 cm",https://www.ikea.com/kr/ko/p/lisabo-lisabo-table-and-4-chairs-ash-tallmyra-white-black-s59554852/,"https://www.ikea.com/pimg/1255293_pe924485_s5.jpg?f=xxs,https://www.ikea.com/pimg/1255292_pe924486_s5.jpg?f=xxs",623600,648600.0,4.5,4.0,595.548.52,"물푸레나무는 튼튼한 하드우드 소재로 나뭇결이 아름답습니다.
패딩 처리한 시트가 앉을 때 편안함을 한층 높여줘요.
의자커버는 따로 분리하여 세탁기로 세탁할 수 있습니다.
TALLMYR 탈뮈라는 폴리에스테르와 면으로 제작된 견고한 셔닐 커버로, 표면이 부드럽고 약간 광택 있는 소재입니다.

참고
커버는 벗겨서 세탁할 수 있습니다.
실내에서만 사용하세요.
4인용.
표면 긁힘과 바닥의 의자 긁히는 소리를 방지하려면 별도 판매 제품인 FIXA 픽사 자체 접착식 바닥보호판을 함께 사용하세요.","테이블
다리 베이스: 자작나무 원목, 틴트 투명 아크릴 래커
상단 패널: 물푸레무늬목, 섬유판, 자작나무 무늬목, 자작나무 원목, 틴트 투명 아크릴 래커, 섬유판, 자작나무 합판
의자
내화 안감: 폴리에스테르충전재
패브릭/ 커버: 면 78%, 폴리에스테르 22% (100% 재활용)
다리/ 프레임 지지대: 자작나무 원목, 틴트 투명 아크릴 래커
시트 레일: 적층 무늬목, 틴트 투명 아크릴 래커
시트: 합판, 폴리우레탄 폼 35kg/cu.m., 폴리에스테르충전재, 틴트 투명 아크릴 래커
등받이: 적층 무늬목, 물푸레무늬목, 틴트 투명 아크릴 래커","가구테이블+의자4
안정성을 위하여 조립 2주 후에 나사를 점검하고 필요한 경우 다시 조여주세요.
테이블테이블+의자4
순한 세제에 적신 천으로 닦으세요.
깨끗한 천으로 물기를 닦아주세요.
탈부착커버의자
세탁기 사용 가능, 최대 40°C, 표준 코스
표백하지 마세요.
건조기에 넣지 마세요.
다림질, 최대 150°C.
드라이클리닝, 표준 코스.","의자는 가정용으로 적합 판정을 받았으며 EN 12520 및 EN 1022의 내구성과 안전성 기준에 부합하는 제품입니다.내변색성 레벨 1~8 중 레벨 5 판정을 받은 커버입니다. 업계 표준에 따르면 가정용으로는 레벨 4 이상이 적합합니다.30,000 사이클의 마모성 테스트를 완료한 패브릭입니다. 15,000 사이클 이상을 견디는 패브릭은 집에서 매일 쓰는 가구용으로 적합한 것으로 간주됩니다.",105.0,105.0,74.0,,,,"이 제품은 5 개 패키지로 구성됩니다.
LISABO 리사보 테이블 제품 번호 604.164.97 폭: 107 cm 높이: 5 cm 길이: 128 cm 무게: 21.51 kg 패키지: 1
LISABO 리사보 의자 제품 번호 505.610.41 폭: 68 cm 높이: 13 cm 길이: 83 cm 무게: 6.30 kg 패키지: 4",,4.0,dining_table_set,IKEA,white,"modern,nordic,minimal",True,medium,False,"LISABO 리사보 / LISABO 리사보 테이블+의자4, 물푸레나무/탈뮈라 화이트/블랙, 105 cm 물푸레나무는 튼튼한 하드우드 소재로 나뭇결이 아름답습니다.
패딩 처리한 시트가 앉을 때 편안함을 한층 높여줘요.
의자커버는 따로 분리하여 세탁기로 세탁할 수 있습니다.
TALLMYR 탈뮈라는 폴리에스테르와 면으로 제작된 견고한 셔닐 커버로, 표면이 부드럽고 약간 광택 있는 소재입니다.

참고
커버는 벗겨서 세탁할 수 있습니다.
실내에서만 사용하세요.
4인용.
표면 긁힘과 바닥의 의자 긁히는 소리를 방지하려면 별도 판매 제품인 FIXA 픽사 자체 접착식 바닥보호판을 함께 사용하세요. 테이블
다리 베이스: 자작나무 원목, 틴트 투명 아크릴 래커
상단 패널: 물푸레무늬목, 섬유판, 자작나무 무늬목, 자작나무 원목, 틴트 투명 아크릴 래커, 섬유판, 자작나무 합판
의자
내화 안감: 폴리에스테르충전재
패브릭/ 커버: 면 78%, 폴리에스테르 22% (100% 재활용)
다리/ 프레임 지지대: 자작나무 원목, 틴트 투명 아크릴 래커
시트 레일: 적층 무늬목, 틴트 투명 아크릴 래커
시트: 합판, 폴리우레탄 폼 35kg/cu.m., 폴리에스테르충전재, 틴트 투명 아크릴 래커
등받이: 적층 무늬목, 물푸레무늬목, 틴트 투명 아크릴 래커 가구테이블+의자4
안정성을 위하여 조립 2주 후에 나사를 점검하고 필요한 경우 다시 조여주세요.
테이블테이블+의자4
순한 세제에 적신 천으로 닦으세요.
깨끗한 천으로 물기를 닦아주세요.
탈부착커버의자
세탁기 사용 가능, 최대 40°C, 표준 코스
표백하지 마세요.
건조기에 넣지 마세요.
다림질, 최대 150°C.
드라이클리닝, 표준 코스. "
"VOXLÖV 복슬뢰브 / VOXLÖV 복슬뢰브 테이블+의자4, 대나무/대나무, 180x90 cm",https://www.ikea.com/kr/ko/p/voxloev-voxloev-table-and-4-chairs-bamboo-bamboo-s09388657/,"https://www.ikea.com/kr/ko/images/products/voxloev-voxloev-table-and-4-chairs-bamboo-bamboo__0926660_pe789444_s5.jpg?f=xxs,https://www.ikea.com/kr/ko/images/products/voxloev-voxloev-table-and-4-chairs-bamboo-bamboo__0926661_pe789443_s5.jpg?f=xxs",875000,915000.0,4.9,8.0,093.886.57,"기울어진 등받이와 넉넉한 크기의 곡선형 시트/등받이가 먹거나 글을 쓰거나 서류 작업을 하는 동안 등을 편안하게 받쳐줍니다.
수작업으로 제작한 튼튼한 페이퍼코드와 지속가능한 방식으로 생산한 내구성 좋은 대나무로 만들어 어디서 사용하든 따뜻하고 자연스러운 아름다움을 더할 수 있어요.
페이퍼코드 직조 기법은 수년 동안 가구 제작에 사용되어 왔으며, 뛰어난 강도와 앉았을 때 느껴지는 지지력과 유연함으로 잘 알려져 있습니다.
앞을 가로막는 다리가 없기 때문에 길이가 짧은 테이블 옆쪽에도 편하게 앉을 수 있어요.
매끄러운 대나무 표면은 청소와 관리가 쉽습니다.
실내에서만 사용하세요.
대나무는 천연 섬유이며 시간이 지나면 색이 변할 수도 있습니다.
표면 긁힘과 바닥의 의자 긁히는 소리를 방지하려면 별도 판매 제품인 FIXA 픽사 자체 접착식 바닥보호판을 함께 사용하세요.","식탁 상판: 파티클보드, 대나무 무늬목, 틴트 투명 아크릴 래커
식탁 하단 프레임/다리: 대나무, 접착제, 틴트 투명 아크릴 래커
의자 사이드프레임/크로스 레일: 대나무, 접착제, 틴트 투명 아크릴 래커
의자 시트/등받이: 스틸, 종이, 에폭시/폴리에스테르 파우더코팅, 투명 아크릴 래커","의자: 순한 세제에 적신 천으로 닦으세요. 깨끗한 천으로 물기를 닦아주세요. 라디에이터나 다른 화기 주위에 놓으면 말라 부식될 수도 있습니다.
식탁: 순한 세제에 적신 천으로 닦으세요. 깨끗한 천으로 물기를 닦아주세요.",의자는 가정용으로 적합 판정을 받았으며 EN 12520 및 EN 1022의 내구성과 안전성 기준에 부합하는 제품입니다.,180.0,90.0,,52.0,59.0,95.0,"이 제품은 5 개 패키지로 구성됩니다.
VOXLÖV 복슬뢰브 식탁 제품 번호 604.492.66 폭: 94 cm 높이: 7 cm 길이: 181 cm 무게: 35.39 kg 패키지: 1
VOXLÖV 복슬뢰브 의자 제품 번호 104.492.64 폭: 55 cm 높이: 11 cm 길이: 84 cm 무게: 6.71 kg 패키지: 4",식탁인증된 구매자넓은 크기에 다들 만족합니다5,4.0,dining_table_set,IKEA,unknown,"modern,nordic,minimal",True,medium,False,"VOXLÖV 복슬뢰브 / VOXLÖV 복슬뢰브 테이블+의자4, 대나무/대나무, 180x90 cm 기울어진 등받이와 넉넉한 크기의 곡선형 시트/등받이가 먹거나 글을 쓰거나 서류 작업을 하는 동안 등을 편안하게 받쳐줍니다.
수작업으로 제작한 튼튼한 페이퍼코드와 지속가능한 방식으로 생산한 내구성 좋은 대나무로 만들어 어디서 사용하든 따뜻하고 자연스러운 아름다움을 더할 수 있어요.
페이퍼코드 직조 기법은 수년 동안 가구 제작에 사용되어 왔으며, 뛰어난 강도와 앉았을 때 느껴지는 지지력과 유연함으로 잘 알려져 있습니다.
앞을 가로막는 다리가 없기 때문에 길이가 짧은 테이블 옆쪽에도 편하게 앉을 수 있어요.
매끄러운 대나무 표면은 청소와 관리가 쉽습니다.
실내에서만 사용하세요.
대나무는 천연 섬유이며 시간이 지나면 색이 변할 수도 있습니다.
표면 긁힘과 바닥의 의자 긁히는 소리를 방지하려면 별도 판매 제품인 FIXA 픽사 자체 접착식 바닥보호판을 함께 사용하세요. 식탁 상판: 파티클보드, 대나무 무늬목, 틴트 투명 아크릴 래커
식탁 하단 프레임/다리: 대나무, 접착제, 틴트 투명 아크릴 래커
의자 사이드프레임/크로스 레일: 대나무, 접착제, 틴트 투명 아크릴 래커
의자 시트/등받이: 스틸, 종이, 에폭시/폴리에스테르 파우더코팅, 투명 아크릴 래커 의자: 순한 세제에 적신 천으로 닦으세요. 깨끗한 천으로 물기를 닦아주세요. 라디에이터나 다른 화기 주위에 놓으면 말라 부식될 수도 있습니다.
식탁: 순한 세제에 적신 천으로 닦으세요. 깨끗한 천으로 물기를 닦아주세요. 식탁인증된 구매자넓은 크기에 다들 만족합니다5"
"GRÖTÅN 그뢰톤 / GRÖTÅN 그뢰톤 테이블+의자2, 소나무 브라운스테인/티블레뷔 다크베이지, 80 cm",https://www.ikea.com/kr/ko/p/groetan-groetan-table-and-2-chairs-pine-brown-stained-tibbleby-dark-beige-s09617437/,"https://www.ikea.com/kr/ko/images/products/groetan-groetan-table-and-2-chairs-pine-brown-stained-tibbleby-dark-beige__1470251_pe996846_s5.jpg?f=xxs,https://www.ikea.com/kr/ko/images/products/groetan-groetan-table-and-2-chairs-pine-brown-stained-tibbleby-dark-beige__1471382_pe997198_s5.jpg?f=xxs",213800,228800.0,5.0,1.0,096.174.37,"소나무 원목으로 만든 테이블 상판은 브러시, 스테인, 래커로 처리하여 내구성이 뛰어나면서도 소재 고유의 무늬와 색 변화가 그대로 드러납니다.

의자커버는 따로 분리하여 세탁기로 세탁할 수 있습니다.

편안하고 푹신한 시트를 사용해 느긋하게 저녁식사를 즐기거나 가족과 함께 게임을 즐기기 좋은 의자입니다.

깔끔하면서도 안정적인 금속 하부프레임 덕분에 의자가 튼튼하고 내구성이 우수하며, 커버를 씌운 시트는 따스하고 기분 좋은 느낌을 선사합니다.

원목 소재의 튼튼한 등받이는 스테인과 래커로 처리해 내구성이 우수하고 나뭇결이 그대로 드러납니다.

실내에서만 사용하세요.

커버는 벗겨서 세탁할 수 있습니다.","테이블
상판/ 상판: 소나무 원목, 스테인, 투명 아크릴 래커, 스테인, 투명래커, 스테인, 투명 아크릴 래커
하단 프레임/ 다리: 스틸, 에폭시/폴리에스테르 파우더코팅
다리받침: 폴리프로필렌 플라스틱

의자
패브릭: 폴리에스테르 100%(최소 90% 재활용)
다리 프레임/ 크로스 레일: 스틸, 에폭시/폴리에스테르 파우더코팅
시트: 폴리에스테르 100%(최소 70% 재활용), 폴리프로필렌 100%, 합판, 폴리우레탄 폼 30kg/cu.m.
등받이: 소나무 원목, 아크릴 페인트
다리받침: 폴리프로필렌 플라스틱","의자
중성세제를 희석한 물로 닦아주세요.
깨끗한 천으로 물기를 닦아주세요.
안전한 사용을 위해 필요시 나사를 다시 조여주세요.
이 의자는 가정에서 사용하기 위한 검사를 마쳤으며 EN 12520 및 EN 1022 표준에 명시된 내구성 및 안전 요구 사항을 충족합니다.

탈부착커버의자
세탁기 사용 가능, 최대 40°C, 표준 코스
표백하지 마세요.
건조기에 넣지 마세요.
다림질, 최대 150°C.
드라이클리닝, 표준 코스.","이 테이블은 가정에서 사용할 수 있도록 테스트를 거쳤으며, EN 12521 및 EN 1730 표준에 명시된 내구성 및 안정성 요건에 부합하는 제품입니다.
의자는 가정용으로 적합 판정을 받았으며 EN 12520 및 EN 1022의 내구성과 안전성 기준에 부합하는 제품입니다.
내변색성 레벨 1~8 중 레벨 5~6 판정을 받은 커버입니다. 업계 표준에 따르면 가정용으로는 레벨 4 이상이 적합합니다.
55,000 사이클의 마모성 테스트를 완료한 커버입니다. 15,000 사이클 이상이면 집에서 매일 쓰는 가구용으로 적합합니다. 30,000 사이클 이상 견디는 제품은 마모 방지 기능이 매우 탁월합니다.
이 의자는 관련된 강도 및 내구성 표준을 준수하고 테스트를 거친 제품입니다. 테스트는 일반적인 제품의 사용 횟수와 110kg인 사용자를 기준으로 실시되었습니다.",80.0,80.0,75.0,43.0,48.0,80.0,"이 제품은 3 개 패키지로 구성됩니다.

GRÖTÅN 그뢰톤 테이블 제품 번호 306.175.67 폭: 82 cm 높이: 9 cm 길이: 88 cm 무게: 11.25 kg 패키지: 1

GRÖTÅN 그뢰톤 의자 제품 번호 906.104.26 폭: 47 cm 높이: 10 cm 길이: 92 cm 무게: 5.39 kg 패키지: 2",,2.0,dining_table_set,IKEA,dark_wood,"modern,nordic,minimal",True,low,False,"GRÖTÅN 그뢰톤 / GRÖTÅN 그뢰톤 테이블+의자2, 소나무 브라운스테인/티블레뷔 다크베이지, 80 cm 소나무 원목으로 만든 테이블 상판은 브러시, 스테인, 래커로 처리하여 내구성이 뛰어나면서도 소재 고유의 무늬와 색 변화가 그대로 드러납니다.

의자커버는 따로 분리하여 세탁기로 세탁할 수 있습니다.

편안하고 푹신한 시트를 사용해 느긋하게 저녁식사를 즐기거나 가족과 함께 게임을 즐기기 좋은 의자입니다.

깔끔하면서도 안정적인 금속 하부프레임 덕분에 의자가 튼튼하고 내구성이 우수하며, 커버를 씌운 시트는 따스하고 기분 좋은 느낌을 선사합니다.

원목 소재의 튼튼한 등받이는 스테인과 래커로 처리해 내구성이 우수하고 나뭇결이 그대로 드러납니다.

실내에서만 사용하세요.

커버는 벗겨서 세탁할 수 있습니다. 테이블
상판/ 상판: 소나무 원목, 스테인, 투명 아크릴 래커, 스테인, 투명래커, 스테인, 투명 아크릴 래커
하단 프레임/ 다리: 스틸, 에폭시/폴리에스테르 파우더코팅
다리받침: 폴리프로필렌 플라스틱

의자
패브릭: 폴리에스테르 100%(최소 90% 재활용)
다리 프레임/ 크로스 레일: 스틸, 에폭시/폴리에스테르 파우더코팅
시트: 폴리에스테르 100%(최소 70% 재활용), 폴리프로필렌 100%, 합판, 폴리우레탄 폼 30kg/cu.m.
등받이: 소나무 원목, 아크릴 페인트
다리받침: 폴리프로필렌 플라스틱 의자
중성세제를 희석한 물로 닦아주세요.
깨끗한 천으로 물기를 닦아주세요.
안전한 사용을 위해 필요시 나사를 다시 조여주세요.
이 의자는 가정에서 사용하기 위한 검사를 마쳤으며 EN 12520 및 EN 1022 표준에 명시된 내구성 및 안전 요구 사항을 충족합니다.

탈부착커버의자
세탁기 사용 가능, 최대 40°C, 표준 코스
표백하지 마세요.
건조기에 넣지 마세요.
다림질, 최대 150°C.
드라이클리닝, 표준 코스. "
"NÄSINGE 네싱에 / NÄSINGE 네싱에 테이블+의자4, 다크브라운스테인 너도밤나무 무늬목/다크브라운스테인 실란다 라이트베이지, 130/190x80 cm",https://www.ikea.com/kr/ko/p/naesinge-naesinge-table-and-4-chairs-dark-brown-stained-beech-veneer-dark-brown-stained-kilanda-light-beige-s19602355/,"https://www.ikea.com/kr/ko/images/products/naesinge-naesinge-table-and-4-chairs-dark-brown-stained-beech-veneer-dark-brown-stained-kilanda-light-beige__1427892_pe980626_s5.jpg?f=xxs,https://www.ikea.com/kr/ko/images/products/naesinge-naesinge-table-and-4-chairs-dark-brown-stained-beech-veneer-dark-brown-stained-kilanda-light-beige__1445402_pe988160_s5.jpg?f=xxs",588600,618600.0,5.0,1.0,196.023.55,"실내에서만 사용하세요.
4-6인용.
확장형 보조상판 1개가 포함되어 있습니다.
커버는 벗겨서 세탁할 수 있습니다.
이 제품을 조립하려면 드라이버가 필요합니다. TRIXIG 트릭시그 공구세트15종(별도 판매)에 포함되어 있어요.","확장형테이블 상판: 파티클보드, 섬유판, 투명 아크릴 래커, 페이퍼 포일, 너도밤나무 무늬목, 스테인, 투명래커
확장판: 파티클보드, 투명 아크릴 래커, 섬유판, 페이퍼 포일, 너도밤나무 무늬목, 스테인, 투명래커
하단 프레임/ 다리: 원목, 접착제, 스테인, 투명 아크릴 래커
크로스 레일: 원목, 접착제
의자 내화 안감/ 시트 안감: 폴리에스테르충전재
패브릭/ 커버: 폴리에스테르 100%(최소 90% 재활용)
프레임: 원목, 스테인, 투명 아크릴 래커
시트: 섬유판, 폴리우레탄 폼 35kg/cu.m.","탈부착커버의자:
세탁기 사용 가능, 최대 40°C, 표준 코스
표백하지 마세요.
건조기에 넣지 마세요.
다림질, 최대 150°C.
드라이클리닝, 표준 코스.
확장형테이블:
순한 세제에 적신 천으로 닦으세요.
깨끗한 천으로 물기를 닦아주세요.
안정성을 위하여 조립 2주 후에 나사를 점검하고 필요한 경우 다시 조여주세요.","본 의자는 가정용으로 적합한지 확인하는 테스트를 마쳤으며 EN 12520, EN 1022의 안전성 및 내구성, 안정성 기준에 부합하는 제품입니다.
내변색성(색 바램을 견디는 능력) 레벨 1-8 중 레벨 6 판정을 받은 커버입니다. 업계 표준에 따르면 가정용으로는 레벨 4 이상이 적합합니다.
55,000 사이클의 마모성 테스트를 완료한 커버입니다. 15,000 사이클 이상이면 집에서 매일 쓰는 가구용으로 적합합니다. 30,000 사이클 이상 견디는 제품은 마모 방지 기능이 매우 탁월합니다.",130.0,80.0,75.0,42.0,53.0,90.0,"이 제품은 6 개 패키지로 구성됩니다.
NÄSINGE 네싱에 확장형테이블 제품 번호 505.874.99
폭: 41 cm, 높이: 7 cm, 길이: 81 cm, 무게: 8.15 kg, 패키지: 1
폭: 83 cm, 높이: 6 cm, 길이: 135 cm, 무게: 26.55 kg, 패키지: 1
NÄSINGE 네싱에 의자 제품 번호 205.875.04
폭: 45 cm, 높이: 12 cm, 길이: 92 cm, 무게: 6.85 kg, 패키지: 4",,4.0,dining_table_set,IKEA,light_wood,"modern,nordic,minimal",True,medium,True,"NÄSINGE 네싱에 / NÄSINGE 네싱에 테이블+의자4, 다크브라운스테인 너도밤나무 무늬목/다크브라운스테인 실란다 라이트베이지, 130/190x80 cm 실내에서만 사용하세요.
4-6인용.
확장형 보조상판 1개가 포함되어 있습니다.
커버는 벗겨서 세탁할 수 있습니다.
이 제품을 조립하려면 드라이버가 필요합니다. TRIXIG 트릭시그 공구세트15종(별도 판매)에 포함되어 있어요. 확장형테이블 상판: 파티클보드, 섬유판, 투명 아크릴 래커, 페이퍼 포일, 너도밤나무 무늬목, 스테인, 투명래커
확장판: 파티클보드, 투명 아크릴 래커, 섬유판, 페이퍼 포일, 너도밤나무 무늬목, 스테인, 투명래커
하단 프레임/ 다리: 원목, 접착제, 스테인, 투명 아크릴 래커
크로스 레일: 원목, 접착제
의자 내화 안감/ 시트 안감: 폴리에스테르충전재
패브릭/ 커버: 폴리에스테르 100%(최소 90% 재활용)
프레임: 원목, 스테인, 투명 아크릴 래커
시트: 섬유판, 폴리우레탄 폼 35kg/cu.m. 탈부착커버의자:
세탁기 사용 가능, 최대 40°C, 표준 코스
표백하지 마세요.
건조기에 넣지 마세요.
다림질, 최대 150°C.
드라이클리닝, 표준 코스.
확장형테이블:
순한 세제에 적신 천으로 닦으세요.
깨끗한 천으로 물기를 닦아주세요.
안정성을 위하여 조립 2주 후에 나사를 점검하고 필요한 경우 다시 조여주세요. "
"SKOGSTA 스콕스타 / SKOGSTA 스콕스타 테이블+의자6, 아카시아나무/블랙, 235 cm",https://www.ikea.com/kr/ko/p/skogsta-skogsta-table-and-6-chairs-acacia-black-s89545125/,"https://www.ikea.com/pimg/1240711_pe919456_s5.jpg?f=xxs,https://www.ikea.com/pimg/1240710_pe919457_s5.jpg?f=xxs",1108400,1178400.0,4.7,15.0,895.451.25,"테이블과 의자마다 원목 특유의 서로 다른 나뭇결과 자연스러운 색감을 고스란히 담고 있어 독특한 매력을 느낄 수 있어요.
경목 원목은 내구성이 뛰어나 튼튼하며 오랫동안 과도한 사용에도 잘 견딜 수 있습니다.
아카시아는 짙은 브라운 색상과 아름다운 나뭇결을 지닌 목재입니다. 내구성이 우수하며 흠집이 잘 생기지 않고 습기에 강하여 자주 사용하는 가구에 사용하기 좋습니다. 시간이 지나면 조금 더 짙어집니다.
실내에서만 사용하세요.
6-8인용.
아카시아는 나뭇결이 살아있고 시간이 흐를수록 갈색이 더 진해집니다.
바닥이 긁히는 것을 방지하려면 별도 판매되는 TRIXIG 트릭시그 바닥보호스티커를 사용하세요.","식탁 상판: 아카시아나무 원목, 투명 아크릴 래커, 투명래커
다리/ 레일: 아카시아나무 원목, 아크릴 페인트
브래킷: 스틸, 아연도금
의자 다리/ 다리 레일/ 뒷축/레일: 아카시아나무 원목, 스테인, 틴트 투명 아크릴 래커
다리 프레임/ 시트/ 등받이: 아카시아나무 원목, 접착제, 스테인, 틴트 투명 아크릴 래커","의자: 안정성을 위하여 조립 2주 후에 나사를 점검하고 필요한 경우 다시 조여주세요.
테이블+의자6: 젖은 천으로 닦아주세요. 깨끗한 천으로 물기를 닦아주세요. 가벼운 얼룩은 물 또는 중성세제에 적신 스펀지로 지워주세요.
의자 테이블+의자6: 중성세제를 희석한 물로 닦아주세요. 깨끗한 천으로 물기를 닦아주세요.","의자는 가정용으로 적합 판정을 받았으며 EN 12520 및 EN 1022의 내구성과 안전성 기준에 부합하는 제품입니다. 가정 외 일반적인 공공장소에서 사용할 수 있도록 테스트를 거쳤으며 EN 15372 및 ANSI/BIFMA X:5.5의 안전성 및 내구성, 안정성 기준에 부합하는 테이블입니다. 이 의자는 가정용으로 적합 판정을 받았으며 EN 12520 및 EN 1022의 내구성과 안전성 기준에 부합하는 제품입니다.",235.0,100.0,73.0,46.0,55.0,94.0,"이 제품은 9 개 패키지로 구성됩니다.
SKOGSTA 스콕스타 식탁 제품 번호 404.192.65
폭: 53 cm 높이: 5 cm 길이: 239 cm 무게: 30.20 kg 패키지: 1
폭: 53 cm 높이: 5 cm 길이: 239 cm 무게: 30.20 kg 패키지: 1
폭: 22 cm 높이: 13 cm 길이: 220 cm 무게: 26.82 kg 패키지: 1
SKOGSTA 스콕스타 의자 제품 번호 305.448.73
폭: 46 cm 높이: 44 cm 길이: 63 cm 무게: 5.90 kg 패키지: 6",,6.0,dining_table_set,IKEA,black,"modern,nordic,minimal",True,low,False,"SKOGSTA 스콕스타 / SKOGSTA 스콕스타 테이블+의자6, 아카시아나무/블랙, 235 cm 테이블과 의자마다 원목 특유의 서로 다른 나뭇결과 자연스러운 색감을 고스란히 담고 있어 독특한 매력을 느낄 수 있어요.
경목 원목은 내구성이 뛰어나 튼튼하며 오랫동안 과도한 사용에도 잘 견딜 수 있습니다.
아카시아는 짙은 브라운 색상과 아름다운 나뭇결을 지닌 목재입니다. 내구성이 우수하며 흠집이 잘 생기지 않고 습기에 강하여 자주 사용하는 가구에 사용하기 좋습니다. 시간이 지나면 조금 더 짙어집니다.
실내에서만 사용하세요.
6-8인용.
아카시아는 나뭇결이 살아있고 시간이 흐를수록 갈색이 더 진해집니다.
바닥이 긁히는 것을 방지하려면 별도 판매되는 TRIXIG 트릭시그 바닥보호스티커를 사용하세요. 식탁 상판: 아카시아나무 원목, 투명 아크릴 래커, 투명래커
다리/ 레일: 아카시아나무 원목, 아크릴 페인트
브래킷: 스틸, 아연도금
의자 다리/ 다리 레일/ 뒷축/레일: 아카시아나무 원목, 스테인, 틴트 투명 아크릴 래커
다리 프레임/ 시트/ 등받이: 아카시아나무 원목, 접착제, 스테인, 틴트 투명 아크릴 래커 의자: 안정성을 위하여 조립 2주 후에 나사를 점검하고 필요한 경우 다시 조여주세요.
테이블+의자6: 젖은 천으로 닦아주세요. 깨끗한 천으로 물기를 닦아주세요. 가벼운 얼룩은 물 또는 중성세제에 적신 스펀지로 지워주세요.
의자 테이블+의자6: 중성세제를 희석한 물로 닦아주세요. 깨끗한 천으로 물기를 닦아주세요. "
"TONSTAD 톤스타드 / KRYLBO 크륄보 테이블+의자6, 참나무무늬목/토네루드 다크베이지, 200x85 cm",https://www.ikea.com/kr/ko/p/tonstad-krylbo-table-and-6-chairs-oak-veneer-tonerud-dark-beige-s39602236/,"https://www.ikea.com/pimg/1426696_pe979919_s5.jpg?f=xxs,https://www.ikea.com/pimg/1434297_pe983427_s5.jpg?f=xxs",928400,978400.0,5.0,1.0,396.022.36,"견고한 목재 다리와 천연 목재 무늬목 표면으로 이루어진 안정적인 구조, 얼룩과 마모를 방지하기 위해 여러 겹으로 스테인 및 래커 처리하여 걱정 없이 매 순간을 즐길 수 있어요.

테이블마다 나무 특유의 다양한 나뭇결과 자연스러운 색감을 고스란히 담고 있어 독특한 매력을 느낄 수 있어요.

근사한 모습으로 편안하게 식사하세요. 이 폭신한 의자는 오랜 식사는 물론 가족, 친구와 소중한 시간을 보내거나 휴식할 때 사용하기에 안성맞춤입니다.

펠트 느낌과 투톤 멜란지 효과를 더한 부드러운 폴리에스테르 패브릭인 Tonerud 토네루드로 만든 커버예요.

커버식 의자 시트는 체중을 분산시키고 골조에 미치는 압력을 줄여줍니다.

메탈 하부프레임 덕분에 의자가 잘 움직이지 않아요.

실내에서만 사용하세요.

6인용.

이 테이블을 조립하려면 비트 드라이버가 필요합니다. TRIXIG 트릭시그 공구세트15종(별도 판매)에 포함되어 있어요.

바닥이 긁히는 것을 방지하려면 별도 판매되는 TRIXIG 트릭시그 바닥보호스티커를 사용하세요.","테이블
상단 패널: 파티클보드, 페이퍼 포일, 페이퍼 에징, 참나무 무늬목, 투명 아크릴 래커
레일,옆/ 다리: 원목, 접착제, 참나무 무늬목, 투명 아크릴 래커
의자
패브릭: 폴리에스테르 100% (100% 재활용)
시트: 폴리에스테르 100 %, 폴리우레탄 폼 25kg/cu.m., 적층 무늬목
등받이: 폴리에틸렌 플라스틱, 폴리우레탄 폼 25kg/cu.m.
프레임: 스틸, 에폭시/폴리에스테르 파우더코팅","테이블
순한 세제에 적신 천으로 닦으세요.
깨끗한 천으로 물기를 닦아주세요.
안정성을 위하여 조립 2주 후에 나사를 점검하고 필요한 경우 다시 조여주세요.
고정커버의자
세탁하지 마세요.
표백하지 마세요.
건조기에 넣지 마세요.
다림질하지 마세요.
드라이클리닝하지 마세요.
진공청소기를 사용하세요.
젖은 천으로 닦아주세요.",,200.0,85.0,75.0,55.0,51.0,75.0,"이 제품은 8 개 패키지로 구성됩니다.
TONSTAD 톤스타드 테이블 제품 번호 805.940.59
폭: 30 cm 높이: 6 cm 길이: 197 cm 무게: 14.20 kg 패키지: 1
폭: 89 cm 높이: 3 cm 길이: 205 cm 무게: 22.82 kg 패키지: 1
KRYLBO 크륄보 의자 제품 번호 805.667.49
폭: 50 cm 높이: 25 cm 길이: 56 cm 무게: 8.40 kg 패키지: 6",,6.0,dining_table_set,IKEA,dark_wood,"modern,nordic,minimal",False,medium,True,"TONSTAD 톤스타드 / KRYLBO 크륄보 테이블+의자6, 참나무무늬목/토네루드 다크베이지, 200x85 cm 견고한 목재 다리와 천연 목재 무늬목 표면으로 이루어진 안정적인 구조, 얼룩과 마모를 방지하기 위해 여러 겹으로 스테인 및 래커 처리하여 걱정 없이 매 순간을 즐길 수 있어요.

테이블마다 나무 특유의 다양한 나뭇결과 자연스러운 색감을 고스란히 담고 있어 독특한 매력을 느낄 수 있어요.

근사한 모습으로 편안하게 식사하세요. 이 폭신한 의자는 오랜 식사는 물론 가족, 친구와 소중한 시간을 보내거나 휴식할 때 사용하기에 안성맞춤입니다.

펠트 느낌과 투톤 멜란지 효과를 더한 부드러운 폴리에스테르 패브릭인 Tonerud 토네루드로 만든 커버예요.

커버식 의자 시트는 체중을 분산시키고 골조에 미치는 압력을 줄여줍니다.

메탈 하부프레임 덕분에 의자가 잘 움직이지 않아요.

실내에서만 사용하세요.

6인용.

이 테이블을 조립하려면 비트 드라이버가 필요합니다. TRIXIG 트릭시그 공구세트15종(별도 판매)에 포함되어 있어요.

바닥이 긁히는 것을 방지하려면 별도 판매되는 TRIXIG 트릭시그 바닥보호스티커를 사용하세요. 테이블
상단 패널: 파티클보드, 페이퍼 포일, 페이퍼 에징, 참나무 무늬목, 투명 아크릴 래커
레일,옆/ 다리: 원목, 접착제, 참나무 무늬목, 투명 아크릴 래커
의자
패브릭: 폴리에스테르 100% (100% 재활용)
시트: 폴리에스테르 100 %, 폴리우레탄 폼 25kg/cu.m., 적층 무늬목
등받이: 폴리에틸렌 플라스틱, 폴리우레탄 폼 25kg/cu.m.
프레임: 스틸, 에폭시/폴리에스테르 파우더코팅 테이블
순한 세제에 적신 천으로 닦으세요.
깨끗한 천으로 물기를 닦아주세요.
안정성을 위하여 조립 2주 후에 나사를 점검하고 필요한 경우 다시 조여주세요.
고정커버의자
세탁하지 마세요.
표백하지 마세요.
건조기에 넣지 마세요.
다림질하지 마세요.
드라이클리닝하지 마세요.
진공청소기를 사용하세요.
젖은 천으로 닦아주세요. "
"PINNTORP 핀토르프 / PINNTORP 핀토르프 테이블+의자2, 라이트 스테인 브라운 화이트스테인/카토르프 라이트 스테인 브라운, 67/124 cm",https://www.ikea.com/kr/ko/p/pinntorp-pinntorp-table-and-2-chairs-light-brown-stained-white-stained-katorp-light-brown-stained-s59484449/,"https://www.ikea.com/kr/ko/images/products/pinntorp-pinntorp-table-and-2-chairs-light-brown-stained-white-stained-katorp-light-brown-stained__1118116_pe872937_s5.jpg?f=xxs,https://www.ikea.com/kr/ko/images/products/pinntorp-pinntorp-table-and-2-chairs-light-brown-stained-white-stained-katorp-light-brown-stained__1118117_pe872939_s5.jpg?f=xxs",298800,318800.0,4.7,27.0,594.844.49,"이 드롭리프 테이블은 2~4인용입니다. 필요에 따라 크기를 쉽게 조정할 수 있으므로 좁은 공간에 유용한 옵션입니다.

접이식상판은 자동으로 제자리에 고정됩니다. 간단히 당기면 안전잠금장치가 풀립니다.

견고하고 오래 사용할 수 있는 원목으로 만든 의자프레임이에요.

시트에 패딩처리를 하여 보다 편안한 사용감을 선사합니다.

팔걸이가 없어 의자를 테이블 아래로 쏙 밀어 넣으면 바닥 공간을 차지하지 않습니다.

실내에서만 사용하세요.

지역사회의 규칙에 따라 재활용 또는 에너지 회수를 위해 분리 배출할 수 있습니다.","게이트레그 테이블 상판: 소나무 원목, 접착제, 스테인, 투명 아크릴 래커, 투명래커
접이식 상판: 소나무 원목, 접착제, 스테인, 투명 아크릴 래커, 스테인, 투명래커
홀더: 자작나무 원목, 스테인, 투명래커
하단 프레임: 소나무 원목, 접착제, 스테인, 투명 아크릴 래커
의자 패브릭/ 커버: 면 80%, 리넨 20%
다리/ 프레임: 소나무 원목, 스테인, 투명 아크릴 래커
시트: 섬유판, 폴리우레탄 폼 35kg/cu.m., 폴리에스테르충전재
내화 안감: 폴리에스테르충전재","탈부착커버의자: 세탁기 사용 가능, 최대 40°C, 표준 코스. 표백하지 마세요. 건조기에 넣지 마세요. 다림질, 최대 150°C.
탈부착커버테이블+의자2: 드라이클리닝하지 마세요.
프레임테이블+의자2: 안전한 사용을 위해 필요시 나사를 다시 조여주세요.","의자는 가정용으로 적합 판정을 받았으며 EN 12520 및 EN 1022의 내구성과 안전성 기준에 부합하는 제품입니다. 40,000 사이클의 마모성 테스트를 완료한 커버입니다. 15,000 사이클 이상을 견디는 제품은 집에서 매일 사용하는 가구용으로 적합합니다. 30,000 사이클 이상 견디는 제품은 마모 방지 기능이 매우 탁월합니다. 내변색성 레벨 1~8 중 레벨 5~6 판정을 받은 커버입니다. 업계 표준에 따르면 가정용으로는 레벨 4 이상이 적합합니다.",124.0,67.0,75.0,49.0,59.0,95.0,"이 제품은 3 개 패키지로 구성됩니다.

PINNTORP 핀토르프 게이트레그 테이블 제품 번호 905.294.69 폭: 71 cm 높이: 11 cm 길이: 80 cm 무게: 18.91 kg 패키지: 1

PINNTORP 핀토르프 의자 제품 번호 005.294.83 폭: 49 cm 높이: 13 cm 길이: 91 cm 무게: 4.70 kg 패키지: 2","좁은거실에 제격.인증된 구매자접엇다 폈다 하는게 맘에들었음. 조립식이지만 내구성도 있어 보였음. 하지만 상판은 좀 거칠은 감이 있어 식탁보 같은걸 사용해야 할 것 같음.5
활용도가 좋습니다인증된 구매자장모님께 사드렸는데 조립하는데는 40분 정도 걸렸고 내구성이 아주 좋네요. 추천합니다5",2.0,dining_table_set,IKEA,white,"modern,nordic,minimal",True,medium,False,"PINNTORP 핀토르프 / PINNTORP 핀토르프 테이블+의자2, 라이트 스테인 브라운 화이트스테인/카토르프 라이트 스테인 브라운, 67/124 cm 이 드롭리프 테이블은 2~4인용입니다. 필요에 따라 크기를 쉽게 조정할 수 있으므로 좁은 공간에 유용한 옵션입니다.

접이식상판은 자동으로 제자리에 고정됩니다. 간단히 당기면 안전잠금장치가 풀립니다.

견고하고 오래 사용할 수 있는 원목으로 만든 의자프레임이에요.

시트에 패딩처리를 하여 보다 편안한 사용감을 선사합니다.

팔걸이가 없어 의자를 테이블 아래로 쏙 밀어 넣으면 바닥 공간을 차지하지 않습니다.

실내에서만 사용하세요.

지역사회의 규칙에 따라 재활용 또는 에너지 회수를 위해 분리 배출할 수 있습니다. 게이트레그 테이블 상판: 소나무 원목, 접착제, 스테인, 투명 아크릴 래커, 투명래커
접이식 상판: 소나무 원목, 접착제, 스테인, 투명 아크릴 래커, 스테인, 투명래커
홀더: 자작나무 원목, 스테인, 투명래커
하단 프레임: 소나무 원목, 접착제, 스테인, 투명 아크릴 래커
의자 패브릭/ 커버: 면 80%, 리넨 20%
다리/ 프레임: 소나무 원목, 스테인, 투명 아크릴 래커
시트: 섬유판, 폴리우레탄 폼 35kg/cu.m., 폴리에스테르충전재
내화 안감: 폴리에스테르충전재 탈부착커버의자: 세탁기 사용 가능, 최대 40°C, 표준 코스. 표백하지 마세요. 건조기에 넣지 마세요. 다림질, 최대 150°C.
탈부착커버테이블+의자2: 드라이클리닝하지 마세요.
프레임테이블+의자2: 안전한 사용을 위해 필요시 나사를 다시 조여주세요. 좁은거실에 제격.인증된 구매자접엇다 폈다 하는게 맘에들었음. 조립식이지만 내구성도 있어 보였음. 하지만 상판은 좀 거칠은 감이 있어 식탁보 같은걸 사용해야 할 것 같음.5
활용도가 좋습니다인증된 구매자장모님께 사드렸는데 조립하는데는 40분 정도 걸렸고 내구성이 아주 좋네요. 추천합니다5"
"NÄMMARÖ 넴마뢰 / ENSHOLM 엔스홀름 테이블+의자2, 실외용 라이트 스테인 브라운/그린, 75 cm",https://www.ikea.com/kr/ko/p/naemmaroe-ensholm-table-and-2-chairs-outdoor-light-brown-stained-green-s39544741/,"https://www.ikea.com/kr/ko/images/products/naemmaroe-ensholm-table-and-2-chairs-outdoor-light-brown-stained-green__1240189_pe919213_s5.jpg?f=xxs,https://www.ikea.com/kr/ko/images/products/naemmaroe-ensholm-table-and-2-chairs-outdoor-light-brown-stained-green__1240188_pe919194_s5.jpg?f=xxs",175700,,4.9,74.0,395.447.41,"통기성이 뛰어난 패브릭으로 만들어 몸의 형태와 체온에 맞춰지는 ENSHOLM 엔스홀름 의자에 편안하게 앉아 휴식을 취하세요.

의자 무게가 가벼워서 사용하지 않을 때는 손쉽게 쌓아 공간을 절약할 수 있어요.

실외용으로만 사용할 것을 권장합니다.

본 제품의 소재는 재활용이 가능합니다. 해당 지역의 재활용 규정을 확인하고 재활용 관련시설에 문의하세요.

사용하지 않을 때는 비, 햇빛, 먼지, 오염, 꽃가루, 눈으로부터 야외용 가구를 보호해주세요.

NÄMMARÖ 넴마뢰 시리즈의 다른 야외용 가구들과 함께 사용할 수 있습니다.","야외테이블: 아카시아나무 원목, 아크릴 스테인
의자 다리 프레임/ 등받이 프레임/ 시트 프레임: 스틸, 폴리에스테르 파우더코팅
등받이 커버/ 시트 커버/ 패브릭: 폴리에스테르 100%(최소 90% 재활용)","야외테이블: 야외가구의 수명을 늘리고 싶다면 주기적으로 깨끗하게 닦아주고 불필요하게 야외에 방치해두지 않는 게 좋습니다.

보관: 가능하면 서늘하고 건조한 실내에 보관하세요. 야외에 보관할 때는 방수커버를 씌워주세요. 눈이나 비가 내린 후에는 물기나 얼음을 제거해주는 게 좋습니다. 응결을 예방하려면 통기가 가능하도록 해주세요.",,75.0,63.0,75.0,,,,"이 제품은 3 개 패키지로 구성됩니다.

NÄMMARÖ 넴마뢰 야외테이블 제품 번호 005.112.04
폭: 66 cm
높이: 8 cm
길이: 78 cm
무게: 10.12 kg
패키지: 1

ENSHOLM 엔스홀름 의자 제품 번호 805.632.94
폭: 57 cm
높이: 9 cm
길이: 68 cm
무게: 4.13 kg
패키지: 2",,2.0,dining_table_set,IKEA,light_wood,"modern,nordic,minimal",False,medium,False,"NÄMMARÖ 넴마뢰 / ENSHOLM 엔스홀름 테이블+의자2, 실외용 라이트 스테인 브라운/그린, 75 cm 통기성이 뛰어난 패브릭으로 만들어 몸의 형태와 체온에 맞춰지는 ENSHOLM 엔스홀름 의자에 편안하게 앉아 휴식을 취하세요.

의자 무게가 가벼워서 사용하지 않을 때는 손쉽게 쌓아 공간을 절약할 수 있어요.

실외용으로만 사용할 것을 권장합니다.

본 제품의 소재는 재활용이 가능합니다. 해당 지역의 재활용 규정을 확인하고 재활용 관련시설에 문의하세요.

사용하지 않을 때는 비, 햇빛, 먼지, 오염, 꽃가루, 눈으로부터 야외용 가구를 보호해주세요.

NÄMMARÖ 넴마뢰 시리즈의 다른 야외용 가구들과 함께 사용할 수 있습니다. 야외테이블: 아카시아나무 원목, 아크릴 스테인
의자 다리 프레임/ 등받이 프레임/ 시트 프레임: 스틸, 폴리에스테르 파우더코팅
등받이 커버/ 시트 커버/ 패브릭: 폴리에스테르 100%(최소 90% 재활용) 야외테이블: 야외가구의 수명을 늘리고 싶다면 주기적으로 깨끗하게 닦아주고 불필요하게 야외에 방치해두지 않는 게 좋습니다.

보관: 가능하면 서늘하고 건조한 실내에 보관하세요. 야외에 보관할 때는 방수커버를 씌워주세요. 눈이나 비가 내린 후에는 물기나 얼음을 제거해주는 게 좋습니다. 응결을 예방하려면 통기가 가능하도록 해주세요. "
"SKOGSTA 스콕스타 / SKOGSTA 스콕스타 테이블+의자6, 아카시아나무/아카시아나무, 235 cm",https://www.ikea.com/kr/ko/p/skogsta-skogsta-table-and-6-chairs-acacia-acacia-s59612630/,https://www.ikea.com/kr/ko/images/products/skogsta-skogsta-table-and-6-chairs-acacia-acacia__1448938_pe989689_s5.jpg?f=xxs,1108400,1178400.0,0.0,0.0,596.126.30,,"테이블
상판/ 다리/ 레일: 아카시아나무 원목, 투명 아크릴 래커
브래킷: 스틸, 아연도금
의자
다리/ 다리 레일/ 뒷축/레일: 아카시아나무 원목, 투명 아크릴 래커
다리 프레임/ 시트/ 등받이: 아카시아나무 원목, 접착제, 투명 아크릴 래커",,,235.0,100.0,73.0,46.0,55.0,94.0,"이 제품은 9 개 패키지로 구성됩니다.
SKOGSTA 스콕스타 테이블 제품 번호 806.118.79
폭: 53 cm 높이: 5 cm 길이: 238 cm 무게: 30.20 kg 패키지: 1
폭: 53 cm 높이: 5 cm 길이: 238 cm 무게: 30.20 kg 패키지: 1
폭: 22 cm 높이: 13 cm 길이: 217 cm 무게: 26.82 kg 패키지: 1
SKOGSTA 스콕스타 의자 제품 번호 705.448.71
폭: 46 cm 높이: 44 cm 길이: 63 cm 무게: 5.90 kg 패키지: 6",,6.0,dining_table_set,IKEA,unknown,"modern,nordic,minimal",False,medium,False,"SKOGSTA 스콕스타 / SKOGSTA 스콕스타 테이블+의자6, 아카시아나무/아카시아나무, 235 cm  테이블
상판/ 다리/ 레일: 아카시아나무 원목, 투명 아크릴 래커
브래킷: 스틸, 아연도금
의자
다리/ 다리 레일/ 뒷축/레일: 아카시아나무 원목, 투명 아크릴 래커
다리 프레임/ 시트/ 등받이: 아카시아나무 원목, 접착제, 투명 아크릴 래커  "
"ÅLHULT 올훌트 / ODGER 오드게르 테이블+의자4, 블랙/브라운/레드, 120x80 cm",https://www.ikea.com/kr/ko/p/alhult-odger-table-and-4-chairs-black-brown-red-s99611577/,"https://www.ikea.com/pimg/1438992_pe985039_s5.jpg?f=xxs,https://www.ikea.com/pimg/1447061_pe988932_s5.jpg?f=xxs",578600,598600.0,0.0,0.0,996.115.77,"ÅLHULT 올훌트 테이블은 물푸레무늬목 표면에 목재의 자연미를 보호하고 쉽게 관리할 수 있도록 약간의 색조를 넣어 투명 래커 처리했습니다.

물푸레나무 무늬목의 나뭇결이 각각 달라서 테이블마다 조금씩 다른 개성을 느낄 수 있습니다.

목재 섬유/플라스틱 합성 소재로 만든 의자의 매트한 표면은 부드러워서 자꾸 만지고 싶은 질감이에요.

따로 공구가 없어도 부품을 끼우기만 하면 간편하게 조립할 수 있습니다.","테이블 상판: 파티클보드, 물푸레무늬목, 스테인, 틴트 투명 아크릴 래커, 페이퍼 포일, 물푸레무늬목, 스테인, 틴트 투명래커
하단 프레임: 원목, 접착제, 물푸레무늬목, 스테인, 틴트 투명 아크릴 래커
다리: 파티클보드, 물푸레무늬목, 스테인, 틴트 투명 아크릴 래커
의자 등받이 일체형 시트/ 다리 프레임: 합성목재
손잡이: 폴리프로필렌 플라스틱
다리받침: 열가소성 엘라스토머",,,120.0,80.0,74.0,45.0,51.0,81.0,"이 제품은 6 개 패키지로 구성됩니다.

ÅLHULT 올훌트 테이블 제품 번호 206.007.94
이 제품은 여러 개의 패키지로 포장되어 있습니다.
폭: 83 cm
높이: 5 cm
길이: 125 cm
무게: 15.40 kg
패키지: 1

폭: 38 cm
높이: 7 cm
길이: 83 cm
무게: 7.15 kg
패키지: 1

ODGER 오드게르 의자 제품 번호 505.165.53
폭: 50 cm
높이: 49 cm
길이: 55 cm
무게: 6.53 kg
패키지: 4",,4.0,dining_table_set,IKEA,black,"modern,nordic,minimal",False,medium,True,"ÅLHULT 올훌트 / ODGER 오드게르 테이블+의자4, 블랙/브라운/레드, 120x80 cm ÅLHULT 올훌트 테이블은 물푸레무늬목 표면에 목재의 자연미를 보호하고 쉽게 관리할 수 있도록 약간의 색조를 넣어 투명 래커 처리했습니다.

물푸레나무 무늬목의 나뭇결이 각각 달라서 테이블마다 조금씩 다른 개성을 느낄 수 있습니다.

목재 섬유/플라스틱 합성 소재로 만든 의자의 매트한 표면은 부드러워서 자꾸 만지고 싶은 질감이에요.

따로 공구가 없어도 부품을 끼우기만 하면 간편하게 조립할 수 있습니다. 테이블 상판: 파티클보드, 물푸레무늬목, 스테인, 틴트 투명 아크릴 래커, 페이퍼 포일, 물푸레무늬목, 스테인, 틴트 투명래커
하단 프레임: 원목, 접착제, 물푸레무늬목, 스테인, 틴트 투명 아크릴 래커
다리: 파티클보드, 물푸레무늬목, 스테인, 틴트 투명 아크릴 래커
의자 등받이 일체형 시트/ 다리 프레임: 합성목재
손잡이: 폴리프로필렌 플라스틱
다리받침: 열가소성 엘라스토머  "
"SANDSBERG 산스베리 테이블+의자4, 블랙 블랙/블랙, 110x67 cm",https://www.ikea.com/kr/ko/p/sandsberg-table-and-4-chairs-black-black-black-s49608799/,"https://www.ikea.com/kr/ko/images/products/sandsberg-table-and-4-chairs-black-black-black__1460475_pe993939_s5.jpg?f=xxs,https://www.ikea.com/kr/ko/images/products/sandsberg-table-and-4-chairs-black-black-black__1460474_pe993940_s5.jpg?f=xxs",140000,,4.7,16.0,496.087.99,"견고한 메탈 테이블 프레임과 내구성이 좋고 매끄러운 멜라민 테이블 상판으로 이루어졌어요.

파우더 코팅 스틸과 플라스틱으로 만든 가벼운 의자는 이동하기 쉬우며 쓱 닦아서 청소할 수 있어요.

최대 6개까지 쌓아 놓을 수 있어서 편하게 보관할 수 있습니다.

실내에서만 사용하세요.","테이블상판: 파티클보드, 멜라민포일, 플라스틱 테두리, 플라스틱 테두리
테이블상판하부프레임 하단 프레임/ 다리: 스틸, 에폭시/폴리에스테르 파우더코팅
다리받침: 폴리프로필렌 플라스틱
의자 다리 프레임/ 크로스 레일: 스틸, 에폭시/폴리에스테르 파우더코팅
시트/ 등받이: 폴리프로필렌(재활용소재 최소 50%)
보호대: 열가소성 엘라스토머","의자테이블+의자4: 깨끗한 천으로 물기를 닦아주세요. 중성세제를 희석한 물로 닦아주세요.
테이블테이블+의자4: 순한 세제에 적신 천으로 닦으세요. 깨끗한 천으로 물기를 닦아주세요.
테이블상판하부프레임/의자: 안전한 사용을 위해 필요시 나사를 다시 조여주세요.",,110.0,67.0,75.0,39.0,47.0,77.0,"이 제품은 6 개 패키지로 구성됩니다.

SANDSBERG 산스베리 테이블상판 제품 번호 004.129.87
폭: 72 cm
높이: 2 cm
길이: 116 cm
무게: 9.00 kg
패키지: 1

SANDSBERG 산스베리 테이블상판하부프레임 제품 번호 705.054.12
폭: 16 cm
높이: 6 cm
길이: 107 cm
무게: 6.31 kg
패키지: 1

SANDSBERG 산스베리 의자 제품 번호 806.054.30
폭: 49 cm
높이: 8 cm
길이: 76 cm
무게: 2.53 kg
패키지: 4",,4.0,dining_table_set,IKEA,black,"modern,nordic,minimal",False,low,False,"SANDSBERG 산스베리 테이블+의자4, 블랙 블랙/블랙, 110x67 cm 견고한 메탈 테이블 프레임과 내구성이 좋고 매끄러운 멜라민 테이블 상판으로 이루어졌어요.

파우더 코팅 스틸과 플라스틱으로 만든 가벼운 의자는 이동하기 쉬우며 쓱 닦아서 청소할 수 있어요.

최대 6개까지 쌓아 놓을 수 있어서 편하게 보관할 수 있습니다.

실내에서만 사용하세요. 테이블상판: 파티클보드, 멜라민포일, 플라스틱 테두리, 플라스틱 테두리
테이블상판하부프레임 하단 프레임/ 다리: 스틸, 에폭시/폴리에스테르 파우더코팅
다리받침: 폴리프로필렌 플라스틱
의자 다리 프레임/ 크로스 레일: 스틸, 에폭시/폴리에스테르 파우더코팅
시트/ 등받이: 폴리프로필렌(재활용소재 최소 50%)
보호대: 열가소성 엘라스토머 의자테이블+의자4: 깨끗한 천으로 물기를 닦아주세요. 중성세제를 희석한 물로 닦아주세요.
테이블테이블+의자4: 순한 세제에 적신 천으로 닦으세요. 깨끗한 천으로 물기를 닦아주세요.
테이블상판하부프레임/의자: 안전한 사용을 위해 필요시 나사를 다시 조여주세요. "
"LISABO 리사보 / LISABO 리사보 테이블+의자4, 물푸레무늬목/물푸레나무, 140x78 cm",https://www.ikea.com/kr/ko/p/lisabo-lisabo-table-and-4-chairs-ash-veneer-ash-s29385530/,"https://www.ikea.com/kr/ko/images/products/lisabo-lisabo-table-and-4-chairs-ash-veneer-ash__0921113_pe787668_s5.jpg?f=xxs,https://www.ikea.com/kr/ko/images/products/lisabo-lisabo-table-and-4-chairs-ash-veneer-ash__1470751_pe996928_s5.jpg?f=xxs",543600,568600.0,4.8,59.0,293.855.30,"자연스러운 나뭇결이 살아있어서 테이블과 나무마다 독특한 개성이 느껴집니다.
물푸레나무 무늬목 상판과 자작나무 원목 다리가 자연스럽고 따뜻한 느낌을 줍니다.
넉넉한 크기의 시트와 몸을 잘 받쳐주는 높은 등받이 덕분에 편안하게 앉을 수 있어요.
테이블에서 할 수 있는 모든 활동에 알맞은 튼튼한 의자예요.
더 부드럽게 앉고 싶거나 방에 개성을 더하려면 근사한 의자패드를 깔아보세요. 다양한 색상 중에서 선택할 수 있습니다.
물푸레나무는 튼튼한 하드우드 소재로 나뭇결이 아름답습니다.

참고
실내에서만 사용하세요.
4인용.","테이블
상단 패널: 물푸레무늬목, 자작나무 무늬목, 자작나무 원목, 자작나무 합판, 파티클보드, 틴트 투명 아크릴 래커, 섬유판
다리 베이스: 자작나무 원목, 틴트 투명 아크릴 래커
의자
다리/ 프레임 지지대: 자작나무 원목, 틴트 투명 아크릴 래커
시트 레일: 적층 무늬목, 틴트 투명 아크릴 래커
시트/ 등받이: 적층 무늬목, 물푸레무늬목, 틴트 투명 아크릴 래커","테이블
순한 세제에 적신 천으로 닦으세요.
깨끗한 천으로 물기를 닦아주세요.
의자
깨끗한 천으로 물기를 닦아주세요.
안정성을 위하여 조립 2주 후에 나사를 점검하고 필요한 경우 다시 조여주세요.","이 테이블은 가정 외 일반적인 공공장소에서 사용할 수 있도록 테스트를 거쳤으며 EN 15372 표준의 안전성 및 내구성, 안정성 기준에 부합합니다.이 의자는 가정용으로 적합 판정을 받았으며 EN 12520 및 EN 1022의 내구성과 안전성 기준에 부합하는 제품입니다.",140.0,78.0,74.0,,,,"이 제품은 5 개 패키지로 구성됩니다.
LISABO 리사보 테이블 제품 번호 803.657.17
폭: 82 cm
높이: 6 cm
길이: 165 cm
무게: 22.22 kg
패키지: 1
LISABO 리사보 의자 제품 번호 804.572.36
폭: 68 cm
높이: 13 cm
길이: 82 cm
무게: 5.90 kg
패키지: 4","편해요
인증된 구매자
의자도 편하고 식탁은 행주로 닦을때 좀 뻑뻑하긴해도 잘 닦여요

아주아주 만족합니다.
인증된 구매자
튼튼하고요.. 깨끗한 느낌이라. 아주 좋습니다. 만족합니다. 가성비도 좋아요",4.0,dining_table_set,IKEA,wood,"modern,nordic,minimal",True,medium,False,"LISABO 리사보 / LISABO 리사보 테이블+의자4, 물푸레무늬목/물푸레나무, 140x78 cm 자연스러운 나뭇결이 살아있어서 테이블과 나무마다 독특한 개성이 느껴집니다.
물푸레나무 무늬목 상판과 자작나무 원목 다리가 자연스럽고 따뜻한 느낌을 줍니다.
넉넉한 크기의 시트와 몸을 잘 받쳐주는 높은 등받이 덕분에 편안하게 앉을 수 있어요.
테이블에서 할 수 있는 모든 활동에 알맞은 튼튼한 의자예요.
더 부드럽게 앉고 싶거나 방에 개성을 더하려면 근사한 의자패드를 깔아보세요. 다양한 색상 중에서 선택할 수 있습니다.
물푸레나무는 튼튼한 하드우드 소재로 나뭇결이 아름답습니다.

참고
실내에서만 사용하세요.
4인용. 테이블
상단 패널: 물푸레무늬목, 자작나무 무늬목, 자작나무 원목, 자작나무 합판, 파티클보드, 틴트 투명 아크릴 래커, 섬유판
다리 베이스: 자작나무 원목, 틴트 투명 아크릴 래커
의자
다리/ 프레임 지지대: 자작나무 원목, 틴트 투명 아크릴 래커
시트 레일: 적층 무늬목, 틴트 투명 아크릴 래커
시트/ 등받이: 적층 무늬목, 물푸레무늬목, 틴트 투명 아크릴 래커 테이블
순한 세제에 적신 천으로 닦으세요.
깨끗한 천으로 물기를 닦아주세요.
의자
깨끗한 천으로 물기를 닦아주세요.
안정성을 위하여 조립 2주 후에 나사를 점검하고 필요한 경우 다시 조여주세요. 편해요
인증된 구매자
의자도 편하고 식탁은 행주로 닦을때 좀 뻑뻑하긴해도 잘 닦여요

아주아주 만족합니다.
인증된 구매자
튼튼하고요.. 깨끗한 느낌이라. 아주 좋습니다. 만족합니다. 가성비도 좋아요"
"VIHALS 비할스 / VIHALS 비할스 테이블+의자6, 화이트/화이트 Tibbleby 티블레뷔 베이지-그레이, 120/180x74 cm",https://www.ikea.com/kr/ko/p/vihals-vihals-table-and-6-chairs-white-white-tibbleby-beige-grey-s09599551/,"https://www.ikea.com/kr/ko/images/products/vihals-vihals-table-and-6-chairs-white-white-tibbleby-beige-grey__1388781_pe964951_s5.jpg?f=xxs,https://www.ikea.com/kr/ko/images/products/vihals-vihals-table-and-6-chairs-white-white-tibbleby-beige-grey__1414841_pe974924_s5.jpg?f=xxs",448400,,0.0,0.0,095.995.51,"특정 요구에 맞게 테이블의 크기를 손쉽게 조절할 수 있으므로 유연하게 활용하기 좋아요.
테이블 다리는 테이블이 확장되더라도 항상 테이블의 모서리에 자리하고 있어 의자를 놓을 공간도 충분합니다.
멜라민 포일 테이블 상판은 기능을 갖췄을 뿐 아니라 젖은 천으로 쉽게 청소할 수 있어요.
현대적인 분위기의 깔끔하고 절제된 디자인이 다양한 인테리어 설정과 원활하게 어울려요.
등받이와 시트의 폼 패딩 덕분에 식탁에서 편안하게 앉을 수 있죠.
한 사람의 힘으로 빠르고 간편하게 테이블을 확장할 수 있습니다.
고강도 파우더 코팅 스틸 하부프레임은 안정적이며, 녹과 부식에 강하여 시간이 흘러도 내구성이 우수합니다.
고강도 스틸을 사용함으로써 일반적인 스틸보다 적은 소재를 사용하여 자원 효율성을 극대화하고 뛰어난 내구성과 강도를 제공합니다.

참고
실내에서만 사용하세요.
4-6인용.
지역사회의 규칙에 따라 재활용 또는 에너지 회수를 위해 분리 배출할 수 있습니다.
확장형 보조상판 1개가 포함되어 있습니다.","확장형테이블
다리/ 사이드 레일: 스틸, 에폭시/폴리에스테르 파우더코팅
안쪽 다리: 스틸
상판: 파티클보드, 멜라민포일, 멜라민포일, 플라스틱 테두리
의자
등받이 원단: 폴리에스테르 100% (100% 재활용)
패브릭/ 커버: 폴리에스테르 100%(최소 90% 재활용)
다리 프레임/ 크로스 레일: 스틸, 에폭시/폴리에스테르 파우더코팅
시트: 폴리프로필렌 플라스틱(최소 50% 재활용), 폴리우레탄 폼 35kg/cu.m.
등받이: 폴리프로필렌 플라스틱(최소 50% 재활용), 폴리우레탄 폼 25kg/cu.m., 100% 재생 무표백 종이
보호 패브릭: 폴리에스테르 100 %","확장형테이블
순한 세제에 적신 천으로 닦으세요.
깨끗한 천으로 물기를 닦아주세요.
의자
깨끗한 천으로 물기를 닦아주세요.
커버의자
세탁기 사용 가능, 최대 40°C, 표준 코스
표백하지 마세요.
건조기에 넣지 마세요.
다림질, 최대 150°C.
드라이클리닝, 표준 코스.
테이블+의자6
안정성을 위하여 조립 2주 후에 나사를 점검하고 필요한 경우 다시 조여주세요.",의자는 가정용으로 적합 판정을 받았으며 EN 12520 및 EN 1022의 내구성과 안전성 기준에 부합하는 제품입니다.이 의자는 관련된 강도 및 내구성 표준을 준수하고 테스트를 거친 제품입니다. 테스트는 일반적인 제품의 사용 횟수와 110kg인 사용자를 기준으로 실시되었습니다.,120.0,74.0,75.0,49.0,55.0,81.0,"이 제품은 8 개 패키지로 구성됩니다.
VIHALS 비할스 확장형테이블 제품 번호 105.927.37
폭: 77 cm
높이: 5 cm
길이: 127 cm
무게: 17.95 kg
패키지: 1
폭: 29 cm
높이: 6 cm
길이: 118 cm
무게: 12.97 kg
패키지: 1
VIHALS 비할스 의자 제품 번호 105.927.61
폭: 57 cm
높이: 8 cm
길이: 79 cm
무게: 4.22 kg
패키지: 6",,6.0,dining_table_set,IKEA,white,"modern,nordic,minimal",True,medium,False,"VIHALS 비할스 / VIHALS 비할스 테이블+의자6, 화이트/화이트 Tibbleby 티블레뷔 베이지-그레이, 120/180x74 cm 특정 요구에 맞게 테이블의 크기를 손쉽게 조절할 수 있으므로 유연하게 활용하기 좋아요.
테이블 다리는 테이블이 확장되더라도 항상 테이블의 모서리에 자리하고 있어 의자를 놓을 공간도 충분합니다.
멜라민 포일 테이블 상판은 기능을 갖췄을 뿐 아니라 젖은 천으로 쉽게 청소할 수 있어요.
현대적인 분위기의 깔끔하고 절제된 디자인이 다양한 인테리어 설정과 원활하게 어울려요.
등받이와 시트의 폼 패딩 덕분에 식탁에서 편안하게 앉을 수 있죠.
한 사람의 힘으로 빠르고 간편하게 테이블을 확장할 수 있습니다.
고강도 파우더 코팅 스틸 하부프레임은 안정적이며, 녹과 부식에 강하여 시간이 흘러도 내구성이 우수합니다.
고강도 스틸을 사용함으로써 일반적인 스틸보다 적은 소재를 사용하여 자원 효율성을 극대화하고 뛰어난 내구성과 강도를 제공합니다.

참고
실내에서만 사용하세요.
4-6인용.
지역사회의 규칙에 따라 재활용 또는 에너지 회수를 위해 분리 배출할 수 있습니다.
확장형 보조상판 1개가 포함되어 있습니다. 확장형테이블
다리/ 사이드 레일: 스틸, 에폭시/폴리에스테르 파우더코팅
안쪽 다리: 스틸
상판: 파티클보드, 멜라민포일, 멜라민포일, 플라스틱 테두리
의자
등받이 원단: 폴리에스테르 100% (100% 재활용)
패브릭/ 커버: 폴리에스테르 100%(최소 90% 재활용)
다리 프레임/ 크로스 레일: 스틸, 에폭시/폴리에스테르 파우더코팅
시트: 폴리프로필렌 플라스틱(최소 50% 재활용), 폴리우레탄 폼 35kg/cu.m.
등받이: 폴리프로필렌 플라스틱(최소 50% 재활용), 폴리우레탄 폼 25kg/cu.m., 100% 재생 무표백 종이
보호 패브릭: 폴리에스테르 100 % 확장형테이블
순한 세제에 적신 천으로 닦으세요.
깨끗한 천으로 물기를 닦아주세요.
의자
깨끗한 천으로 물기를 닦아주세요.
커버의자
세탁기 사용 가능, 최대 40°C, 표준 코스
표백하지 마세요.
건조기에 넣지 마세요.
다림질, 최대 150°C.
드라이클리닝, 표준 코스.
테이블+의자6
안정성을 위하여 조립 2주 후에 나사를 점검하고 필요한 경우 다시 조여주세요. "
"TONSTAD 톤스타드 테이블+의자6, 오프화이트/토네루드 다크베이지, 200x85 cm",https://www.ikea.com/kr/ko/p/tonstad-table-and-6-chairs-off-white-tonerud-dark-beige-s59599775/,"https://www.ikea.com/pimg/1426764_pe979998_s5.jpg?f=xxs,https://www.ikea.com/pimg/1434311_pe983444_s5.jpg?f=xxs",838400,878400.0,,0.0,595.997.75,"실내에서만 사용하세요.
6인용.
이 테이블을 조립하려면 비트 드라이버가 필요합니다. TRIXIG 트릭시그 공구세트15종(별도 판매)에 포함되어 있어요.
바닥이 긁히는 것을 방지하려면 별도 판매되는 TRIXIG 트릭시그 바닥보호스티커를 사용하세요.","테이블
상단 패널: 파티클보드, 아크릴 페인트, 멜라민포일, 플라스틱 테두리
레일,옆/ 다리: 원목, 접착제, 아크릴 페인트
의자
패브릭: 폴리에스테르 100% (100% 재활용)
시트: 폴리에스테르 100 %, 폴리우레탄 폼 25kg/cu.m., 적층 무늬목
등받이: 폴리에틸렌 플라스틱, 폴리우레탄 폼 25kg/cu.m.
프레임: 스틸, 에폭시/폴리에스테르 파우더코팅","테이블
순한 세제에 적신 천으로 닦으세요.
깨끗한 천으로 물기를 닦아주세요.
안정성을 위하여 조립 2주 후에 나사를 점검하고 필요한 경우 다시 조여주세요.
고정커버의자
세탁하지 마세요.
표백하지 마세요.
건조기에 넣지 마세요.
다림질하지 마세요.
드라이클리닝하지 마세요.
진공청소기를 사용하세요.
젖은 천으로 닦아주세요.","개별 제품의 인증필 유무를 확인하세요.
의자는 가정용으로 적합 판정을 받았으며 EN 12520 및 EN 1022의 내구성과 안전성 기준에 부합하는 제품입니다.",200.0,85.0,75.0,55.0,51.0,75.0,"이 제품은 8 개 패키지로 구성됩니다.
TONSTAD 톤스타드 테이블 제품 번호 605.999.44 폭: 29 cm 높이: 6 cm 길이: 196 cm 무게: 12.70 kg 패키지: 1
폭: 88 cm 높이: 3 cm 길이: 206 cm 무게: 23.50 kg 패키지: 1
KRYLBO 크륄보 의자 제품 번호 805.667.49 폭: 50 cm 높이: 25 cm 길이: 56 cm 무게: 8.40 kg 패키지: 6",,6.0,dining_table_set,IKEA,white,"modern,nordic,minimal",True,medium,True,"TONSTAD 톤스타드 테이블+의자6, 오프화이트/토네루드 다크베이지, 200x85 cm 실내에서만 사용하세요.
6인용.
이 테이블을 조립하려면 비트 드라이버가 필요합니다. TRIXIG 트릭시그 공구세트15종(별도 판매)에 포함되어 있어요.
바닥이 긁히는 것을 방지하려면 별도 판매되는 TRIXIG 트릭시그 바닥보호스티커를 사용하세요. 테이블
상단 패널: 파티클보드, 아크릴 페인트, 멜라민포일, 플라스틱 테두리
레일,옆/ 다리: 원목, 접착제, 아크릴 페인트
의자
패브릭: 폴리에스테르 100% (100% 재활용)
시트: 폴리에스테르 100 %, 폴리우레탄 폼 25kg/cu.m., 적층 무늬목
등받이: 폴리에틸렌 플라스틱, 폴리우레탄 폼 25kg/cu.m.
프레임: 스틸, 에폭시/폴리에스테르 파우더코팅 테이블
순한 세제에 적신 천으로 닦으세요.
깨끗한 천으로 물기를 닦아주세요.
안정성을 위하여 조립 2주 후에 나사를 점검하고 필요한 경우 다시 조여주세요.
고정커버의자
세탁하지 마세요.
표백하지 마세요.
건조기에 넣지 마세요.
다림질하지 마세요.
드라이클리닝하지 마세요.
진공청소기를 사용하세요.
젖은 천으로 닦아주세요. "
"TONSTAD 톤스타드 / TONSTAD 톤스타드 테이블+의자4, 참나무무늬목/비아르프 베이지/브라운 참나무무늬, 150x80 cm",https://www.ikea.com/kr/ko/p/tonstad-tonstad-table-and-4-chairs-oak-veneer-viarp-beige-brown-oak-effect-s59602221/,"https://www.ikea.com/pimg/1426695_pe979951_s5.jpg?f=xxs,https://www.ikea.com/pimg/1444242_pe987477_s5.jpg?f=xxs",795000,835000.0,0.0,0.0,596.022.21,"브러시드 무광택 참나무 무늬목과 부드럽고 둥근 모서리가 특징인 이 4인용 테이블은 일상에서 가장 좋아하는 장소가 될 거예요.

견고한 목재 다리와 천연 목재 무늬목 표면으로 이루어진 안정적인 구조, 얼룩과 마모를 방지하기 위해 여러 겹으로 스테인 및 래커 처리하여 걱정 없이 매 순간을 즐길 수 있어요.

테이블마다 나무 특유의 다양한 나뭇결과 자연스러운 색감을 고스란히 담고 있어 독특한 매력을 느낄 수 있어요.

튼튼하고 관리가 편한 VIARP 비아르프 패브릭은 면과 재생 폴리에스테르로 직조했어요. 보풀 발생이 적으며 멜란지 느낌 덕분에 얼룩에 좀 더 강합니다.

의자커버의 파이핑은 세련된 느낌을 더하면서 가장자리를 튼튼하게 만들어 줘서 내구성이 좋아지고 잘 해지지 않아요.

넉넉하고 두꺼운 폼 쿠션 덕분에 오래 앉아 있어도 편안합니다.

움직임에 맞춰 등을 받쳐주는 고탄성 폼 등받이여서 자세를 바꾸거나 고쳐 앉을 때 지지력이 좋아요.

커버를 벗겨서 세탁할 수 있어 깨끗하게 관리할 수 있습니다.

위에 파우더코팅 메탈 디테일로 포인트를 준 참나무 무늬 마감의 원목 다리는 스타일과 안정성 모두 뛰어나요.

실내에서만 사용하세요.

4인용.

커버는 벗겨서 세탁할 수 있습니다.

TONSTAD 톤스타드 시리즈의 다른 제품과 함께 사용할 수 있습니다.

이 테이블을 조립하려면 비트 드라이버가 필요합니다. TRIXIG 트릭시그 공구세트15종(별도 판매)에 포함되어 있어요.

바닥이 긁히는 것을 방지하려면 별도 판매되는 TRIXIG 트릭시그 바닥보호스티커를 사용하세요.

TONSTAD 톤스타드 의자의 추가 커버는 별도 판매됩니다.","테이블 상단 패널: 파티클보드, 페이퍼 포일, 페이퍼 에징, 참나무 무늬목, 투명 아크릴 래커
테이블 레일,옆/ 다리: 원목, 접착제, 참나무 무늬목, 투명 아크릴 래커
의자커버 패브릭/ 패브릭: 면 76%, 폴리에스테르 24% (100% 재활용)
의자커버 원사: 폴리에스테르 100%
의자커버 벨크로: 나일론 100%
의자프레임 다리: 원목, 프린트 아크릴 페인트, 투명 아크릴 래커
의자프레임 슬리브/ 마운팅 플레이트/ 나사받이/ 고정 브래킷: 스틸, 에폭시/폴리에스테르 파우더코팅
의자프레임 등받이: 합판, 고탄력 폴리우레탄 폼 35 kg/cu.m.
의자프레임 시트: 적층 무늬목, 폴리우레탄 폼 35kg/cu.m.
의자프레임 보호 패브릭/ 등받이 원단: 폴리에스테르 100% (100% 재활용)
의자프레임 안감/ 내화 안감: 폴리에스테르충전재
의자프레임 벨크로: 나일론 100%","탈부착커버의자커버: 세탁기 사용 가능, 최대 40°C, 표준 코스. 표백하지 마세요. 건조기에 넣지 마세요. 다림질, 최대 150°C. 드라이클리닝, 표준 코스.
의자프레임: 진공청소기를 사용하세요. 깨끗한 천으로 물기를 닦아주세요. 가벼운 얼룩은 섬유세제를 이용하거나 물 또는 중성세제에 적신 스펀지로 지워주세요. 안정성을 위하여 조립 2주 후에 나사를 점검하고 필요한 경우 다시 조여주세요.
테이블: 순한 세제에 적신 천으로 닦으세요. 깨끗한 천으로 물기를 닦아주세요. 안정성을 위하여 조립 2주 후에 나사를 점검하고 필요한 경우 다시 조여주세요.","의자는 가정용으로 적합 판정을 받았으며 EN 12520 및 EN 1022의 내구성과 안전성 기준에 부합하는 제품입니다. 내변색성 레벨 1~8 중 레벨 5 판정을 받은 커버입니다. 업계 표준에 따르면 가정용으로는 레벨 4 이상이 적합합니다. 30,000 사이클의 마모성 테스트를 완료한 패브릭입니다. 15,000 사이클 이상을 견디는 패브릭은 집에서 매일 쓰는 가구용으로 적합한 것으로 간주됩니다. 이 의자는 관련된 강도 및 내구성 표준을 준수하고 테스트를 거친 제품입니다. 테스트는 일반적인 제품의 사용 횟수와 110kg인 사용자를 기준으로 실시되었습니다.",150.0,80.0,75.0,42.0,56.0,86.0,"이 제품은 10 개 패키지로 구성됩니다.

TONSTAD 톤스타드 테이블 제품 번호 805.940.64
폭: 30 cm, 높이: 6 cm, 길이: 150 cm, 무게: 10.90 kg, 패키지: 1
폭: 84 cm, 높이: 3 cm, 길이: 157 cm, 무게: 16.52 kg, 패키지: 1

TONSTAD 톤스타드 의자커버 제품 번호 706.035.87
폭: 17 cm, 높이: 6 cm, 길이: 25 cm, 무게: 0.38 kg, 패키지: 4

TONSTAD 톤스타드 의자프레임 제품 번호 705.940.45
폭: 50 cm, 높이: 14 cm, 길이: 55 cm, 무게: 7.95 kg, 패키지: 4",,4.0,dining_table_set,IKEA,unknown,"modern,nordic,minimal",True,low,True,"TONSTAD 톤스타드 / TONSTAD 톤스타드 테이블+의자4, 참나무무늬목/비아르프 베이지/브라운 참나무무늬, 150x80 cm 브러시드 무광택 참나무 무늬목과 부드럽고 둥근 모서리가 특징인 이 4인용 테이블은 일상에서 가장 좋아하는 장소가 될 거예요.

견고한 목재 다리와 천연 목재 무늬목 표면으로 이루어진 안정적인 구조, 얼룩과 마모를 방지하기 위해 여러 겹으로 스테인 및 래커 처리하여 걱정 없이 매 순간을 즐길 수 있어요.

테이블마다 나무 특유의 다양한 나뭇결과 자연스러운 색감을 고스란히 담고 있어 독특한 매력을 느낄 수 있어요.

튼튼하고 관리가 편한 VIARP 비아르프 패브릭은 면과 재생 폴리에스테르로 직조했어요. 보풀 발생이 적으며 멜란지 느낌 덕분에 얼룩에 좀 더 강합니다.

의자커버의 파이핑은 세련된 느낌을 더하면서 가장자리를 튼튼하게 만들어 줘서 내구성이 좋아지고 잘 해지지 않아요.

넉넉하고 두꺼운 폼 쿠션 덕분에 오래 앉아 있어도 편안합니다.

움직임에 맞춰 등을 받쳐주는 고탄성 폼 등받이여서 자세를 바꾸거나 고쳐 앉을 때 지지력이 좋아요.

커버를 벗겨서 세탁할 수 있어 깨끗하게 관리할 수 있습니다.

위에 파우더코팅 메탈 디테일로 포인트를 준 참나무 무늬 마감의 원목 다리는 스타일과 안정성 모두 뛰어나요.

실내에서만 사용하세요.

4인용.

커버는 벗겨서 세탁할 수 있습니다.

TONSTAD 톤스타드 시리즈의 다른 제품과 함께 사용할 수 있습니다.

이 테이블을 조립하려면 비트 드라이버가 필요합니다. TRIXIG 트릭시그 공구세트15종(별도 판매)에 포함되어 있어요.

바닥이 긁히는 것을 방지하려면 별도 판매되는 TRIXIG 트릭시그 바닥보호스티커를 사용하세요.

TONSTAD 톤스타드 의자의 추가 커버는 별도 판매됩니다. 테이블 상단 패널: 파티클보드, 페이퍼 포일, 페이퍼 에징, 참나무 무늬목, 투명 아크릴 래커
테이블 레일,옆/ 다리: 원목, 접착제, 참나무 무늬목, 투명 아크릴 래커
의자커버 패브릭/ 패브릭: 면 76%, 폴리에스테르 24% (100% 재활용)
의자커버 원사: 폴리에스테르 100%
의자커버 벨크로: 나일론 100%
의자프레임 다리: 원목, 프린트 아크릴 페인트, 투명 아크릴 래커
의자프레임 슬리브/ 마운팅 플레이트/ 나사받이/ 고정 브래킷: 스틸, 에폭시/폴리에스테르 파우더코팅
의자프레임 등받이: 합판, 고탄력 폴리우레탄 폼 35 kg/cu.m.
의자프레임 시트: 적층 무늬목, 폴리우레탄 폼 35kg/cu.m.
의자프레임 보호 패브릭/ 등받이 원단: 폴리에스테르 100% (100% 재활용)
의자프레임 안감/ 내화 안감: 폴리에스테르충전재
의자프레임 벨크로: 나일론 100% 탈부착커버의자커버: 세탁기 사용 가능, 최대 40°C, 표준 코스. 표백하지 마세요. 건조기에 넣지 마세요. 다림질, 최대 150°C. 드라이클리닝, 표준 코스.
의자프레임: 진공청소기를 사용하세요. 깨끗한 천으로 물기를 닦아주세요. 가벼운 얼룩은 섬유세제를 이용하거나 물 또는 중성세제에 적신 스펀지로 지워주세요. 안정성을 위하여 조립 2주 후에 나사를 점검하고 필요한 경우 다시 조여주세요.
테이블: 순한 세제에 적신 천으로 닦으세요. 깨끗한 천으로 물기를 닦아주세요. 안정성을 위하여 조립 2주 후에 나사를 점검하고 필요한 경우 다시 조여주세요. "
"NORDVIKEN 노르드비켄 / NORDVIKEN 노르드비켄 테이블+의자6, 앤티크 스테인/앤티크 스테인, 210/289x105 cm",https://www.ikea.com/kr/ko/p/nordviken-nordviken-table-and-6-chairs-antique-stain-antique-stain-s99386946/,"https://www.ikea.com/kr/ko/images/products/nordviken-nordviken-table-and-6-chairs-antique-stain-antique-stain__0941064_pe795320_s5.jpg?f=xxs,https://www.ikea.com/kr/ko/images/products/nordviken-nordviken-table-and-6-chairs-antique-stain-antique-stain__0898266_pe782491_s5.jpg?f=xxs",1318400,1398400.0,4.7,10.0,993.869.46,"별도로 판매되는 NORDVIKEN 노르드비켄 의자 패드를 추가하여 사용할 수 있습니다.
6-8인용.","확장형테이블
상판/ 확장판/ 사이드 레일/ 크로스 레일/ 앞/ 다리/ 하단 레일: 소나무 원목, 접착제, 스테인, 투명 아크릴 래커
연장 레일: 자작나무 원목, 접착제, 스테인, 투명 아크릴 래커
의자
다리/ 레일: 소나무 원목, 스테인, 투명 아크릴 래커
시트: 적층 무늬목, 소나무 무늬목, 적층 무늬목, 스테인, 투명 아크릴 래커","의자테이블+의자6
중성세제를 희석한 물로 닦아주세요.
순한 세제에 적신 천으로 닦으세요.
깨끗한 천으로 물기를 닦아주세요.
테이블+의자6
안전한 사용을 위해 필요시 나사를 다시 조여주세요.
테이블테이블+의자6
중성세제를 희석한 물로 닦아주세요.
순한 세제에 적신 천으로 닦으세요.
깨끗한 천으로 물기를 닦아주세요.",,210.0,105.0,,,,,"이 제품은 9 개 패키지로 구성됩니다.
NORDVIKEN 노르드비켄 확장형테이블 제품 번호 204.885.61
폭: 67 cm
높이: 8 cm
길이: 194 cm
무게: 32.52 kg
패키지: 1
폭: 66 cm
높이: 7 cm
길이: 215 cm
무게: 28.12 kg
패키지: 1
폭: 66 cm
높이: 7 cm
길이: 215 cm
무게: 28.12 kg
패키지: 1
NORDVIKEN 노르드비켄 의자 제품 번호 604.885.59
폭: 49 cm
높이: 9 cm
길이: 100 cm
무게: 5.37 kg
패키지: 6",,6.0,dining_table_set,IKEA,dark_wood,"modern,nordic,minimal",False,low,False,"NORDVIKEN 노르드비켄 / NORDVIKEN 노르드비켄 테이블+의자6, 앤티크 스테인/앤티크 스테인, 210/289x105 cm 별도로 판매되는 NORDVIKEN 노르드비켄 의자 패드를 추가하여 사용할 수 있습니다.
6-8인용. 확장형테이블
상판/ 확장판/ 사이드 레일/ 크로스 레일/ 앞/ 다리/ 하단 레일: 소나무 원목, 접착제, 스테인, 투명 아크릴 래커
연장 레일: 자작나무 원목, 접착제, 스테인, 투명 아크릴 래커
의자
다리/ 레일: 소나무 원목, 스테인, 투명 아크릴 래커
시트: 적층 무늬목, 소나무 무늬목, 적층 무늬목, 스테인, 투명 아크릴 래커 의자테이블+의자6
중성세제를 희석한 물로 닦아주세요.
순한 세제에 적신 천으로 닦으세요.
깨끗한 천으로 물기를 닦아주세요.
테이블+의자6
안전한 사용을 위해 필요시 나사를 다시 조여주세요.
테이블테이블+의자6
중성세제를 희석한 물로 닦아주세요.
순한 세제에 적신 천으로 닦으세요.
깨끗한 천으로 물기를 닦아주세요. "
"SEGERÖN 세게뢴 / ENSHOLM 엔스홀름 테이블+의자4, 실외용 다크그린/그린, 147 cm",https://www.ikea.com/kr/ko/p/segeroen-ensholm-table-and-4-chairs-outdoor-dark-green-green-s79544739/,"https://www.ikea.com/pimg/1240193_pe919216_s5.jpg?f=xxs,https://www.ikea.com/pimg/1240192_pe919215_s5.jpg?f=xxs",470600,,0.0,0.0,795.447.39,"통기성이 뛰어난 패브릭으로 만들어 몸의 형태와 체온에 맞춰지는 ENSHOLM 엔스홀름 의자에 편안하게 앉아 휴식을 취하세요.
의자 무게가 가벼워서 사용하지 않을 때는 손쉽게 쌓아 공간을 절약할 수 있어요.

참고
TOSTERÖ/토스테뢰 수납가방과 함께 사용하세요.
STOPP 스토프 미끄럼방지시트와 함께 사용하면 쿠션이 이리저리 움직이지 않습니다. 원하는 크기로 쉽게 자르거나 접을 수 있어요.
본 제품의 소재는 재활용이 가능합니다. 해당 지역의 재활용 규정을 확인하고 재활용 관련시설에 문의하세요.
본 제품이 업무용 사용을 위한 특정 요구사항을 충족하는지 현지 관할기관에 문의해 주세요.","야외테이블
상판: 알루미늄, 폴리에스테르 파우더코팅
상단 프레임: 아연도금스틸, 폴리에스테르 파우더코팅
스트립: 합성고무
다리: 스틸, 폴리에스테르 파우더코팅
의자
다리 프레임/ 등받이 프레임/ 시트 프레임: 스틸, 폴리에스테르 파우더코팅
등받이 커버/ 시트 커버/ 패브릭: 폴리에스테르 100%(최소 90% 재활용)",,"이 테이블은 야외 공공장소 사용에 적합한지 테스트를 받았으며, EN581에 명시된 안전성, 내구성, 안정성 요건을 충족합니다.",147.0,,,,,,"이 제품은 6 개 패키지로 구성됩니다.
SEGERÖN 세게뢴 야외테이블 제품 번호 005.111.76
폭: 32 cm
높이: 7 cm
길이: 165 cm
무게: 17.20 kg
패키지: 1
폭: 21 cm
높이: 7 cm
길이: 86 cm
무게: 6.90 kg
패키지: 1
ENSHOLM 엔스홀름 의자 제품 번호 805.632.94
폭: 57 cm
높이: 9 cm
길이: 68 cm
무게: 4.13 kg
패키지: 4",,4.0,dining_table_set,IKEA,dark_wood,"modern,nordic,minimal",True,medium,False,"SEGERÖN 세게뢴 / ENSHOLM 엔스홀름 테이블+의자4, 실외용 다크그린/그린, 147 cm 통기성이 뛰어난 패브릭으로 만들어 몸의 형태와 체온에 맞춰지는 ENSHOLM 엔스홀름 의자에 편안하게 앉아 휴식을 취하세요.
의자 무게가 가벼워서 사용하지 않을 때는 손쉽게 쌓아 공간을 절약할 수 있어요.

참고
TOSTERÖ/토스테뢰 수납가방과 함께 사용하세요.
STOPP 스토프 미끄럼방지시트와 함께 사용하면 쿠션이 이리저리 움직이지 않습니다. 원하는 크기로 쉽게 자르거나 접을 수 있어요.
본 제품의 소재는 재활용이 가능합니다. 해당 지역의 재활용 규정을 확인하고 재활용 관련시설에 문의하세요.
본 제품이 업무용 사용을 위한 특정 요구사항을 충족하는지 현지 관할기관에 문의해 주세요. 야외테이블
상판: 알루미늄, 폴리에스테르 파우더코팅
상단 프레임: 아연도금스틸, 폴리에스테르 파우더코팅
스트립: 합성고무
다리: 스틸, 폴리에스테르 파우더코팅
의자
다리 프레임/ 등받이 프레임/ 시트 프레임: 스틸, 폴리에스테르 파우더코팅
등받이 커버/ 시트 커버/ 패브릭: 폴리에스테르 100%(최소 90% 재활용)  "
"MÖRBYLÅNGA 뫼르뷜롱아 / MÅRENÄS 모레네스 테이블+팔걸이의자4, 참나무무늬목 브라운스테인/블랙 군나레드 다크그레이, 145 cm",https://www.ikea.com/kr/ko/p/moerbylanga-marenaes-table-and-4-chairs-with-armrests-oak-veneer-brown-stained-black-gunnared-dark-grey-s69520102/,"https://www.ikea.com/kr/ko/images/products/moerbylanga-marenaes-table-and-4-chairs-with-armrests-oak-veneer-brown-stained-black-gunnared-dark-grey__1198497_pe904104_s5.jpg?f=xxs,https://www.ikea.com/kr/ko/images/products/moerbylanga-marenaes-table-and-4-chairs-with-armrests-oak-veneer-brown-stained-black-gunnared-dark-grey__1198496_pe904105_s5.jpg?f=xxs",1695000,1795000.0,0.0,0.0,695.201.02,"원목의 나뭇결과 색상이 각각 다르기 때문에 테이블마다 독특한 매력을 느낄 수 있습니다.
널빤지의 느낌을 강조한 디자인으로 진짜 나무의 느낌이 살아있습니다.
참나무는 단단하고 내구성이 우수하며 나뭇결이 잘 살아있는 목재입니다. 시간이 지날수록 색이 짙어져 고급스러운 골든브라운 색을 띠게 됩니다.
의자커버는 따로 분리하여 세탁기로 세탁할 수 있습니다.
새로운 분위기를 연출하고 싶다면 커버를 교체해보세요.
실내에서만 사용하세요.
커버는 벗겨서 세탁할 수 있습니다.
MÅRENÄS 모레네스 팔걸이의자의 추가 커버는 여러 가지 색으로 나오며, 별도로 판매됩니다.","테이블 상판: 파티클보드, 참나무 무늬목, 스테인, 틴트 투명 아크릴 래커, 참나무 무늬목, 스테인, 틴트 투명 아크릴 래커
테이블 다리/기본 프레임/크로스 레일: 파티클보드, 참나무 원목, 두꺼운 오크무늬목, 스테인, 틴트 투명 아크릴 래커
의자 내화 안감/안감: 폴리에스테르충전재
의자 다리: 원목, 접착제, 스테인, 투명래커
의자 팔걸이 프레임/등받이 프레임: 원목, 100% 재생 보드지, 접착제
의자 충전재: 폴리우레탄 폼 35kg/cu.m., 고탄력 폴리우레탄 폼 35 kg/cu.m., 폴리우레탄 폼 35kg/cu.m.
의자 시트 프레임: 폴리프로필렌 100%, 원목, 스틸, 접착제
의자 벨크로: 나일론 100%
의자 충전재: 폴리우레탄 폼 35kg/cu.m.
의자커버 패브릭: 폴리에스테르 100 %
의자커버 패브릭: 폴리에스테르 100%(최소 90% 재활용)","의자: 안정성을 위하여 조립 2주 후에 나사를 점검하고 필요한 경우 다시 조여주세요.
탈부착커버 의자커버: 세탁기 사용 가능, 최대 40°C, 표준 코스. 표백하지 마세요. 건조기에 넣지 마세요. 다림질, 최대 150°C. 드라이클리닝, 표준 코스.","25,000 사이클의 마모성 테스트를 완료한 커버입니다. 15,000 사이클 이상을 견디는 커버는 일반적인 가정용으로 적합합니다. 내변색성 레벨 1~8 중 레벨 5 판정을 받은 커버입니다. 업계 표준에 따르면 가정용으로는 레벨 4 이상이 적합합니다.",145.0,145.0,75.0,,,,"이 제품은 11 개 패키지로 구성됩니다.
MÖRBYLÅNGA 뫼르뷜롱아 테이블 제품 번호 204.128.87
폭: 78 cm, 높이: 5 cm, 길이: 153 cm, 무게: 21.32 kg, 패키지: 1
폭: 78 cm, 높이: 5 cm, 길이: 153 cm, 무게: 21.32 kg, 패키지: 1
폭: 88 cm, 높이: 10 cm, 길이: 127 cm, 무게: 17.00 kg, 패키지: 1
MÅRENÄS 모레네스 의자 제품 번호 405.599.15
폭: 59 cm, 높이: 19 cm, 길이: 87 cm, 무게: 9.72 kg, 패키지: 4
MÅRENÄS 모레네스 의자커버 제품 번호 505.599.10
폭: 18 cm, 높이: 6 cm, 길이: 22 cm, 무게: 0.57 kg, 패키지: 4",,4.0,dining_table_set,IKEA,black,"modern,nordic,minimal",True,medium,False,"MÖRBYLÅNGA 뫼르뷜롱아 / MÅRENÄS 모레네스 테이블+팔걸이의자4, 참나무무늬목 브라운스테인/블랙 군나레드 다크그레이, 145 cm 원목의 나뭇결과 색상이 각각 다르기 때문에 테이블마다 독특한 매력을 느낄 수 있습니다.
널빤지의 느낌을 강조한 디자인으로 진짜 나무의 느낌이 살아있습니다.
참나무는 단단하고 내구성이 우수하며 나뭇결이 잘 살아있는 목재입니다. 시간이 지날수록 색이 짙어져 고급스러운 골든브라운 색을 띠게 됩니다.
의자커버는 따로 분리하여 세탁기로 세탁할 수 있습니다.
새로운 분위기를 연출하고 싶다면 커버를 교체해보세요.
실내에서만 사용하세요.
커버는 벗겨서 세탁할 수 있습니다.
MÅRENÄS 모레네스 팔걸이의자의 추가 커버는 여러 가지 색으로 나오며, 별도로 판매됩니다. 테이블 상판: 파티클보드, 참나무 무늬목, 스테인, 틴트 투명 아크릴 래커, 참나무 무늬목, 스테인, 틴트 투명 아크릴 래커
테이블 다리/기본 프레임/크로스 레일: 파티클보드, 참나무 원목, 두꺼운 오크무늬목, 스테인, 틴트 투명 아크릴 래커
의자 내화 안감/안감: 폴리에스테르충전재
의자 다리: 원목, 접착제, 스테인, 투명래커
의자 팔걸이 프레임/등받이 프레임: 원목, 100% 재생 보드지, 접착제
의자 충전재: 폴리우레탄 폼 35kg/cu.m., 고탄력 폴리우레탄 폼 35 kg/cu.m., 폴리우레탄 폼 35kg/cu.m.
의자 시트 프레임: 폴리프로필렌 100%, 원목, 스틸, 접착제
의자 벨크로: 나일론 100%
의자 충전재: 폴리우레탄 폼 35kg/cu.m.
의자커버 패브릭: 폴리에스테르 100 %
의자커버 패브릭: 폴리에스테르 100%(최소 90% 재활용) 의자: 안정성을 위하여 조립 2주 후에 나사를 점검하고 필요한 경우 다시 조여주세요.
탈부착커버 의자커버: 세탁기 사용 가능, 최대 40°C, 표준 코스. 표백하지 마세요. 건조기에 넣지 마세요. 다림질, 최대 150°C. 드라이클리닝, 표준 코스. "
"VIHALS 비할스 / VIHALS 비할스 테이블+의자2, 화이트 화이트/화이트, 74x74 cm",https://www.ikea.com/kr/ko/p/vihals-vihals-table-and-2-chairs-white-white-white-s39599446/,"https://www.ikea.com/kr/ko/images/products/vihals-vihals-table-and-2-chairs-white-white-white__1388774_pe964947_s5.jpg?f=xxs,https://www.ikea.com/kr/ko/images/products/vihals-vihals-table-and-2-chairs-white-white-white__1414834_pe974920_s5.jpg?f=xxs",129700,,4.8,9.0,395.994.46,"작지만 깔끔한 디자인으로 좁은 공간에서도 쉽고 편하게 사용할 수 있습니다.
현대적인 분위기의 깔끔하고 절제된 디자인이 다양한 인테리어 설정과 원활하게 어울려요.
멜라민 포일 테이블 상판은 기능을 갖췄을 뿐 아니라 젖은 천으로 쉽게 청소할 수 있어요.
최대 6개까지 쌓아 놓을 수 있어서 편하게 보관할 수 있습니다.
고강도 파우더 코팅 스틸 하부프레임은 안정적이며, 녹과 부식에 강하여 시간이 흘러도 내구성이 우수합니다.
고강도 파우더 코팅 스틸과 플라스틱으로 만든 가벼운 의자는 옮기기 쉬우며 쓱 닦아서 청소할 수 있어요.
고강도 스틸을 사용함으로써 일반적인 스틸보다 적은 소재를 사용하여 자원 효율성을 극대화하고 뛰어난 내구성과 강도를 제공합니다.
2인용.
지역사회의 규칙에 따라 재활용 또는 에너지 회수를 위해 분리 배출할 수 있습니다.
실내에서만 사용하세요.","테이블상판: 파티클보드, 멜라민포일, 플라스틱 테두리, 플라스틱 테두리, 멜라민포일
하부프레임 다리/사이드 레일: 스틸, 에폭시/폴리에스테르 파우더코팅
안쪽 다리: 스틸
의자 다리 프레임/핀/크로스 레일: 스틸, 에폭시/폴리에스테르 파우더코팅
시트/등받이: 폴리프로필렌 플라스틱(최소 50% 재활용)","테이블상판/하부프레임/의자: 순한 세제에 적신 천으로 닦으세요. 깨끗한 천으로 물기를 닦아주세요.
테이블+의자2: 안정성을 위하여 조립 2주 후에 나사를 점검하고 필요한 경우 다시 조여주세요.",의자는 가정용으로 적합 판정을 받았으며 EN 12520 및 EN 1022의 내구성과 안전성 기준에 부합하는 제품입니다. 이 의자는 관련된 강도 및 내구성 표준을 준수하고 테스트를 거친 제품입니다. 테스트는 일반적인 제품의 사용 횟수와 110kg인 사용자를 기준으로 실시되었습니다.,74.0,74.0,75.0,45.0,47.0,79.0,"이 제품은 4 개 패키지로 구성됩니다.
VIHALS 비할스 테이블상판 제품 번호 505.945.55 폭: 76 cm 높이: 3 cm 길이: 80 cm 무게: 7.46 kg 패키지: 1
VIHALS 비할스 하부프레임 제품 번호 705.945.64 폭: 20 cm 높이: 7 cm 길이: 77 cm 무게: 6.94 kg 패키지: 1
VIHALS 비할스 의자 제품 번호 805.927.34 폭: 49 cm 높이: 9 cm 길이: 97 cm 무게: 3.48 kg 패키지: 2",,2.0,dining_table_set,IKEA,white,"modern,nordic,minimal",True,medium,False,"VIHALS 비할스 / VIHALS 비할스 테이블+의자2, 화이트 화이트/화이트, 74x74 cm 작지만 깔끔한 디자인으로 좁은 공간에서도 쉽고 편하게 사용할 수 있습니다.
현대적인 분위기의 깔끔하고 절제된 디자인이 다양한 인테리어 설정과 원활하게 어울려요.
멜라민 포일 테이블 상판은 기능을 갖췄을 뿐 아니라 젖은 천으로 쉽게 청소할 수 있어요.
최대 6개까지 쌓아 놓을 수 있어서 편하게 보관할 수 있습니다.
고강도 파우더 코팅 스틸 하부프레임은 안정적이며, 녹과 부식에 강하여 시간이 흘러도 내구성이 우수합니다.
고강도 파우더 코팅 스틸과 플라스틱으로 만든 가벼운 의자는 옮기기 쉬우며 쓱 닦아서 청소할 수 있어요.
고강도 스틸을 사용함으로써 일반적인 스틸보다 적은 소재를 사용하여 자원 효율성을 극대화하고 뛰어난 내구성과 강도를 제공합니다.
2인용.
지역사회의 규칙에 따라 재활용 또는 에너지 회수를 위해 분리 배출할 수 있습니다.
실내에서만 사용하세요. 테이블상판: 파티클보드, 멜라민포일, 플라스틱 테두리, 플라스틱 테두리, 멜라민포일
하부프레임 다리/사이드 레일: 스틸, 에폭시/폴리에스테르 파우더코팅
안쪽 다리: 스틸
의자 다리 프레임/핀/크로스 레일: 스틸, 에폭시/폴리에스테르 파우더코팅
시트/등받이: 폴리프로필렌 플라스틱(최소 50% 재활용) 테이블상판/하부프레임/의자: 순한 세제에 적신 천으로 닦으세요. 깨끗한 천으로 물기를 닦아주세요.
테이블+의자2: 안정성을 위하여 조립 2주 후에 나사를 점검하고 필요한 경우 다시 조여주세요. "
"VIHALS 비할스 / VIHALS 비할스 테이블+의자4, 화이트 화이트/화이트, 107 cm",https://www.ikea.com/kr/ko/p/vihals-vihals-table-and-4-chairs-white-white-white-s09599495/,"https://www.ikea.com/kr/ko/images/products/vihals-vihals-table-and-4-chairs-white-white-white__1388798_pe964971_s5.jpg?f=xxs,https://www.ikea.com/kr/ko/images/products/vihals-vihals-table-and-4-chairs-white-white-white__1414861_pe974938_s5.jpg?f=xxs",219500,,4.0,1.0,095.994.95,"현대적인 분위기의 깔끔하고 절제된 디자인이 다양한 인테리어 설정과 원활하게 어울려요.

둥근 모양의 테이블에서는 모두가 서로를 볼 수 있기 때문에 친목을 다지기에 더욱 좋아요.

멜라민 포일 테이블 상판은 기능을 갖췄을 뿐 아니라 젖은 천으로 쉽게 청소할 수 있어요.

최대 6개까지 쌓아 놓을 수 있어서 편하게 보관할 수 있습니다.

고강도 파우더 코팅 스틸 하부프레임은 안정적이며, 녹과 부식에 강하여 시간이 흘러도 내구성이 우수합니다.

고강도 파우더 코팅 스틸과 플라스틱으로 만든 가벼운 의자는 옮기기 쉬우며 쓱 닦아서 청소할 수 있어요.

고강도 스틸을 사용함으로써 일반적인 스틸보다 적은 소재를 사용하여 자원 효율성을 극대화하고 뛰어난 내구성과 강도를 제공합니다.","테이블상판: 파티클보드, 멜라민포일, 플라스틱 테두리, 플라스틱 테두리, 멜라민포일
하부프레임 다리/ 사이드 레일: 스틸, 에폭시/폴리에스테르 파우더코팅
안쪽 다리: 스틸
의자 다리 프레임/ 핀/ 크로스 레일: 스틸, 에폭시/폴리에스테르 파우더코팅
시트/ 등받이: 폴리프로필렌 플라스틱(최소 50% 재활용)","테이블상판/하부프레임/의자: 순한 세제에 적신 천으로 닦으세요. 깨끗한 천으로 물기를 닦아주세요.
테이블+의자4: 안정성을 위하여 조립 2주 후에 나사를 점검하고 필요한 경우 다시 조여주세요.",의자는 가정용으로 적합 판정을 받았으며 EN 12520 및 EN 1022의 내구성과 안전성 기준에 부합하는 제품입니다. 이 의자는 관련된 강도 및 내구성 표준을 준수하고 테스트를 거친 제품입니다. 테스트는 일반적인 제품의 사용 횟수와 110kg인 사용자를 기준으로 실시되었습니다.,107.0,107.0,75.0,45.0,47.0,79.0,"이 제품은 6 개 패키지로 구성됩니다.
VIHALS 비할스 테이블상판 제품 번호 305.945.56 폭: 57 cm 높이: 5 cm 길이: 113 cm 무게: 12.10 kg 패키지: 1
VIHALS 비할스 하부프레임 제품 번호 705.945.64 폭: 20 cm 높이: 7 cm 길이: 77 cm 무게: 6.94 kg 패키지: 1
VIHALS 비할스 의자 제품 번호 805.927.34 폭: 49 cm 높이: 9 cm 길이: 97 cm 무게: 3.48 kg 패키지: 4",,4.0,dining_table_set,IKEA,white,"modern,nordic,minimal",True,medium,False,"VIHALS 비할스 / VIHALS 비할스 테이블+의자4, 화이트 화이트/화이트, 107 cm 현대적인 분위기의 깔끔하고 절제된 디자인이 다양한 인테리어 설정과 원활하게 어울려요.

둥근 모양의 테이블에서는 모두가 서로를 볼 수 있기 때문에 친목을 다지기에 더욱 좋아요.

멜라민 포일 테이블 상판은 기능을 갖췄을 뿐 아니라 젖은 천으로 쉽게 청소할 수 있어요.

최대 6개까지 쌓아 놓을 수 있어서 편하게 보관할 수 있습니다.

고강도 파우더 코팅 스틸 하부프레임은 안정적이며, 녹과 부식에 강하여 시간이 흘러도 내구성이 우수합니다.

고강도 파우더 코팅 스틸과 플라스틱으로 만든 가벼운 의자는 옮기기 쉬우며 쓱 닦아서 청소할 수 있어요.

고강도 스틸을 사용함으로써 일반적인 스틸보다 적은 소재를 사용하여 자원 효율성을 극대화하고 뛰어난 내구성과 강도를 제공합니다. 테이블상판: 파티클보드, 멜라민포일, 플라스틱 테두리, 플라스틱 테두리, 멜라민포일
하부프레임 다리/ 사이드 레일: 스틸, 에폭시/폴리에스테르 파우더코팅
안쪽 다리: 스틸
의자 다리 프레임/ 핀/ 크로스 레일: 스틸, 에폭시/폴리에스테르 파우더코팅
시트/ 등받이: 폴리프로필렌 플라스틱(최소 50% 재활용) 테이블상판/하부프레임/의자: 순한 세제에 적신 천으로 닦으세요. 깨끗한 천으로 물기를 닦아주세요.
테이블+의자4: 안정성을 위하여 조립 2주 후에 나사를 점검하고 필요한 경우 다시 조여주세요. "
"DANDERYD 단데뤼드 / SKOGSTA 스콕스타 테이블+의자2, 참나무무늬목 화이트/아카시아나무, 74x134/80 cm",https://www.ikea.com/kr/ko/p/danderyd-skogsta-table-and-2-chairs-oak-veneer-white-acacia-s59568095/,"https://www.ikea.com/kr/ko/images/products/danderyd-skogsta-table-and-2-chairs-oak-veneer-white-acacia__1324475_pe943567_s5.jpg?f=xxs,https://www.ikea.com/kr/ko/images/products/danderyd-skogsta-table-and-2-chairs-oak-veneer-white-acacia__1338297_pe948235_s5.jpg?f=xxs",458800,,3.8,4.0,595.680.95,"길이를 조절하기만 하면 아이들과 숙제를 하거나 그림을 그리고 게임을 하는 등, 다양한 활동에 적합한 공간을 만들 수 있습니다.

관 형태 스틸 소재 테이블다리는 전통 방식으로 만들고 가공한 목재 모양으로 강도와 내구성이 뛰어납니다.

테이블마다 나무 특유의 다양한 나뭇결과 자연스러운 색감을 고스란히 담고 있어 독특한 개성을 지닙니다.

원목 베니어로 마감한 테이블 상판은 스테인 및 래커 처리해 내구성을 살렸으며 자연스러운 나무 질감이 돋보입니다.

참고:
실내에서만 사용하세요.
2-4인용.
표면 긁힘과 바닥의 의자 긁히는 소리를 방지하려면 별도 판매 제품인 FIXA 픽사 자체 접착식 바닥보호판을 함께 사용하세요.","드롭리프테이블
기본 프레임/ 보조 레일/ 다리: 스틸, 에폭시/폴리에스테르 파우더코팅
안쪽 다리: 스틸
상판/ 드롭 리프: 파티클보드, 참나무 무늬목, 참나무 원목, 투명 아크릴 래커
의자
다리/ 다리 레일/ 뒷축/레일: 아카시아나무 원목, 투명 아크릴 래커
다리 프레임/ 시트/ 등받이: 아카시아나무 원목, 접착제, 투명 아크릴 래커","의자테이블+의자2:
깨끗한 천으로 물기를 닦아주세요.
안전한 사용을 위해 필요시 나사를 다시 조여주세요.
테이블테이블+의자2:
순한 세제에 적신 천으로 닦으세요.
안전한 사용을 위해 필요시 나사를 다시 조여주세요.",의자는 가정용으로 적합 판정을 받았으며 EN 12520 및 EN 1022의 내구성과 안전성 기준에 부합하는 제품입니다.,134.0,80.0,75.0,46.0,55.0,94.0,"이 제품은 4 개 패키지로 구성됩니다.

DANDERYD 단데뤼드 드롭리프테이블 제품 번호 905.161.22
이 제품은 여러 개의 패키지로 포장되어 있습니다.
폭: 77 cm
높이: 5 cm
길이: 84 cm
무게: 16.23 kg
패키지: 1

폭: 41 cm
높이: 7 cm
길이: 78 cm
무게: 13.65 kg
패키지: 1

SKOGSTA 스콕스타 의자 제품 번호 705.448.71
폭: 46 cm
높이: 44 cm
길이: 63 cm
무게: 5.90 kg
패키지: 2",,2.0,dining_table_set,IKEA,white,"modern,nordic,minimal",True,medium,False,"DANDERYD 단데뤼드 / SKOGSTA 스콕스타 테이블+의자2, 참나무무늬목 화이트/아카시아나무, 74x134/80 cm 길이를 조절하기만 하면 아이들과 숙제를 하거나 그림을 그리고 게임을 하는 등, 다양한 활동에 적합한 공간을 만들 수 있습니다.

관 형태 스틸 소재 테이블다리는 전통 방식으로 만들고 가공한 목재 모양으로 강도와 내구성이 뛰어납니다.

테이블마다 나무 특유의 다양한 나뭇결과 자연스러운 색감을 고스란히 담고 있어 독특한 개성을 지닙니다.

원목 베니어로 마감한 테이블 상판은 스테인 및 래커 처리해 내구성을 살렸으며 자연스러운 나무 질감이 돋보입니다.

참고:
실내에서만 사용하세요.
2-4인용.
표면 긁힘과 바닥의 의자 긁히는 소리를 방지하려면 별도 판매 제품인 FIXA 픽사 자체 접착식 바닥보호판을 함께 사용하세요. 드롭리프테이블
기본 프레임/ 보조 레일/ 다리: 스틸, 에폭시/폴리에스테르 파우더코팅
안쪽 다리: 스틸
상판/ 드롭 리프: 파티클보드, 참나무 무늬목, 참나무 원목, 투명 아크릴 래커
의자
다리/ 다리 레일/ 뒷축/레일: 아카시아나무 원목, 투명 아크릴 래커
다리 프레임/ 시트/ 등받이: 아카시아나무 원목, 접착제, 투명 아크릴 래커 의자테이블+의자2:
깨끗한 천으로 물기를 닦아주세요.
안전한 사용을 위해 필요시 나사를 다시 조여주세요.
테이블테이블+의자2:
순한 세제에 적신 천으로 닦으세요.
안전한 사용을 위해 필요시 나사를 다시 조여주세요. "
"DOCKSTA 독스타 / SANDSBERG 산스베리 테이블+의자4, 화이트/렘마른다크블루, 103 cm",https://www.ikea.com/kr/ko/p/docksta-sandsberg-table-and-4-chairs-white-remmarn-dark-blue-s19625818/,"https://www.ikea.com/kr/ko/images/products/docksta-sandsberg-table-and-4-chairs-white-remmarn-dark-blue__1541983_pe1018263_s5.jpg?f=xxs,https://www.ikea.com/kr/ko/images/products/docksta-sandsberg-table-and-4-chairs-white-remmarn-dark-blue__1517274_pe1012212_s5.jpg?f=xxs",324000,349000.0,2.0,1.0,196.258.18,"최대 4개까지 쌓아 놓을 수 있어서 편하게 보관할 수 있습니다.
메탈 하부프레임 덕분에 의자가 잘 움직이지 않아요.
커버식 의자 시트는 체중을 분산시키고 골조에 미치는 압력을 줄여줍니다.
실내에서만 사용하세요.","테이블상판: 파티클보드, 라미네이트, 플라스틱 테두리
하부프레임 설치판/기둥/베이스: 스틸, 에폭시/폴리에스테르 파우더코팅
커버: ABS 플라스틱
의자 패브릭: 폴리에스테르 100%(최소 90% 재활용)
의자 프레임: 스틸, 에폭시/폴리에스테르 파우더코팅
의자 시트: 폴리에스테르 100 %, 폴리우레탄 폼 35kg/cu.m., 적층 무늬목
의자 등받이: 폴리에스테르 100%(최소 70% 재활용)
의자 패브릭: 폴리에스테르 100% (100% 재활용)","커버의자: 세탁하지 마세요. 표백하지 마세요. 건조기에 넣지 마세요. 다림질하지 마세요. 드라이클리닝하지 마세요. 진공청소기를 사용하세요. 가벼운 얼룩은 섬유세제를 이용하거나 물 또는 중성세제에 적신 스펀지로 지워주세요.
의자: 중성세제를 희석한 물로 닦아주세요. 깨끗한 천으로 물기를 닦아주세요. 안전한 사용을 위해 필요시 나사를 다시 조여주세요.
테이블상판: 플라스틱용 세제로 자주 닦으세요. 깨끗한 천으로 물기를 닦아주세요.
하부프레임: 순한 세제에 적신 천으로 닦으세요. 깨끗한 천으로 물기를 닦아주세요. 안전한 사용을 위해 필요시 나사를 다시 조여주세요.",최대 4개의 의자를 쌓아둘 수 있습니다. 이 의자는 관련된 강도 및 내구성 표준을 준수하고 테스트를 거친 제품입니다. 테스트는 일반적인 제품의 사용 횟수와 110kg인 사용자를 기준으로 실시되었습니다.,103.0,103.0,,,,,"이 제품은 6 개 패키지로 구성됩니다.
DOCKSTA 독스타 테이블상판 제품 번호 404.472.68 폭: 105 cm 높이: 3 cm 길이: 114 cm 무게: 11.90 kg 패키지: 1
DOCKSTA 독스타 하부프레임 제품 번호 004.472.70 폭: 61 cm 높이: 22 cm 길이: 61 cm 무게: 17.75 kg 패키지: 1
SANDSBERG 산스베리 의자 제품 번호 706.052.56 폭: 46 cm 높이: 12 cm 길이: 50 cm 무게: 3.84 kg 패키지: 4",,4.0,dining_table_set,IKEA,white,"modern,nordic,minimal",False,low,False,"DOCKSTA 독스타 / SANDSBERG 산스베리 테이블+의자4, 화이트/렘마른다크블루, 103 cm 최대 4개까지 쌓아 놓을 수 있어서 편하게 보관할 수 있습니다.
메탈 하부프레임 덕분에 의자가 잘 움직이지 않아요.
커버식 의자 시트는 체중을 분산시키고 골조에 미치는 압력을 줄여줍니다.
실내에서만 사용하세요. 테이블상판: 파티클보드, 라미네이트, 플라스틱 테두리
하부프레임 설치판/기둥/베이스: 스틸, 에폭시/폴리에스테르 파우더코팅
커버: ABS 플라스틱
의자 패브릭: 폴리에스테르 100%(최소 90% 재활용)
의자 프레임: 스틸, 에폭시/폴리에스테르 파우더코팅
의자 시트: 폴리에스테르 100 %, 폴리우레탄 폼 35kg/cu.m., 적층 무늬목
의자 등받이: 폴리에스테르 100%(최소 70% 재활용)
의자 패브릭: 폴리에스테르 100% (100% 재활용) 커버의자: 세탁하지 마세요. 표백하지 마세요. 건조기에 넣지 마세요. 다림질하지 마세요. 드라이클리닝하지 마세요. 진공청소기를 사용하세요. 가벼운 얼룩은 섬유세제를 이용하거나 물 또는 중성세제에 적신 스펀지로 지워주세요.
의자: 중성세제를 희석한 물로 닦아주세요. 깨끗한 천으로 물기를 닦아주세요. 안전한 사용을 위해 필요시 나사를 다시 조여주세요.
테이블상판: 플라스틱용 세제로 자주 닦으세요. 깨끗한 천으로 물기를 닦아주세요.
하부프레임: 순한 세제에 적신 천으로 닦으세요. 깨끗한 천으로 물기를 닦아주세요. 안전한 사용을 위해 필요시 나사를 다시 조여주세요. "
"PINNTORP 핀토르프 / PINNTORP 핀토르프 테이블+의자4, 라이트 스테인 브라운 레드스테인/레드스테인, 125 cm",https://www.ikea.com/kr/ko/p/pinntorp-pinntorp-table-and-4-chairs-light-brown-stained-red-stained-red-stained-s99484452/,"https://www.ikea.com/kr/ko/images/products/pinntorp-pinntorp-table-and-4-chairs-light-brown-stained-red-stained-red-stained__1140084_pe880624_s5.jpg?f=xxs,https://www.ikea.com/kr/ko/images/products/pinntorp-pinntorp-table-and-4-chairs-light-brown-stained-red-stained-red-stained__1140085_pe880623_s5.jpg?f=xxs",351600,368600.0,5.0,4.0,994.844.52,"작지만 깔끔한 디자인으로 좁은 공간에서도 쉽고 편하게 사용할 수 있습니다.
견고하고 오래 사용할 수 있는 원목으로 만든 의자프레임이에요.
팔걸이가 없어 의자를 테이블 아래로 쏙 밀어 넣으면 바닥 공간을 차지하지 않습니다.
실내에서만 사용하세요.
지역사회의 규칙에 따라 재활용 또는 에너지 회수를 위해 분리 배출할 수 있습니다.","테이블 상판: 소나무 원목, 접착제, 스테인, 투명 아크릴 래커, 투명래커
테이블 하단 프레임: 소나무 원목, 접착제, 스테인, 투명 아크릴 래커
의자: 소나무 원목, 스테인, 투명 아크릴 래커","테이블: 안전한 사용을 위해 필요시 나사를 다시 조여주세요.
탈부착커버테이블+의자4: 세탁기 사용 가능, 최대 40°C, 표준 코스. 표백하지 마세요. 건조기에 넣지 마세요. 다림질, 최대 150°C. 드라이클리닝하지 마세요.
테이블테이블+의자4: 순한 세제에 적신 천으로 닦으세요. 깨끗한 천으로 물기를 닦아주세요.","의자는 가정용으로 적합 판정을 받았으며 EN 12520 및 EN 1022의 내구성과 안전성 기준에 부합하는 제품입니다.
40,000 사이클의 마모성 테스트를 완료한 커버입니다. 15,000 사이클 이상을 견디는 제품은 집에서 매일 사용하는 가구용으로 적합합니다. 30,000 사이클 이상 견디는 제품은 마모 방지 기능이 매우 탁월합니다.
내변색성 레벨 1~8 중 레벨 5~6 판정을 받은 커버입니다. 업계 표준에 따르면 가정용으로는 레벨 4 이상이 적합합니다.",125.0,,,,,,"이 제품은 6 개 패키지로 구성됩니다.
PINNTORP 핀토르프 테이블 제품 번호 205.294.63
폭: 79 cm
높이: 3 cm
길이: 132 cm
무게: 11.00 kg
패키지: 1
폭: 37 cm
높이: 5 cm
길이: 104 cm
무게: 6.90 kg
패키지: 1
PINNTORP 핀토르프 의자 제품 번호 805.294.79
폭: 49 cm
높이: 10 cm
길이: 91 cm
무게: 4.20 kg
패키지: 4",,4.0,dining_table_set,IKEA,light_wood,"modern,nordic,minimal",True,medium,False,"PINNTORP 핀토르프 / PINNTORP 핀토르프 테이블+의자4, 라이트 스테인 브라운 레드스테인/레드스테인, 125 cm 작지만 깔끔한 디자인으로 좁은 공간에서도 쉽고 편하게 사용할 수 있습니다.
견고하고 오래 사용할 수 있는 원목으로 만든 의자프레임이에요.
팔걸이가 없어 의자를 테이블 아래로 쏙 밀어 넣으면 바닥 공간을 차지하지 않습니다.
실내에서만 사용하세요.
지역사회의 규칙에 따라 재활용 또는 에너지 회수를 위해 분리 배출할 수 있습니다. 테이블 상판: 소나무 원목, 접착제, 스테인, 투명 아크릴 래커, 투명래커
테이블 하단 프레임: 소나무 원목, 접착제, 스테인, 투명 아크릴 래커
의자: 소나무 원목, 스테인, 투명 아크릴 래커 테이블: 안전한 사용을 위해 필요시 나사를 다시 조여주세요.
탈부착커버테이블+의자4: 세탁기 사용 가능, 최대 40°C, 표준 코스. 표백하지 마세요. 건조기에 넣지 마세요. 다림질, 최대 150°C. 드라이클리닝하지 마세요.
테이블테이블+의자4: 순한 세제에 적신 천으로 닦으세요. 깨끗한 천으로 물기를 닦아주세요. "
"MÖRBYLÅNGA 뫼르뷜롱아 / TOBIAS 토비아스 테이블+의자4, 참나무무늬목 브라운스테인/레드브라운 크롬도금, 140x85 cm",https://www.ikea.com/kr/ko/p/moerbylanga-tobias-table-and-4-chairs-oak-veneer-brown-stained-brown-red-chrome-plated-s89484947/,"https://www.ikea.com/pimg/1143379_pe881482_s5.jpg?f=xxs,https://www.ikea.com/pimg/1143378_pe881483_s5.jpg?f=xxs",1195000,1275000.0,5.0,4.0,894.849.47,"내구성이 뛰어난 식탁세트로, 많은 손님이 찾아오는 모임을 준비할 때 유용합니다. 원목 소재여서 오랫동안 온 가족이 둘러앉아 식사하고 다양한 활동을 해도 변함없이 튼튼합니다.
널빤지의 느낌을 강조한 디자인으로 진짜 나무의 느낌이 살아있습니다.
상판이 더욱 돋보이도록 가장자리를 디자인했습니다.
원목의 나뭇결과 색상이 각각 다르기 때문에 테이블마다 독특한 매력을 느낄 수 있습니다.
의자시트와 등받이의 탄성이 좋아서 편안하게 앉을 수 있습니다.
실내에서만 사용하세요.
대나무는 천연 섬유이며 시간이 지나면 색이 변할 수도 있습니다.","테이블 상판: 파티클보드, 참나무 무늬목, 스테인, 틴트 투명 아크릴 래커, 두꺼운 오크무늬목
테이블 다리/기본 프레임/크로스 레일: 파티클보드, 참나무 원목, 두꺼운 오크무늬목, 스테인, 틴트 투명 아크릴 래커
의자 다리 프레임: 스틸, 크롬도금
의자 등받이 일체형 시트: PC 플라스틱
의자 다리받침: 폴리프로필렌 플라스틱
의자 너트: 아연, 크롬도금
의자 보호대/나사받이: 합성고무","의자 테이블+의자4: 중성세제를 희석한 물로 닦아주세요. 깨끗한 천으로 물기를 닦아주세요.
테이블 테이블+의자4: 순한 세제에 적신 천으로 닦으세요. 깨끗한 천으로 물기를 닦아주세요.",의자는 가정용으로 적합 판정을 받았으며 EN 12520 및 EN 1022의 내구성과 안전성 기준에 부합하는 제품입니다.,140.0,85.0,,,,,"이 제품은 11 개 패키지로 구성됩니다.
MÖRBYLÅNGA 뫼르뷜롱아 테이블 제품 번호 703.862.49
패키지 1: 폭: 51 cm, 높이: 5 cm, 길이: 147 cm, 무게: 17.35 kg
패키지 2: 폭: 51 cm, 높이: 5 cm, 길이: 147 cm, 무게: 17.33 kg
패키지 3: 폭: 74 cm, 높이: 18 cm, 길이: 91 cm, 무게: 16.60 kg
TOBIAS 토비아스 의자 제품 번호 705.325.90
패키지 4개: 폭: 50 cm, 높이: 43 cm, 길이: 54 cm, 무게: 3.56 kg
패키지 4개: 폭: 47 cm, 높이: 36 cm, 길이: 58 cm, 무게: 3.81 kg",,4.0,dining_table_set,IKEA,unknown,"modern,nordic,minimal",True,low,False,"MÖRBYLÅNGA 뫼르뷜롱아 / TOBIAS 토비아스 테이블+의자4, 참나무무늬목 브라운스테인/레드브라운 크롬도금, 140x85 cm 내구성이 뛰어난 식탁세트로, 많은 손님이 찾아오는 모임을 준비할 때 유용합니다. 원목 소재여서 오랫동안 온 가족이 둘러앉아 식사하고 다양한 활동을 해도 변함없이 튼튼합니다.
널빤지의 느낌을 강조한 디자인으로 진짜 나무의 느낌이 살아있습니다.
상판이 더욱 돋보이도록 가장자리를 디자인했습니다.
원목의 나뭇결과 색상이 각각 다르기 때문에 테이블마다 독특한 매력을 느낄 수 있습니다.
의자시트와 등받이의 탄성이 좋아서 편안하게 앉을 수 있습니다.
실내에서만 사용하세요.
대나무는 천연 섬유이며 시간이 지나면 색이 변할 수도 있습니다. 테이블 상판: 파티클보드, 참나무 무늬목, 스테인, 틴트 투명 아크릴 래커, 두꺼운 오크무늬목
테이블 다리/기본 프레임/크로스 레일: 파티클보드, 참나무 원목, 두꺼운 오크무늬목, 스테인, 틴트 투명 아크릴 래커
의자 다리 프레임: 스틸, 크롬도금
의자 등받이 일체형 시트: PC 플라스틱
의자 다리받침: 폴리프로필렌 플라스틱
의자 너트: 아연, 크롬도금
의자 보호대/나사받이: 합성고무 의자 테이블+의자4: 중성세제를 희석한 물로 닦아주세요. 깨끗한 천으로 물기를 닦아주세요.
테이블 테이블+의자4: 순한 세제에 적신 천으로 닦으세요. 깨끗한 천으로 물기를 닦아주세요. "
"STRANDTORP 스트란드토르프 / BERGMUND 베리문드 테이블+의자8, 브라운/GUNNARED 군나레드 미디엄그레이, 150/205/260 cm",https://www.ikea.com/kr/ko/p/strandtorp-bergmund-table-and-8-chairs-brown-gunnared-medium-grey-s89441062/,"https://www.ikea.com/kr/ko/images/products/strandtorp-bergmund-table-and-8-chairs-brown-gunnared-medium-grey__1057189_pe848772_s5.jpg?f=xxs,https://www.ikea.com/kr/ko/images/products/strandtorp-bergmund-table-and-8-chairs-brown-gunnared-medium-grey__1057145_pe848773_s5.jpg?f=xxs",1428200,1498200.0,5.0,3.0,894.410.62,"자체 보관 상판 2개를 간편하게 꺼내 테이블을 확장할 수 있으며, 손님이 떠나면 쉽게 분리하여 테이블 상판 아래에 접어 넣을 수 있습니다.
다크브라운 테이블의 원목 베니어 상판은 내구성을 위해 스테인과 래커로 처리했으며 자연스러운 나무 질감이 돋보입니다.
테이블 다리와 하부프레임은 견고하고 내구성이 뛰어난 파우더 코팅 스틸로 만들었습니다.
새로운 조사 결과와 기법을 바탕으로 제작되어 놀랍도록 편안하게 앉을 수 있는 폭신한 의자예요. 의자커버를 다른 색상이나 모델로 바꿔 언제든지 스타일에 변화를 줄 수 있습니다.
의자 커버는 섬유 사이에 좁은 간격이 있는 평평한 폴리에스테르 섬유로 구성했어요. 그래서 더 탄력적이며 통기성이 우수해 앉으면 쾌적합니다.
둥근 곡선을 이루는 시트의 바닥면이 전 세계 대부분의 사람들 엉덩이뼈에 맞게 조정됩니다. 획기적인 기술이 적용된 패딩 시트의 형태 덕분에 편안함을 최대로 만끽할 수 있어요.
등받이에 허리지지대가 들어 있으며, 시트와 등받이가 딱 알맞은 각도를 이뤄 오래 앉아도 편안합니다.
커버는 폴리에스테르 소재의 GUNNARED 군나레드 원착 패브릭으로 만들었어요. 울과 같은 느낌을 지닌 내구성이 우수한 패브릭으로, 따스한 분위기와 투톤의 멜란지 효과가 특징입니다.
커버를 벗겨서 세탁할 수 있어 깨끗하게 관리할 수 있습니다.
한 장으로 이루어진 의자커버예요. 벨크로 테이프로 고정할 수 있어 쉽게 벗기고 편리하게 씌울 수 있습니다.
의자다리는 내구성이 뛰어난 원목 소재로 제작되었습니다.
실내에서만 사용하세요.
4-10인용.
지역사회의 규칙에 따라 재활용 또는 에너지 회수를 위해 분리 배출할 수 있습니다.
FIXA/픽사 바닥 보호 스티커와 함께 사용해 아래의 표면이 마모되지 않도록 보호할 수 있습니다.
BERGMUND 베리문드 의자용 추가 커버(별도 판매)는 다양한 모델, 색상, 소재로 제공됩니다.
커버는 벗겨서 세탁할 수 있습니다.","확장형테이블 상판: 파티클보드, 참나무 무늬목, 스테인, 투명 아크릴 래커, 참나무 무늬목
레일,옆: 스틸, 에폭시/폴리에스테르 파우더코팅, 아크릴 코팅
엔드 레일/ 다리/ 브래킷: 스틸, 에폭시/폴리에스테르 파우더코팅
의자프레임 다리: 원목, 스테인, 투명 아크릴 래커
시트 프레임: 스틸, 에폭시코팅
등받이 프레임: 스틸
보조 패널: 폴리에틸렌 플라스틱
등받이 쿠션/ 시트 쿠션: 폴리에스테르 100%
안감/ 내화 안감: 폴리에스테르충전재
의자커버 등받이 원단: 폴리에스테르 100% (100% 재활용)
조성율: 폴리에스테르 100 %","확장형테이블/의자프레임: 안전한 사용을 위해 필요시 나사를 다시 조여주세요.
의자테이블+의자8: 진공청소기를 사용하세요. 중성세제를 희석한 물로 닦아주세요. 순한 세제에 적신 천으로 닦으세요. 깨끗한 천으로 물기를 닦아주세요. 가벼운 얼룩은 섬유세제를 이용하거나 물 또는 중성세제에 적신 스펀지로 지워주세요.
테이블.테이블+의자8: 순한 세제에 적신 천으로 닦으세요. 깨끗한 천으로 물기를 닦아주세요.
탈부착커버의자커버: 세탁기 사용 가능, 최대 40°C, 표준 코스. 표백하지 마세요. 건조기에 넣지 마세요. 다림질, 최대 150°C. 드라이클리닝, 표준 코스.","의자는 가정용으로 적합 판정을 받았으며 EN 12520 및 EN 1022의 내구성과 안전성 기준에 부합하는 제품입니다.
내변색성 레벨 1~8 중 레벨 5 판정을 받은 커버입니다. 업계 표준에 따르면 가정용으로는 레벨 4 이상이 적합합니다.
본 커버는 50,000회의 마모를 견뎌낼 수 있도록 시험을 거쳤습니다. 15,000회 이상을 견디는 제품은 집에서 매일 사용하는 가구에 적합하며, 30,000회 이상을 견디는 제품은 쉽게 마모되지 않습니다.",205.0,95.0,75.0,,,,"이 제품은 19 개 패키지로 구성됩니다.
STRANDTORP 스트란드토르프 확장형테이블 제품 번호 704.008.96
폭: 43 cm 높이: 12 cm 길이: 132 cm 무게: 20.25 kg 패키지: 1
폭: 78 cm 높이: 5 cm 길이: 99 cm 무게: 18.00 kg 패키지: 1
폭: 59 cm 높이: 4 cm 길이: 99 cm 무게: 17.50 kg 패키지: 1
BERGMUND 베리문드 의자프레임 제품 번호 604.001.37
폭: 50 cm 높이: 19 cm 길이: 61 cm 무게: 8.15 kg 패키지: 8
BERGMUND 베리문드 의자커버 제품 번호 904.810.52
폭: 18 cm 높이: 5 cm 길이: 22 cm 무게: 0.40 kg 패키지: 8","튼튼하고 분위기 있는 식탁세트
인증된 구매자
일단 튼튼하고 너무 안정적이에요 그리고 조립은 시간이 좀 걸리긴 하지만 설명이 잘 되어있어서 충분히 하실 수 있지만 편한 것을 추구하신다면 서비스 받는 거 추천드려요. 그리고 4-8인용으로 늘어나기 때문에 손님올때 걱정없고 1달 썼는데 매우 만족합니다",8.0,dining_table_set,IKEA,unknown,"modern,nordic,minimal",True,low,False,"STRANDTORP 스트란드토르프 / BERGMUND 베리문드 테이블+의자8, 브라운/GUNNARED 군나레드 미디엄그레이, 150/205/260 cm 자체 보관 상판 2개를 간편하게 꺼내 테이블을 확장할 수 있으며, 손님이 떠나면 쉽게 분리하여 테이블 상판 아래에 접어 넣을 수 있습니다.
다크브라운 테이블의 원목 베니어 상판은 내구성을 위해 스테인과 래커로 처리했으며 자연스러운 나무 질감이 돋보입니다.
테이블 다리와 하부프레임은 견고하고 내구성이 뛰어난 파우더 코팅 스틸로 만들었습니다.
새로운 조사 결과와 기법을 바탕으로 제작되어 놀랍도록 편안하게 앉을 수 있는 폭신한 의자예요. 의자커버를 다른 색상이나 모델로 바꿔 언제든지 스타일에 변화를 줄 수 있습니다.
의자 커버는 섬유 사이에 좁은 간격이 있는 평평한 폴리에스테르 섬유로 구성했어요. 그래서 더 탄력적이며 통기성이 우수해 앉으면 쾌적합니다.
둥근 곡선을 이루는 시트의 바닥면이 전 세계 대부분의 사람들 엉덩이뼈에 맞게 조정됩니다. 획기적인 기술이 적용된 패딩 시트의 형태 덕분에 편안함을 최대로 만끽할 수 있어요.
등받이에 허리지지대가 들어 있으며, 시트와 등받이가 딱 알맞은 각도를 이뤄 오래 앉아도 편안합니다.
커버는 폴리에스테르 소재의 GUNNARED 군나레드 원착 패브릭으로 만들었어요. 울과 같은 느낌을 지닌 내구성이 우수한 패브릭으로, 따스한 분위기와 투톤의 멜란지 효과가 특징입니다.
커버를 벗겨서 세탁할 수 있어 깨끗하게 관리할 수 있습니다.
한 장으로 이루어진 의자커버예요. 벨크로 테이프로 고정할 수 있어 쉽게 벗기고 편리하게 씌울 수 있습니다.
의자다리는 내구성이 뛰어난 원목 소재로 제작되었습니다.
실내에서만 사용하세요.
4-10인용.
지역사회의 규칙에 따라 재활용 또는 에너지 회수를 위해 분리 배출할 수 있습니다.
FIXA/픽사 바닥 보호 스티커와 함께 사용해 아래의 표면이 마모되지 않도록 보호할 수 있습니다.
BERGMUND 베리문드 의자용 추가 커버(별도 판매)는 다양한 모델, 색상, 소재로 제공됩니다.
커버는 벗겨서 세탁할 수 있습니다. 확장형테이블 상판: 파티클보드, 참나무 무늬목, 스테인, 투명 아크릴 래커, 참나무 무늬목
레일,옆: 스틸, 에폭시/폴리에스테르 파우더코팅, 아크릴 코팅
엔드 레일/ 다리/ 브래킷: 스틸, 에폭시/폴리에스테르 파우더코팅
의자프레임 다리: 원목, 스테인, 투명 아크릴 래커
시트 프레임: 스틸, 에폭시코팅
등받이 프레임: 스틸
보조 패널: 폴리에틸렌 플라스틱
등받이 쿠션/ 시트 쿠션: 폴리에스테르 100%
안감/ 내화 안감: 폴리에스테르충전재
의자커버 등받이 원단: 폴리에스테르 100% (100% 재활용)
조성율: 폴리에스테르 100 % 확장형테이블/의자프레임: 안전한 사용을 위해 필요시 나사를 다시 조여주세요.
의자테이블+의자8: 진공청소기를 사용하세요. 중성세제를 희석한 물로 닦아주세요. 순한 세제에 적신 천으로 닦으세요. 깨끗한 천으로 물기를 닦아주세요. 가벼운 얼룩은 섬유세제를 이용하거나 물 또는 중성세제에 적신 스펀지로 지워주세요.
테이블.테이블+의자8: 순한 세제에 적신 천으로 닦으세요. 깨끗한 천으로 물기를 닦아주세요.
탈부착커버의자커버: 세탁기 사용 가능, 최대 40°C, 표준 코스. 표백하지 마세요. 건조기에 넣지 마세요. 다림질, 최대 150°C. 드라이클리닝, 표준 코스. 튼튼하고 분위기 있는 식탁세트
인증된 구매자
일단 튼튼하고 너무 안정적이에요 그리고 조립은 시간이 좀 걸리긴 하지만 설명이 잘 되어있어서 충분히 하실 수 있지만 편한 것을 추구하신다면 서비스 받는 거 추천드려요. 그리고 4-8인용으로 늘어나기 때문에 손님올때 걱정없고 1달 썼는데 매우 만족합니다"
"STOCKHOLM 2025 스톡홀름 2025 / STOCKHOLM 2025 스톡홀름 2025 테이블+팔걸이의자4, 참나무무늬목/레드, 115 cm",https://www.ikea.com/kr/ko/p/stockholm-2025-stockholm-2025-table-and-4-chairs-with-armrests-oak-veneer-red-s69606596/,"https://www.ikea.com/pimg/1373055_pe959867_s5.jpg?f=xxs,https://www.ikea.com/pimg/1425141_ph203086_s5.jpg?f=xxs",1735000,1795000.0,4.5,2.0,696.065.96,"둥근 식탁과 의자 4개로 구성되어 중소규모로 인원이 모일 때 적합합니다.
고품질 참나무 무늬목 테이블에 투명 아크릴 래커로 마감하여 내구성이 우수하고 깔끔하며 자연스러운 느낌이 돋보여요. 기능과 디자인이 만난 제품이에요.
각 프레임은 스팀 벤딩 공정을 사용하여 수작업을 통해 너도밤나무 원목을 처리하여 만들어요. 이러한 과정을 거쳐 시간이 흘러도 근사한 내구성 있는 제품이 탄생합니다.
클래식한 구부려 만든 나무 디자인에 스칸디나비아 감성이 입혀져 집에 현대적인 느낌을 선사합니다.
실내에서만 사용하세요.
4인용.","테이블상판: 파티클보드, 적층 무늬목, 벌집구조 종이 충전재(100% 재활용), 참나무 무늬목, 참나무 무늬목, 투명 아크릴 래커, 참나무 무늬목, 투명 아크릴 래커, 참나무 무늬목, 투명 아크릴 래커
다리: 원목, 참나무 무늬목, 투명 아크릴 래커
의자 등받이/팔걸이/앞다리: 너도밤나무 원목, 스테인, 투명 아크릴 래커
시트 둘레: 너도밤나무 원목, 접착제, 스테인, 투명 아크릴 래커, 투명래커
시트: 적층 무늬목, 너도밤나무 무늬목, 투명 아크릴 래커, 스테인, 투명래커","테이블상판/다리: 순한 세제에 적신 천으로 닦으세요. 깨끗한 천으로 물기를 닦아주세요.
의자: 깨끗한 천으로 물기를 닦아주세요. 안정성을 위하여 조립 2주 후에 나사를 점검하고 필요한 경우 다시 조여주세요.",의자는 가정용으로 적합 판정을 받았으며 EN 12520 및 EN 1022의 내구성과 안전성 기준에 부합하는 제품입니다. 이 의자는 관련된 강도 및 내구성 표준을 준수하고 테스트를 거친 제품입니다. 테스트는 일반적인 제품의 사용 횟수와 110kg인 사용자를 기준으로 실시되었습니다.,115.0,115.0,75.0,52.0,49.0,80.0,"이 제품은 6 개 패키지로 구성됩니다.
STOCKHOLM 2025 스톡홀름 2025 테이블상판 제품 번호 805.934.27 폭: 127 cm 높이: 5 cm 길이: 128 cm 무게: 26.25 kg 패키지: 1
STOCKHOLM 2025 스톡홀름 2025 다리 제품 번호 205.934.25 폭: 36 cm 높이: 9 cm 길이: 78 cm 무게: 7.67 kg 패키지: 1
STOCKHOLM 2025 스톡홀름 2025 의자 제품 번호 505.909.44 폭: 54 cm 높이: 29 cm 길이: 81 cm 무게: 5.90 kg 패키지: 4",,4.0,dining_table_set,IKEA,unknown,"modern,nordic,minimal",True,medium,False,"STOCKHOLM 2025 스톡홀름 2025 / STOCKHOLM 2025 스톡홀름 2025 테이블+팔걸이의자4, 참나무무늬목/레드, 115 cm 둥근 식탁과 의자 4개로 구성되어 중소규모로 인원이 모일 때 적합합니다.
고품질 참나무 무늬목 테이블에 투명 아크릴 래커로 마감하여 내구성이 우수하고 깔끔하며 자연스러운 느낌이 돋보여요. 기능과 디자인이 만난 제품이에요.
각 프레임은 스팀 벤딩 공정을 사용하여 수작업을 통해 너도밤나무 원목을 처리하여 만들어요. 이러한 과정을 거쳐 시간이 흘러도 근사한 내구성 있는 제품이 탄생합니다.
클래식한 구부려 만든 나무 디자인에 스칸디나비아 감성이 입혀져 집에 현대적인 느낌을 선사합니다.
실내에서만 사용하세요.
4인용. 테이블상판: 파티클보드, 적층 무늬목, 벌집구조 종이 충전재(100% 재활용), 참나무 무늬목, 참나무 무늬목, 투명 아크릴 래커, 참나무 무늬목, 투명 아크릴 래커, 참나무 무늬목, 투명 아크릴 래커
다리: 원목, 참나무 무늬목, 투명 아크릴 래커
의자 등받이/팔걸이/앞다리: 너도밤나무 원목, 스테인, 투명 아크릴 래커
시트 둘레: 너도밤나무 원목, 접착제, 스테인, 투명 아크릴 래커, 투명래커
시트: 적층 무늬목, 너도밤나무 무늬목, 투명 아크릴 래커, 스테인, 투명래커 테이블상판/다리: 순한 세제에 적신 천으로 닦으세요. 깨끗한 천으로 물기를 닦아주세요.
의자: 깨끗한 천으로 물기를 닦아주세요. 안정성을 위하여 조립 2주 후에 나사를 점검하고 필요한 경우 다시 조여주세요. "
"LISABO 리사보 / HÖGVED 회그베드 테이블+의자6, 물푸레나무/자작나무무늬목, 200x78 cm",https://www.ikea.com/kr/ko/p/lisabo-hoegved-table-and-6-chairs-ash-birch-veneer-s79630100/,"https://www.ikea.com/kr/ko/images/products/lisabo-hoegved-table-and-6-chairs-ash-birch-veneer__1528688_pe1014487_s5.jpg?f=xxs,https://www.ikea.com/kr/ko/images/products/lisabo-hoegved-table-and-6-chairs-ash-birch-veneer__1240943_pe919573_s5.jpg?f=xxs",1088000,1123000.0,4.7,3.0,796.301.00,"음식점 같은 공공 장소에서 사용할 수 있도록 테스트를 거치고 승인을 받았습니다. 즉 내구성이 뛰어나고 일상적으로 광범위하게 사용할 수 있습니다.
모양이 잡힌 의자의 등받이와 좌석 덕분에 편안하게 앉을 수 있습니다.
LISABO 리사보 테이블 시리즈는 스마트한 구조와 하나의 공예품처럼 보이는 스타일로 2016 레드닷 디자인 어워드를 수상했어요.
실내에서만 사용하세요.","테이블 상단 패널: 물푸레무늬목, 자작나무 무늬목, 자작나무 원목, 자작나무 합판, 파티클보드, 틴트 투명 아크릴 래커, 섬유판
테이블 다리 베이스: 자작나무 원목, 틴트 투명 아크릴 래커
의자 등받이/침대살: 자작나무 원목, 접착제, 투명 아크릴 래커
의자 시트: 적층 무늬목, 합판, 자작나무 무늬목, 투명 아크릴 래커
의자 다리 프레임: 자작나무 원목, 자작나무 합판, 접착제, 투명 아크릴 래커","의자: 중성세제를 희석한 물로 닦아주세요. 깨끗한 천으로 물기를 닦아주세요. 안정성을 위하여 조립 2주 후에 나사를 점검하고 필요한 경우 다시 조여주세요.
테이블: 깨끗한 천으로 물기를 닦아주세요.","이 테이블은 가정 외 일반적인 공공장소에서 사용할 수 있도록 테스트를 거쳤으며 EN 15372 표준의 안전성 및 내구성, 안정성 기준에 부합합니다. 이 의자는 공공사용을 위한 검사를 마쳤으며 EN 16139-Level 1 표준에 명시된 안전, 내구성 및 안정성 기준에 부합합니다.",200.0,78.0,,,,,"이 제품은 8 개 패키지로 구성됩니다.
LISABO 리사보 테이블 제품 번호 305.637.72
폭: 82 cm
높이: 6 cm
길이: 204 cm
무게: 24.40 kg
패키지: 1
폭: 22 cm
높이: 4 cm
길이: 82 cm
무게: 3.75 kg
패키지: 1
HÖGVED 회그베드 의자 제품 번호 206.070.07
폭: 48 cm
높이: 48 cm
길이: 52 cm
무게: 5.05 kg
패키지: 6",,6.0,dining_table_set,IKEA,wood,"modern,nordic,minimal",True,low,False,"LISABO 리사보 / HÖGVED 회그베드 테이블+의자6, 물푸레나무/자작나무무늬목, 200x78 cm 음식점 같은 공공 장소에서 사용할 수 있도록 테스트를 거치고 승인을 받았습니다. 즉 내구성이 뛰어나고 일상적으로 광범위하게 사용할 수 있습니다.
모양이 잡힌 의자의 등받이와 좌석 덕분에 편안하게 앉을 수 있습니다.
LISABO 리사보 테이블 시리즈는 스마트한 구조와 하나의 공예품처럼 보이는 스타일로 2016 레드닷 디자인 어워드를 수상했어요.
실내에서만 사용하세요. 테이블 상단 패널: 물푸레무늬목, 자작나무 무늬목, 자작나무 원목, 자작나무 합판, 파티클보드, 틴트 투명 아크릴 래커, 섬유판
테이블 다리 베이스: 자작나무 원목, 틴트 투명 아크릴 래커
의자 등받이/침대살: 자작나무 원목, 접착제, 투명 아크릴 래커
의자 시트: 적층 무늬목, 합판, 자작나무 무늬목, 투명 아크릴 래커
의자 다리 프레임: 자작나무 원목, 자작나무 합판, 접착제, 투명 아크릴 래커 의자: 중성세제를 희석한 물로 닦아주세요. 깨끗한 천으로 물기를 닦아주세요. 안정성을 위하여 조립 2주 후에 나사를 점검하고 필요한 경우 다시 조여주세요.
테이블: 깨끗한 천으로 물기를 닦아주세요. "
"VISINGSÖ 비싱쇠 / VISINGSÖ 비싱쇠 테이블+의자2, 실외용 딥그린/딥그린, 70x70 cm",https://www.ikea.com/kr/ko/p/visingsoe-visingsoe-table-and-2-chairs-outdoor-deep-green-deep-green-s69621498/,"https://www.ikea.com/kr/ko/images/products/visingsoe-visingsoe-table-and-2-chairs-outdoor-deep-green-deep-green__1468718_pe996246_s5.jpg?f=xxs,https://www.ikea.com/kr/ko/images/products/visingsoe-visingsoe-table-and-2-chairs-outdoor-deep-green-deep-green__1477594_pe999248_s5.jpg?f=xxs",318800,,0.0,0.0,696.214.98,"내구성이 좋고 관리하기 쉬운 소재로 만듭니다.
이 식탁세트는 공용 용도로 승인을 받았습니다. 즉 더 엄격한 기준을 충족하며, 집에서도 오래 사용할 수 있습니다.
쌓아서 보관할 수 있어 공간이 절약됩니다.
쿠션을 올려놓으면 더 편안하게 앉아 있을 수 있어요.
본 제품이 업무용 사용을 위한 특정 요구사항을 충족하는지 현지 관할기관에 문의해 주세요.
실외용으로만 사용할 것을 권장합니다.","테이블 상판: 스틸, 폴리에스테르 파우더코팅
테이블 레일: 스틸, 스틸, 스틸, 폴리에스테르 파우더코팅
테이블 다리: 스틸, 스틸, 폴리에스테르 파우더코팅
테이블 베이스: 알루미늄, 폴리에스테르 파우더코팅
테이블 후크: 스틸, 폴리에스테르 파우더코팅
팔걸이의자 다리 프레임: 스틸, 파우더코팅
팔걸이의자 시트와 등받이: 폴리프로필렌 플라스틱(최소 50% 재활용)
팔걸이의자 인서트 너트: 스틸, 아연도금","테이블: 젖은 천으로 부드럽게 닦고 필요하면 중성세제나 비누를 사용하세요.
테이블+의자2: 야외가구의 수명을 늘리고 싶다면 주기적으로 깨끗하게 닦고 필요 이상으로 야외에 방치해두지 않는 게 좋습니다.
관리: 관리가 필요하지 않습니다.
보관: 가능하면 서늘하고 건조한 실내에 보관하세요. 야외에 보관할 때는 방수커버를 씌워주세요. 눈이나 비가 내린 후에는 물기나 얼음을 제거해주는 게 좋습니다. 응결을 예방하려면 통기가 가능하도록 해주세요.
팔걸이의자: 중성세제를 희석한 물로 닦아낸 후 깨끗하고 마른 천으로 물기를 닦아주세요.","이 의자는 야외 공공장소 사용에 적합한지 테스트를 받았으며, EN581에 명시된 안전성, 내구성, 안정성 요건을 충족합니다. 이 의자는 관련된 강도 및 내구성 표준을 준수하고 테스트를 거친 제품입니다. 테스트는 일반적인 제품의 사용 횟수와 110kg인 사용자를 기준으로 실시되었습니다.",70.0,70.0,74.0,60.0,53.0,83.0,"이 제품은 3 개 패키지로 구성됩니다.
VISINGSÖ 비싱쇠 테이블 제품 번호 905.755.12 폭: 73 cm 높이: 11 cm 길이: 73 cm 무게: 12.68 kg 패키지: 1
VISINGSÖ 비싱쇠 팔걸이의자 제품 번호 405.755.43 폭: 60 cm 높이: 55 cm 길이: 87 cm 무게: 4.30 kg 패키지: 2",,2.0,dining_table_set,IKEA,unknown,"modern,nordic,minimal",True,low,False,"VISINGSÖ 비싱쇠 / VISINGSÖ 비싱쇠 테이블+의자2, 실외용 딥그린/딥그린, 70x70 cm 내구성이 좋고 관리하기 쉬운 소재로 만듭니다.
이 식탁세트는 공용 용도로 승인을 받았습니다. 즉 더 엄격한 기준을 충족하며, 집에서도 오래 사용할 수 있습니다.
쌓아서 보관할 수 있어 공간이 절약됩니다.
쿠션을 올려놓으면 더 편안하게 앉아 있을 수 있어요.
본 제품이 업무용 사용을 위한 특정 요구사항을 충족하는지 현지 관할기관에 문의해 주세요.
실외용으로만 사용할 것을 권장합니다. 테이블 상판: 스틸, 폴리에스테르 파우더코팅
테이블 레일: 스틸, 스틸, 스틸, 폴리에스테르 파우더코팅
테이블 다리: 스틸, 스틸, 폴리에스테르 파우더코팅
테이블 베이스: 알루미늄, 폴리에스테르 파우더코팅
테이블 후크: 스틸, 폴리에스테르 파우더코팅
팔걸이의자 다리 프레임: 스틸, 파우더코팅
팔걸이의자 시트와 등받이: 폴리프로필렌 플라스틱(최소 50% 재활용)
팔걸이의자 인서트 너트: 스틸, 아연도금 테이블: 젖은 천으로 부드럽게 닦고 필요하면 중성세제나 비누를 사용하세요.
테이블+의자2: 야외가구의 수명을 늘리고 싶다면 주기적으로 깨끗하게 닦고 필요 이상으로 야외에 방치해두지 않는 게 좋습니다.
관리: 관리가 필요하지 않습니다.
보관: 가능하면 서늘하고 건조한 실내에 보관하세요. 야외에 보관할 때는 방수커버를 씌워주세요. 눈이나 비가 내린 후에는 물기나 얼음을 제거해주는 게 좋습니다. 응결을 예방하려면 통기가 가능하도록 해주세요.
팔걸이의자: 중성세제를 희석한 물로 닦아낸 후 깨끗하고 마른 천으로 물기를 닦아주세요. "
"ROSENTORP 로센토르프 / ROSENTORP 로센토르프 테이블+의자6, 화이트/화이트, 160/215x110 cm",https://www.ikea.com/kr/ko/p/rosentorp-rosentorp-table-and-6-chairs-white-white-s69611692/,"https://www.ikea.com/pimg/1440794_pe986022_s5.jpg?f=xxs,https://www.ikea.com/pimg/1448092_pe989472_s5.jpg?f=xxs",1228400,1298400.0,,0.0,696.116.92,"튼튼한 다리는 원목으로 만들었으며, 매끄럽고 청소하기 쉬운 멜라민 테이블 상판과 조화를 이룹니다. 둘 다 여러 겹의 페인트로 마감하여 일상적인 마모에 강합니다.

타원형은 원형 테이블처럼 더 친밀하고 즐거운 식사 분위기를 만들고, 앉을 공간도 더 많이 생겨요.

원형 테이블과 비교하여 타원형은 서빙용 접시를 놓을 공간이 더 많고, 추가적인 공간 폭이 필요하지 않으면서 더 많은 사람이 앉을 수 있어서 많은 사람이 모일 때 좋아요.

각도와 형태를 세심하게 고려한 등받이가 등을 잘 받쳐줘서 앉아 있을 때 더욱 편안합니다.

더 부드럽게 앉고 싶거나 방에 개성을 더하려면 근사한 의자패드를 깔아보세요. 다양한 색상 중에서 선택할 수 있습니다.

튼튼하고 내구성 좋은 의자프레임은 원목 하드우드로 만들었습니다.

팔걸이가 없는 의자는 좁은 공간에 알맞습니다. 사용하지 않을 때 편하게 테이블 아래로 쏙 밀어 넣을 수 있으니까요.

참고
바닥이 긁히는 것을 방지하려면 별도 판매되는 TRIXIG 트릭시그 바닥보호스티커를 사용하세요.
실내에서만 사용하세요.
6-8인용.
자체 보관 일체형 확장 상판 1개가 포함되어 있어요.","확장형테이블
상판/ 확장판: 파티클보드, 멜라민포일, 아크릴 페인트, 플라스틱 테두리, 페인트
레일,옆: 섬유판, 아크릴 페인트, 섬유판, 아크릴 페인트, 섬유판, 아크릴 페인트, 플라스틱 테두리
엔드 레일/ 하단 패널: 파티클보드, 페이퍼 포일, 아크릴 페인트, 플라스틱 테두리
연장 레일: 섬유판, 아크릴 페인트, 플라스틱 테두리
기둥: 섬유판, 아크릴 페인트
중간 레일/ 다리: 원목, 접착제, 아크릴 페인트
의자
프레임: 원목, 아크릴 페인트
시트/ 등받이: 섬유판, 아크릴 페인트","의자
중성세제를 희석한 물로 닦아주세요.
깨끗한 천으로 물기를 닦아주세요.
안정성을 위하여 조립 2주 후에 나사를 점검하고 필요한 경우 다시 조여주세요.
확장형테이블
깨끗한 천으로 물기를 닦아주세요.
안정성을 위하여 조립 2주 후에 나사를 점검하고 필요한 경우 다시 조여주세요.",이 의자는 관련된 강도 및 내구성 표준을 준수하고 테스트를 거친 제품입니다. 테스트는 일반적인 제품의 사용 횟수와 110kg인 사용자를 기준으로 실시되었습니다.이 의자는 가정용으로 적합 판정을 받았으며 EN 12520 및 EN 1022의 내구성과 안전성 기준에 부합하는 제품입니다.,215.0,110.0,75.0,44.0,53.0,91.0,"이 제품은 10 개 패키지로 구성됩니다.

ROSENTORP 로센토르프 확장형테이블 제품 번호005.682.57
이 제품은 여러 개의 패키지로 포장되어 있습니다.
폭: 47 cm
높이: 17 cm
길이: 65 cm
무게: 17.75 kg
패키지: 1

폭: 77 cm
높이: 13 cm
길이: 127 cm
무게: 26.26 kg
패키지: 1

폭: 84 cm
높이: 9 cm
길이: 115 cm
무게: 13.08 kg
패키지: 1

폭: 84 cm
높이: 9 cm
길이: 115 cm
무게: 13.08 kg
패키지: 1

ROSENTORP 로센토르프 의자 제품 번호405.726.72
폭: 46 cm
높이: 12 cm
길이: 95 cm
무게: 7.75 kg
패키지: 6",,6.0,dining_table_set,IKEA,white,"modern,nordic,minimal",True,low,False,"ROSENTORP 로센토르프 / ROSENTORP 로센토르프 테이블+의자6, 화이트/화이트, 160/215x110 cm 튼튼한 다리는 원목으로 만들었으며, 매끄럽고 청소하기 쉬운 멜라민 테이블 상판과 조화를 이룹니다. 둘 다 여러 겹의 페인트로 마감하여 일상적인 마모에 강합니다.

타원형은 원형 테이블처럼 더 친밀하고 즐거운 식사 분위기를 만들고, 앉을 공간도 더 많이 생겨요.

원형 테이블과 비교하여 타원형은 서빙용 접시를 놓을 공간이 더 많고, 추가적인 공간 폭이 필요하지 않으면서 더 많은 사람이 앉을 수 있어서 많은 사람이 모일 때 좋아요.

각도와 형태를 세심하게 고려한 등받이가 등을 잘 받쳐줘서 앉아 있을 때 더욱 편안합니다.

더 부드럽게 앉고 싶거나 방에 개성을 더하려면 근사한 의자패드를 깔아보세요. 다양한 색상 중에서 선택할 수 있습니다.

튼튼하고 내구성 좋은 의자프레임은 원목 하드우드로 만들었습니다.

팔걸이가 없는 의자는 좁은 공간에 알맞습니다. 사용하지 않을 때 편하게 테이블 아래로 쏙 밀어 넣을 수 있으니까요.

참고
바닥이 긁히는 것을 방지하려면 별도 판매되는 TRIXIG 트릭시그 바닥보호스티커를 사용하세요.
실내에서만 사용하세요.
6-8인용.
자체 보관 일체형 확장 상판 1개가 포함되어 있어요. 확장형테이블
상판/ 확장판: 파티클보드, 멜라민포일, 아크릴 페인트, 플라스틱 테두리, 페인트
레일,옆: 섬유판, 아크릴 페인트, 섬유판, 아크릴 페인트, 섬유판, 아크릴 페인트, 플라스틱 테두리
엔드 레일/ 하단 패널: 파티클보드, 페이퍼 포일, 아크릴 페인트, 플라스틱 테두리
연장 레일: 섬유판, 아크릴 페인트, 플라스틱 테두리
기둥: 섬유판, 아크릴 페인트
중간 레일/ 다리: 원목, 접착제, 아크릴 페인트
의자
프레임: 원목, 아크릴 페인트
시트/ 등받이: 섬유판, 아크릴 페인트 의자
중성세제를 희석한 물로 닦아주세요.
깨끗한 천으로 물기를 닦아주세요.
안정성을 위하여 조립 2주 후에 나사를 점검하고 필요한 경우 다시 조여주세요.
확장형테이블
깨끗한 천으로 물기를 닦아주세요.
안정성을 위하여 조립 2주 후에 나사를 점검하고 필요한 경우 다시 조여주세요. "
"HAUGA 하우가 / HAUGA 하우가 테이블+의자4, 그레이/그레이, 118x74 cm",https://www.ikea.com/kr/ko/p/hauga-hauga-table-and-4-chairs-grey-grey-s89575141/,"https://www.ikea.com/kr/ko/images/products/hauga-hauga-table-and-4-chairs-grey-grey__1351911_pe952042_s5.jpg?f=xxs,https://www.ikea.com/kr/ko/images/products/hauga-hauga-table-and-4-chairs-grey-grey__1375118_pe960175_s5.jpg?f=xxs",293600,308600.0,4.3,3.0,895.751.41,"나무 무늬목 상판 테이블과 견고한 목재 의자로 구성되어 있습니다. 외관을 위해 스테인과 래커 처리를 모두 완료하여 매일의 잦은 사용에도 견딜 수 있도록 내구성을 높였어요.

HAUGA 하우가 시리즈의 수납 솔루션과 조합하여 디너웨어, 냅킨, 양초뿐 아니라 한두 걸음이면 닿는 곳에 두어야 하는 물건을 수납해 정돈된 느낌을 연출해 보세요.

더 부드럽게 앉고 싶거나 방에 개성을 더하려면 근사한 의자패드를 깔아보세요. 다양한 색상 중에서 선택할 수 있습니다.

팔걸이가 없는 의자는 좁은 공간에 알맞습니다. 사용하지 않을 때 편하게 테이블 아래로 쏙 밀어 넣을 수 있으니까요.

참고:
실내에서만 사용하세요.
4인용.
바닥이 긁히는 것을 방지하려면 별도 판매되는 TRIXIG 트릭시그 바닥보호스티커를 사용하세요.
HAUGA 하우가 시리즈의 다른 제품과 함께 사용할 수 있습니다.","테이블 상판: 파티클보드, 자작나무 무늬목, 스테인, 틴트 투명 아크릴 래커, 페이퍼 포일, 투명래커
테이블 하단 프레임/다리: 소나무 원목, 접착제, 스테인, 틴트 투명 아크릴 래커, 투명래커
의자: 소나무 원목, 스테인, 투명 아크릴 래커","의자: 안정성을 위하여 조립 2주 후에 나사를 점검하고 필요한 경우 다시 조여주세요.
의자/테이블+의자4: 중성세제를 희석한 물로 닦아주세요. 깨끗한 천으로 물기를 닦아주세요.
테이블/테이블+의자4: 순한 세제에 적신 천으로 닦으세요. 깨끗한 천으로 물기를 닦아주세요.",이 의자는 가정용으로 적합 판정을 받았으며 EN 12520 및 EN 1022의 내구성과 안전성 기준에 부합하는 제품입니다.,118.0,74.0,75.0,40.0,49.0,87.0,"이 제품은 6 개 패키지로 구성됩니다.

HAUGA 하우가 테이블 제품 번호 505.792.20
폭: 37 cm
높이: 5 cm
길이: 112 cm
무게: 6.88 kg
패키지: 1

폭: 77 cm
높이: 3 cm
길이: 125 cm
무게: 14.90 kg
패키지: 1

HAUGA 하우가 의자 제품 번호 805.792.14
폭: 47 cm
높이: 8 cm
길이: 91 cm
무게: 4.00 kg
패키지: 4",,4.0,dining_table_set,IKEA,unknown,"modern,nordic,minimal",True,low,False,"HAUGA 하우가 / HAUGA 하우가 테이블+의자4, 그레이/그레이, 118x74 cm 나무 무늬목 상판 테이블과 견고한 목재 의자로 구성되어 있습니다. 외관을 위해 스테인과 래커 처리를 모두 완료하여 매일의 잦은 사용에도 견딜 수 있도록 내구성을 높였어요.

HAUGA 하우가 시리즈의 수납 솔루션과 조합하여 디너웨어, 냅킨, 양초뿐 아니라 한두 걸음이면 닿는 곳에 두어야 하는 물건을 수납해 정돈된 느낌을 연출해 보세요.

더 부드럽게 앉고 싶거나 방에 개성을 더하려면 근사한 의자패드를 깔아보세요. 다양한 색상 중에서 선택할 수 있습니다.

팔걸이가 없는 의자는 좁은 공간에 알맞습니다. 사용하지 않을 때 편하게 테이블 아래로 쏙 밀어 넣을 수 있으니까요.

참고:
실내에서만 사용하세요.
4인용.
바닥이 긁히는 것을 방지하려면 별도 판매되는 TRIXIG 트릭시그 바닥보호스티커를 사용하세요.
HAUGA 하우가 시리즈의 다른 제품과 함께 사용할 수 있습니다. 테이블 상판: 파티클보드, 자작나무 무늬목, 스테인, 틴트 투명 아크릴 래커, 페이퍼 포일, 투명래커
테이블 하단 프레임/다리: 소나무 원목, 접착제, 스테인, 틴트 투명 아크릴 래커, 투명래커
의자: 소나무 원목, 스테인, 투명 아크릴 래커 의자: 안정성을 위하여 조립 2주 후에 나사를 점검하고 필요한 경우 다시 조여주세요.
의자/테이블+의자4: 중성세제를 희석한 물로 닦아주세요. 깨끗한 천으로 물기를 닦아주세요.
테이블/테이블+의자4: 순한 세제에 적신 천으로 닦으세요. 깨끗한 천으로 물기를 닦아주세요. "
"ÅLHULT 올훌트 / ÅLHULT 올훌트 테이블+벤치2, 베이지/브라운/베이지/브라운, 120x80 cm",https://www.ikea.com/kr/ko/p/alhult-alhult-table-and-2-benches-beige-brown-beige-brown-s29611627/,"https://www.ikea.com/pimg/1439000_pe985046_s5.jpg?f=xxs,https://www.ikea.com/pimg/1447069_pe988939_s5.jpg?f=xxs",378800,398800.0,5.0,2.0,296.116.27,"ÅLHULT 올훌트 테이블은 물푸레무늬목 표면에 목재의 자연미를 보호하고 쉽게 관리할 수 있도록 약간의 색조를 넣어 투명 래커 처리했습니다.

물푸레나무 무늬목의 나뭇결이 각각 달라서 테이블마다 조금씩 다른 개성을 느낄 수 있습니다.

벤치 시트의 목재 무늬목 상단 층은 스테인과 래커로 처리되어 내구성이 우수하며, 자연스러운 나무 질감이 돋보입니다.

벤치를 테이블 아래로 밀어 넣으면 공간을 절약할 수 있어요.

실내에서만 사용하세요.

바닥이 긁히는 것을 방지하려면 별도 판매되는 TRIXIG 트릭시그 바닥보호스티커를 사용하세요.","테이블
상판: 파티클보드, 물푸레무늬목, 스테인, 틴트 투명 아크릴 래커, 페이퍼 포일, 물푸레무늬목, 스테인, 틴트 투명래커
하단 프레임: 원목, 접착제, 물푸레무늬목, 스테인, 틴트 투명 아크릴 래커
다리: 파티클보드, 물푸레무늬목, 스테인, 틴트 투명 아크릴 래커
벤치
윗면: 파티클보드, 물푸레무늬목, 스테인, 틴트 투명 아크릴 래커, 페이퍼 포일, 물푸레무늬목, 스테인, 틴트 투명래커
하단 프레임: 원목, 접착제, 물푸레무늬목, 스테인, 틴트 투명 아크릴 래커
다리: 파티클보드, 원목, 물푸레무늬목, 스테인, 틴트 투명 아크릴 래커","벤치
순한 세제에 적신 천으로 닦으세요.
깨끗한 천으로 물기를 닦아주세요.
안정성을 위하여 조립 2주 후에 나사를 점검하고 필요한 경우 다시 조여주세요.
테이블
안정성을 위하여 조립 2주 후에 나사를 점검하고 필요한 경우 다시 조여주세요.",벤치는 가정용으로 적합 판정을 받았으며 EN 12520 및 EN 1022의 내구성과 안전성 기준에 부합하는 제품입니다.이 의자는 관련된 강도 및 내구성 표준을 준수하고 테스트를 거친 제품입니다. 테스트는 일반적인 제품의 사용 횟수와 110kg인 사용자를 기준으로 실시되었습니다.,120.0,80.0,75.0,,,,"이 제품은 4 개 패키지로 구성됩니다.

ÅLHULT 올훌트 테이블 제품 번호 606.007.68
폭: 83 cm
높이: 5 cm
길이: 125 cm
무게: 15.40 kg
패키지: 1

폭: 38 cm
높이: 7 cm
길이: 83 cm
무게: 7.15 kg
패키지: 1

ÅLHULT 올훌트 벤치 제품 번호 706.030.97
폭: 40 cm
높이: 8 cm
길이: 108 cm
무게: 10.95 kg
패키지: 2",,,dining_table_set,IKEA,unknown,"modern,nordic,minimal",True,medium,False,"ÅLHULT 올훌트 / ÅLHULT 올훌트 테이블+벤치2, 베이지/브라운/베이지/브라운, 120x80 cm ÅLHULT 올훌트 테이블은 물푸레무늬목 표면에 목재의 자연미를 보호하고 쉽게 관리할 수 있도록 약간의 색조를 넣어 투명 래커 처리했습니다.

물푸레나무 무늬목의 나뭇결이 각각 달라서 테이블마다 조금씩 다른 개성을 느낄 수 있습니다.

벤치 시트의 목재 무늬목 상단 층은 스테인과 래커로 처리되어 내구성이 우수하며, 자연스러운 나무 질감이 돋보입니다.

벤치를 테이블 아래로 밀어 넣으면 공간을 절약할 수 있어요.

실내에서만 사용하세요.

바닥이 긁히는 것을 방지하려면 별도 판매되는 TRIXIG 트릭시그 바닥보호스티커를 사용하세요. 테이블
상판: 파티클보드, 물푸레무늬목, 스테인, 틴트 투명 아크릴 래커, 페이퍼 포일, 물푸레무늬목, 스테인, 틴트 투명래커
하단 프레임: 원목, 접착제, 물푸레무늬목, 스테인, 틴트 투명 아크릴 래커
다리: 파티클보드, 물푸레무늬목, 스테인, 틴트 투명 아크릴 래커
벤치
윗면: 파티클보드, 물푸레무늬목, 스테인, 틴트 투명 아크릴 래커, 페이퍼 포일, 물푸레무늬목, 스테인, 틴트 투명래커
하단 프레임: 원목, 접착제, 물푸레무늬목, 스테인, 틴트 투명 아크릴 래커
다리: 파티클보드, 원목, 물푸레무늬목, 스테인, 틴트 투명 아크릴 래커 벤치
순한 세제에 적신 천으로 닦으세요.
깨끗한 천으로 물기를 닦아주세요.
안정성을 위하여 조립 2주 후에 나사를 점검하고 필요한 경우 다시 조여주세요.
테이블
안정성을 위하여 조립 2주 후에 나사를 점검하고 필요한 경우 다시 조여주세요. "
"NORDEN 노르덴 / FRÖSVI 프뢰스비 테이블+의자4, 자작나무/너도밤나무, 26/89/152 cm",https://www.ikea.com/kr/ko/p/norden-froesvi-table-and-4-chairs-birch-beech-s69568900/,"https://www.ikea.com/kr/ko/images/products/norden-froesvi-table-and-4-chairs-birch-beech__1457137_pe992564_s5.jpg?f=xxs,https://www.ikea.com/kr/ko/images/products/norden-froesvi-table-and-4-chairs-birch-beech__1457136_pe992563_s5.jpg?f=xxs",538600,578600.0,,,695.689.00,"2~4인용 드롭리프 식탁으로 식탁의 크기를 조절할 수 있습니다.
상판 밑에 서랍 6개가 있어서 식기도구와 냅킨, 양초 등을 수납할 수 있습니다.
접이식 의자로 간편하게 보관할 수 있습니다.
시트에 구멍이 있어서 벽에 걸 수 있으니까 사용하지 않을 때는 공간을 덜 차지해요.
의자는 조립된 상태로 판매되므로 바로 사용하실 수 있어요.","게이트레그 테이블
상판/ 접이식 상판/ 서랍앞판/ 서랍 뒷면/ 기본 프레임: 자작나무 원목, 틴트 투명 아크릴 래커
서랍 옆면: 자작나무 합판, 틴트 투명 아크릴 래커
서랍 밑면: 섬유판, 섬유판
접이식의자
너도밤나무 원목, 접착제","게이트레그 테이블
순한 세제에 적신 천으로 닦으세요.
깨끗한 천으로 물기를 닦아주세요.
접이식의자
깨끗한 천으로 물기를 닦아주세요.
얼룩은 지우개, 고운 사포, 비누, 설거지세제, 페인트 시너로 지울 수 있습니다.
표면 저항력을 높이고 손질을 쉽게 하기 위하여 오일, 왁스, 래커, 글레이즈 페인트로 마감할 수 있습니다.
텍스타일테이블+의자4
세탁하지 마세요.
표백하지 마세요.
건조기에 넣지 마세요.
다림질하지 마세요.
드라이클리닝하지 마세요.
진공청소기를 사용하세요.
가벼운 얼룩은 섬유세제를 이용하거나 물 또는 중성세제에 적신 스펀지로 지워주세요.",,89.0,80.0,74.0,44.0,51.0,77.0,"이 제품은 6 개 패키지로 구성됩니다.
NORDEN 노르덴 게이트레그 테이블 제품 번호 804.238.83
폭: 66 cm
높이: 11 cm
길이: 83 cm
무게: 25.20 kg
패키지: 1
폭: 73 cm
높이: 10 cm
길이: 81 cm
무게: 21.40 kg
패키지: 1
FRÖSVI 프뢰스비 접이식의자 제품 번호 505.343.16
폭: 43 cm
높이: 9 cm
길이: 89 cm
무게: 2.80 kg
패키지: 4",,4.0,dining_table_set,IKEA,unknown,"modern,nordic,minimal",False,low,True,"NORDEN 노르덴 / FRÖSVI 프뢰스비 테이블+의자4, 자작나무/너도밤나무, 26/89/152 cm 2~4인용 드롭리프 식탁으로 식탁의 크기를 조절할 수 있습니다.
상판 밑에 서랍 6개가 있어서 식기도구와 냅킨, 양초 등을 수납할 수 있습니다.
접이식 의자로 간편하게 보관할 수 있습니다.
시트에 구멍이 있어서 벽에 걸 수 있으니까 사용하지 않을 때는 공간을 덜 차지해요.
의자는 조립된 상태로 판매되므로 바로 사용하실 수 있어요. 게이트레그 테이블
상판/ 접이식 상판/ 서랍앞판/ 서랍 뒷면/ 기본 프레임: 자작나무 원목, 틴트 투명 아크릴 래커
서랍 옆면: 자작나무 합판, 틴트 투명 아크릴 래커
서랍 밑면: 섬유판, 섬유판
접이식의자
너도밤나무 원목, 접착제 게이트레그 테이블
순한 세제에 적신 천으로 닦으세요.
깨끗한 천으로 물기를 닦아주세요.
접이식의자
깨끗한 천으로 물기를 닦아주세요.
얼룩은 지우개, 고운 사포, 비누, 설거지세제, 페인트 시너로 지울 수 있습니다.
표면 저항력을 높이고 손질을 쉽게 하기 위하여 오일, 왁스, 래커, 글레이즈 페인트로 마감할 수 있습니다.
텍스타일테이블+의자4
세탁하지 마세요.
표백하지 마세요.
건조기에 넣지 마세요.
다림질하지 마세요.
드라이클리닝하지 마세요.
진공청소기를 사용하세요.
가벼운 얼룩은 섬유세제를 이용하거나 물 또는 중성세제에 적신 스펀지로 지워주세요. "
"STRANDTORP 스트란드토르프 / MÅRENÄS 모레네스 테이블+의자4, 브라운/Gunnared 베이지 블랙, 150/205/260 cm",https://www.ikea.com/kr/ko/p/strandtorp-marenaes-table-and-4-chairs-brown-gunnared-beige-black-s99569291/,"https://www.ikea.com/kr/ko/images/products/strandtorp-marenaes-table-and-4-chairs-brown-gunnared-beige-black__1329988_pe945362_s5.jpg?f=xxs,https://www.ikea.com/kr/ko/images/products/strandtorp-marenaes-table-and-4-chairs-brown-gunnared-beige-black__1340366_pe948559_s5.jpg?f=xxs",1425000,1495000.0,0.0,0.0,995.692.91,"테이블 다리와 하부프레임은 견고하고 내구성이 뛰어난 파우더 코팅 스틸로 만들었습니다.

활기찬 식사를 마무리한 후 의자커버를 쉽게 벗겨내 세탁기로 빨 수 있어요.","확장형테이블 상판: 파티클보드, 참나무 무늬목, 스테인, 투명 아크릴 래커, 참나무 무늬목
레일,옆: 스틸, 에폭시/폴리에스테르 파우더코팅, 아크릴 코팅
엔드 레일/ 다리/ 브래킷: 스틸, 에폭시/폴리에스테르 파우더코팅
의자커버 패브릭: 폴리에스테르 100 %
패브릭: 폴리에스테르 100%(최소 90% 재활용)
의자 내화 안감/ 안감: 폴리에스테르충전재
다리: 원목, 접착제, 스테인, 투명래커
팔걸이 프레임/ 등받이 프레임: 원목, 100% 재생 보드지, 접착제
충전재: 폴리우레탄 폼 35kg/cu.m., 고탄력 폴리우레탄 폼 35 kg/cu.m., 폴리우레탄 폼 35kg/cu.m.
시트 프레임: 폴리프로필렌 100%, 원목, 스틸, 접착제
벨크로: 나일론 100%
충전재: 폴리우레탄 폼 35kg/cu.m.","탈부착커버의자커버
세탁기 사용 가능, 최대 40°C, 표준 코스
표백하지 마세요.
건조기에 넣지 마세요.
다림질, 최대 150°C.
드라이클리닝, 표준 코스.
의자
세탁하지 마세요.
표백하지 마세요.
건조기에 넣지 마세요.
다림질하지 마세요.
드라이클리닝하지 마세요.
진공청소기를 사용하세요.
안정성을 위하여 조립 2주 후에 나사를 점검하고 필요한 경우 다시 조여주세요.
확장형테이블
순한 세제에 적신 천으로 닦으세요.
깨끗한 천으로 물기를 닦아주세요.",,205.0,95.0,75.0,59.0,56.0,81.0,"이 제품은 11 개 패키지로 구성됩니다.
STRANDTORP 스트란드토르프 확장형테이블 제품 번호 704.008.96
폭: 43 cm, 높이: 12 cm, 길이: 132 cm, 무게: 20.25 kg, 패키지: 1
폭: 78 cm, 높이: 5 cm, 길이: 99 cm, 무게: 18.00 kg, 패키지: 1
폭: 59 cm, 높이: 4 cm, 길이: 99 cm, 무게: 17.50 kg, 패키지: 1
MÅRENÄS 모레네스 의자커버 제품 번호 105.681.29
폭: 18 cm, 높이: 6 cm, 길이: 22 cm, 무게: 0.57 kg, 패키지: 4
MÅRENÄS 모레네스 의자 제품 번호 405.599.15
폭: 59 cm, 높이: 19 cm, 길이: 87 cm, 무게: 9.72 kg, 패키지: 4",,4.0,dining_table_set,IKEA,black,"modern,nordic,minimal",False,medium,False,"STRANDTORP 스트란드토르프 / MÅRENÄS 모레네스 테이블+의자4, 브라운/Gunnared 베이지 블랙, 150/205/260 cm 테이블 다리와 하부프레임은 견고하고 내구성이 뛰어난 파우더 코팅 스틸로 만들었습니다.

활기찬 식사를 마무리한 후 의자커버를 쉽게 벗겨내 세탁기로 빨 수 있어요. 확장형테이블 상판: 파티클보드, 참나무 무늬목, 스테인, 투명 아크릴 래커, 참나무 무늬목
레일,옆: 스틸, 에폭시/폴리에스테르 파우더코팅, 아크릴 코팅
엔드 레일/ 다리/ 브래킷: 스틸, 에폭시/폴리에스테르 파우더코팅
의자커버 패브릭: 폴리에스테르 100 %
패브릭: 폴리에스테르 100%(최소 90% 재활용)
의자 내화 안감/ 안감: 폴리에스테르충전재
다리: 원목, 접착제, 스테인, 투명래커
팔걸이 프레임/ 등받이 프레임: 원목, 100% 재생 보드지, 접착제
충전재: 폴리우레탄 폼 35kg/cu.m., 고탄력 폴리우레탄 폼 35 kg/cu.m., 폴리우레탄 폼 35kg/cu.m.
시트 프레임: 폴리프로필렌 100%, 원목, 스틸, 접착제
벨크로: 나일론 100%
충전재: 폴리우레탄 폼 35kg/cu.m. 탈부착커버의자커버
세탁기 사용 가능, 최대 40°C, 표준 코스
표백하지 마세요.
건조기에 넣지 마세요.
다림질, 최대 150°C.
드라이클리닝, 표준 코스.
의자
세탁하지 마세요.
표백하지 마세요.
건조기에 넣지 마세요.
다림질하지 마세요.
드라이클리닝하지 마세요.
진공청소기를 사용하세요.
안정성을 위하여 조립 2주 후에 나사를 점검하고 필요한 경우 다시 조여주세요.
확장형테이블
순한 세제에 적신 천으로 닦으세요.
깨끗한 천으로 물기를 닦아주세요. "
"TONSTAD 톤스타드 / TONSTAD 톤스타드 테이블+의자4, 오프화이트/봄스타드 골든브라운 오프화이트, 150x80 cm",https://www.ikea.com/kr/ko/p/tonstad-tonstad-table-and-4-chairs-off-white-bomstad-golden-brown-off-white-s99599778/,"https://www.ikea.com/pimg/1426656_pe979894_s5.jpg?f=xxs,https://www.ikea.com/pimg/1444234_pe987473_s5.jpg?f=xxs",745000,775000.0,0.0,0.0,995.997.78,"부드럽고 둥근 모서리가 특징인 이 무광 오프화이트 4인용 테이블은 일상에서 가장 좋아하는 장소가 될 거예요.

견고한 목재 다리와 기능적이며 젖은 천으로 쉽게 닦을 수 있는 래커 처리된 매끄러운 멜라민 상판으로 이루어진 안정적인 구조입니다.

BOMSTAD 봄스타드 의자커버는 고급스러운 가죽 느낌으로, 솔기를 이중으로 바느질해 더 튼튼하고 장식적인 효과도 있어요.

한 장으로 이루어진 의자커버예요. 벨크로 테이프로 고정할 수 있어 쉽게 벗기고 편리하게 씌울 수 있습니다.

넉넉하고 두꺼운 폼 쿠션 덕분에 오래 앉아 있어도 편안합니다.

움직임에 맞춰 등을 받쳐주는 고탄성 폼 등받이여서 자세를 바꾸거나 고쳐 앉을 때 지지력이 좋아요.

위에 파우더코팅 메탈 디테일로 포인트를 준 오프화이트 마감의 원목 다리는 스타일과 안정성 모두 뛰어나요.

실내에서만 사용하세요.

4인용.

TONSTAD 톤스타드 시리즈의 다른 제품과 함께 사용할 수 있습니다.

이 테이블을 조립하려면 비트 드라이버가 필요합니다. TRIXIG 트릭시그 공구세트15종(별도 판매)에 포함되어 있어요.

바닥이 긁히는 것을 방지하려면 별도 판매되는 TRIXIG 트릭시그 바닥보호스티커를 사용하세요.

TONSTAD 톤스타드 의자의 추가 커버는 별도 판매됩니다.","테이블
상단 패널: 파티클보드, 아크릴 페인트, 멜라민포일, 플라스틱 테두리
레일,옆/ 다리: 원목, 접착제, 아크릴 페인트
의자커버
코팅 패브릭 부분/ 코팅 패브릭 부분: 폴리우레탄 100%, 폴리에스테르 75%, 면 25%
솜: 폴리에스테르충전재
안감: 폴리프로필렌 100%
원사: 폴리에스테르 100%
벨크로: 나일론 100%
의자프레임
등받이 원단/ 보호 패브릭: 폴리에스테르 100% (100% 재활용)
내화 안감/ 안감: 폴리에스테르충전재
다리: 원목, 아크릴 페인트
슬리브/ 마운팅 플레이트/ 나사받이/ 고정 브래킷: 스틸, 에폭시/폴리에스테르 파우더코팅
등받이: 합판, 고탄력 폴리우레탄 폼 35 kg/cu.m.
시트: 적층 무늬목, 폴리우레탄 폼 35kg/cu.m.
벨크로: 나일론 100%","의자커버
세탁하지 마세요.
표백하지 마세요.
건조기에 넣지 마세요.
다림질하지 마세요.
드라이클리닝하지 마세요.
깨끗한 천으로 물기를 닦아주세요.
건조해질 수 있으니 직사광선을 피하세요.
의자프레임
진공청소기를 사용하세요.
깨끗한 천으로 물기를 닦아주세요.
가벼운 얼룩은 섬유세제를 이용하거나 물 또는 중성세제에 적신 스펀지로 지워주세요.
안정성을 위하여 조립 2주 후에 나사를 점검하고 필요한 경우 다시 조여주세요.
테이블
순한 세제에 적신 천으로 닦으세요.
깨끗한 천으로 물기를 닦아주세요.
안정성을 위하여 조립 2주 후에 나사를 점검하고 필요한 경우 다시 조여주세요.",의자는 가정용으로 적합 판정을 받았으며 EN 12520 및 EN 1022의 내구성과 안전성 기준에 부합하는 제품입니다.이 의자는 관련된 강도 및 내구성 표준을 준수하고 테스트를 거친 제품입니다. 테스트는 일반적인 제품의 사용 횟수와 110kg인 사용자를 기준으로 실시되었습니다.,150.0,80.0,75.0,42.0,56.0,86.0,"이 제품은 10 개 패키지로 구성됩니다.
TONSTAD 톤스타드 테이블 제품 번호 206.000.63
이 제품은 여러 개의 패키지로 포장되어 있습니다.
폭: 29 cm
높이: 5 cm
길이: 149 cm
무게: 9.40 kg
패키지: 1
폭: 83 cm
높이: 3 cm
길이: 157 cm
무게: 16.90 kg
패키지: 1
TONSTAD 톤스타드 의자커버 제품 번호 606.035.83
폭: 43 cm
높이: 6 cm
길이: 49 cm
무게: 0.82 kg
패키지: 4
TONSTAD 톤스타드 의자프레임 제품 번호 905.940.49
폭: 50 cm
높이: 14 cm
길이: 55 cm
무게: 7.95 kg
패키지: 4",,4.0,dining_table_set,IKEA,white,"modern,nordic,minimal",True,low,True,"TONSTAD 톤스타드 / TONSTAD 톤스타드 테이블+의자4, 오프화이트/봄스타드 골든브라운 오프화이트, 150x80 cm 부드럽고 둥근 모서리가 특징인 이 무광 오프화이트 4인용 테이블은 일상에서 가장 좋아하는 장소가 될 거예요.

견고한 목재 다리와 기능적이며 젖은 천으로 쉽게 닦을 수 있는 래커 처리된 매끄러운 멜라민 상판으로 이루어진 안정적인 구조입니다.

BOMSTAD 봄스타드 의자커버는 고급스러운 가죽 느낌으로, 솔기를 이중으로 바느질해 더 튼튼하고 장식적인 효과도 있어요.

한 장으로 이루어진 의자커버예요. 벨크로 테이프로 고정할 수 있어 쉽게 벗기고 편리하게 씌울 수 있습니다.

넉넉하고 두꺼운 폼 쿠션 덕분에 오래 앉아 있어도 편안합니다.

움직임에 맞춰 등을 받쳐주는 고탄성 폼 등받이여서 자세를 바꾸거나 고쳐 앉을 때 지지력이 좋아요.

위에 파우더코팅 메탈 디테일로 포인트를 준 오프화이트 마감의 원목 다리는 스타일과 안정성 모두 뛰어나요.

실내에서만 사용하세요.

4인용.

TONSTAD 톤스타드 시리즈의 다른 제품과 함께 사용할 수 있습니다.

이 테이블을 조립하려면 비트 드라이버가 필요합니다. TRIXIG 트릭시그 공구세트15종(별도 판매)에 포함되어 있어요.

바닥이 긁히는 것을 방지하려면 별도 판매되는 TRIXIG 트릭시그 바닥보호스티커를 사용하세요.

TONSTAD 톤스타드 의자의 추가 커버는 별도 판매됩니다. 테이블
상단 패널: 파티클보드, 아크릴 페인트, 멜라민포일, 플라스틱 테두리
레일,옆/ 다리: 원목, 접착제, 아크릴 페인트
의자커버
코팅 패브릭 부분/ 코팅 패브릭 부분: 폴리우레탄 100%, 폴리에스테르 75%, 면 25%
솜: 폴리에스테르충전재
안감: 폴리프로필렌 100%
원사: 폴리에스테르 100%
벨크로: 나일론 100%
의자프레임
등받이 원단/ 보호 패브릭: 폴리에스테르 100% (100% 재활용)
내화 안감/ 안감: 폴리에스테르충전재
다리: 원목, 아크릴 페인트
슬리브/ 마운팅 플레이트/ 나사받이/ 고정 브래킷: 스틸, 에폭시/폴리에스테르 파우더코팅
등받이: 합판, 고탄력 폴리우레탄 폼 35 kg/cu.m.
시트: 적층 무늬목, 폴리우레탄 폼 35kg/cu.m.
벨크로: 나일론 100% 의자커버
세탁하지 마세요.
표백하지 마세요.
건조기에 넣지 마세요.
다림질하지 마세요.
드라이클리닝하지 마세요.
깨끗한 천으로 물기를 닦아주세요.
건조해질 수 있으니 직사광선을 피하세요.
의자프레임
진공청소기를 사용하세요.
깨끗한 천으로 물기를 닦아주세요.
가벼운 얼룩은 섬유세제를 이용하거나 물 또는 중성세제에 적신 스펀지로 지워주세요.
안정성을 위하여 조립 2주 후에 나사를 점검하고 필요한 경우 다시 조여주세요.
테이블
순한 세제에 적신 천으로 닦으세요.
깨끗한 천으로 물기를 닦아주세요.
안정성을 위하여 조립 2주 후에 나사를 점검하고 필요한 경우 다시 조여주세요. "
"NORDEN 노르덴 / FRÖSVI 프뢰스비 테이블+의자4, 화이트/크니사 라이트그레이, 26/89/152 cm",https://www.ikea.com/kr/ko/p/norden-froesvi-table-and-4-chairs-white-knisa-light-grey-s69568820/,"https://www.ikea.com/kr/ko/images/products/norden-froesvi-table-and-4-chairs-white-knisa-light-grey__1328456_pe944791_s5.jpg?f=xxs,https://www.ikea.com/kr/ko/images/products/norden-froesvi-table-and-4-chairs-white-knisa-light-grey__1050987_pe844941_s5.jpg?f=xxs",488600,518600.0,0.0,0.0,695.688.20,"2~4인용 드롭리프 식탁으로 식탁의 크기를 조절할 수 있습니다.
상판 밑에 서랍 6개가 있어서 식기도구와 냅킨, 양초 등을 수납할 수 있습니다.
접이식 의자로 간편하게 보관할 수 있습니다.
시트에 구멍이 있어서 벽에 걸 수 있으니까 사용하지 않을 때는 공간을 덜 차지해요.
의자는 조립된 상태로 판매되므로 바로 사용하실 수 있어요.","게이트레그 테이블
상판: 파티클보드, 멜라민포일, 아크릴 페인트
접이식 상판: 파티클보드, 멜라민포일, 플라스틱 테두리, 아크릴 페인트
서랍앞판: 섬유판, 아크릴 페인트
서랍 옆면/ 서랍 뒷면: 파티클보드, 페이퍼 포일
서랍 밑면: 섬유판, 페이퍼 포일
기본 프레임: 원목, 섬유판, 아크릴 페인트
접이식의자
프레임: 너도밤나무 원목, 스테인, 투명 아크릴 래커
시트: 폴리우레탄 폼 35kg/cu.m., 섬유판
등받이: 폴리우레탄 폼 35kg/cu.m.
커버: 폴리에스테르 100%(최소 90% 재활용)","게이트레그 테이블
순한 세제에 적신 천으로 닦으세요.
깨끗한 천으로 물기를 닦아주세요.
테이블+의자4
얼룩은 지우개, 고운 사포, 비누, 설거지세제, 페인트 시너로 지울 수 있습니다.
표면 저항력을 높이고 손질을 쉽게 하기 위하여 오일, 왁스, 래커, 글레이즈 페인트로 마감할 수 있습니다.
텍스타일접이식의자
세탁하지 마세요.
표백하지 마세요.
건조기에 넣지 마세요.
다림질하지 마세요.
드라이클리닝하지 마세요.
진공청소기를 사용하세요.
가벼운 얼룩은 섬유세제를 이용하거나 물 또는 중성세제에 적신 스펀지로 지워주세요.",,89.0,80.0,74.0,43.0,49.0,78.0,"이 제품은 6 개 패키지로 구성됩니다.
NORDEN 노르덴 게이트레그 테이블 제품 번호 704.223.94
폭: 64 cm
높이: 8 cm
길이: 85 cm
무게: 25.41 kg
패키지: 1
폭: 73 cm
높이: 10 cm
길이: 83 cm
무게: 21.60 kg
패키지: 1
FRÖSVI 프뢰스비 접이식의자 제품 번호 005.343.33
폭: 43 cm
높이: 9 cm
길이: 89 cm
무게: 3.65 kg
패키지: 4",,4.0,dining_table_set,IKEA,white,"modern,nordic,minimal",False,low,True,"NORDEN 노르덴 / FRÖSVI 프뢰스비 테이블+의자4, 화이트/크니사 라이트그레이, 26/89/152 cm 2~4인용 드롭리프 식탁으로 식탁의 크기를 조절할 수 있습니다.
상판 밑에 서랍 6개가 있어서 식기도구와 냅킨, 양초 등을 수납할 수 있습니다.
접이식 의자로 간편하게 보관할 수 있습니다.
시트에 구멍이 있어서 벽에 걸 수 있으니까 사용하지 않을 때는 공간을 덜 차지해요.
의자는 조립된 상태로 판매되므로 바로 사용하실 수 있어요. 게이트레그 테이블
상판: 파티클보드, 멜라민포일, 아크릴 페인트
접이식 상판: 파티클보드, 멜라민포일, 플라스틱 테두리, 아크릴 페인트
서랍앞판: 섬유판, 아크릴 페인트
서랍 옆면/ 서랍 뒷면: 파티클보드, 페이퍼 포일
서랍 밑면: 섬유판, 페이퍼 포일
기본 프레임: 원목, 섬유판, 아크릴 페인트
접이식의자
프레임: 너도밤나무 원목, 스테인, 투명 아크릴 래커
시트: 폴리우레탄 폼 35kg/cu.m., 섬유판
등받이: 폴리우레탄 폼 35kg/cu.m.
커버: 폴리에스테르 100%(최소 90% 재활용) 게이트레그 테이블
순한 세제에 적신 천으로 닦으세요.
깨끗한 천으로 물기를 닦아주세요.
테이블+의자4
얼룩은 지우개, 고운 사포, 비누, 설거지세제, 페인트 시너로 지울 수 있습니다.
표면 저항력을 높이고 손질을 쉽게 하기 위하여 오일, 왁스, 래커, 글레이즈 페인트로 마감할 수 있습니다.
텍스타일접이식의자
세탁하지 마세요.
표백하지 마세요.
건조기에 넣지 마세요.
다림질하지 마세요.
드라이클리닝하지 마세요.
진공청소기를 사용하세요.
가벼운 얼룩은 섬유세제를 이용하거나 물 또는 중성세제에 적신 스펀지로 지워주세요. "
"MÖRBYLÅNGA 뫼르뷜롱아 / GRÖNSTA 그뢴스타 테이블+암체어6, 참나무무늬목 브라운스테인/화이트, 220x100 cm",https://www.ikea.com/kr/ko/p/moerbylanga-groensta-table-and-6-armchairs-oak-veneer-brown-stained-white-s29569322/,"https://www.ikea.com/pimg/1328445_pe944782_s5.jpg?f=xxs,https://www.ikea.com/pimg/1339357_pe948451_s5.jpg?f=xxs",1613000,1713000.0,2.0,3.0,295.693.22,"널빤지의 느낌을 강조한 디자인으로 진짜 나무의 느낌이 살아있습니다.

참나무는 단단하고 내구성이 우수하며 나뭇결이 잘 살아있는 목재입니다. 시간이 지날수록 색이 짙어져 고급스러운 골든브라운 색을 띠게 됩니다.

화이트 몰딩형 시트는 편안하고 유연한 느낌을 선사하며, 등받이와 곡선형 팔걸이를 통해 몸을 폭 감싸 안는 디자인은 편안한 착석감을 제공합니다.","테이블 상판: 파티클보드, 참나무 무늬목, 스테인, 틴트 투명 아크릴 래커, 두꺼운 오크무늬목
테이블 다리/기본 프레임/크로스 레일: 파티클보드, 참나무 원목, 두꺼운 오크무늬목, 스테인, 틴트 투명 아크릴 래커
팔걸이의자 등받이 일체형 시트: 폴리프로필렌 플라스틱
팔걸이의자 다리: 유칼립투스나무 원목, 아크릴 스테인","테이블: 순한 세제에 적신 천으로 닦으세요. 깨끗한 천으로 물기를 닦아주세요.
팔걸이의자: 안정성을 위하여 조립 2주 후에 나사를 점검하고 필요한 경우 다시 조여주세요.",,220.0,100.0,74.0,60.0,49.0,78.0,"이 제품은 15 개 패키지로 구성됩니다.

MÖRBYLÅNGA 뫼르뷜롱아 테이블 제품 번호 803.658.02
폭: 53 cm
높이: 5 cm
길이: 227 cm
무게: 29.18 kg
패키지: 1

폭: 53 cm
높이: 5 cm
길이: 227 cm
무게: 29.17 kg
패키지: 1

폭: 83 cm
높이: 10 cm
길이: 208 cm
무게: 28.86 kg
패키지: 1

GRÖNSTA 그뢴스타 팔걸이의자, 실내외겸용 제품 번호 405.597.55
폭: 56 cm
높이: 39 cm
길이: 60 cm
무게: 4.77 kg
패키지: 6

폭: 16 cm
높이: 5 cm
길이: 48 cm
무게: 1.52 kg
패키지: 6",,,dining_table_set,IKEA,white,"modern,nordic,minimal",False,medium,False,"MÖRBYLÅNGA 뫼르뷜롱아 / GRÖNSTA 그뢴스타 테이블+암체어6, 참나무무늬목 브라운스테인/화이트, 220x100 cm 널빤지의 느낌을 강조한 디자인으로 진짜 나무의 느낌이 살아있습니다.

참나무는 단단하고 내구성이 우수하며 나뭇결이 잘 살아있는 목재입니다. 시간이 지날수록 색이 짙어져 고급스러운 골든브라운 색을 띠게 됩니다.

화이트 몰딩형 시트는 편안하고 유연한 느낌을 선사하며, 등받이와 곡선형 팔걸이를 통해 몸을 폭 감싸 안는 디자인은 편안한 착석감을 제공합니다. 테이블 상판: 파티클보드, 참나무 무늬목, 스테인, 틴트 투명 아크릴 래커, 두꺼운 오크무늬목
테이블 다리/기본 프레임/크로스 레일: 파티클보드, 참나무 원목, 두꺼운 오크무늬목, 스테인, 틴트 투명 아크릴 래커
팔걸이의자 등받이 일체형 시트: 폴리프로필렌 플라스틱
팔걸이의자 다리: 유칼립투스나무 원목, 아크릴 스테인 테이블: 순한 세제에 적신 천으로 닦으세요. 깨끗한 천으로 물기를 닦아주세요.
팔걸이의자: 안정성을 위하여 조립 2주 후에 나사를 점검하고 필요한 경우 다시 조여주세요. "
"ÅLHULT 올훌트 / ODGER 오드게르 테이블+의자6, 블랙/브라운/앤트러싸이트, 170x80 cm",https://www.ikea.com/kr/ko/p/alhult-odger-table-and-6-chairs-black-brown-anthracite-s79611578/,"https://www.ikea.com/pimg/1438999_pe985066_s5.jpg?f=xxs,https://www.ikea.com/pimg/1447068_pe988938_s5.jpg?f=xxs",823400,848400.0,3.0,2.0,796.115.78,"ÅLHULT 올훌트 테이블은 물푸레무늬목 표면에 목재의 자연미를 보호하고 쉽게 관리할 수 있도록 약간의 색조를 넣어 투명 래커 처리했습니다.
물푸레나무 무늬목의 나뭇결이 각각 달라서 테이블마다 조금씩 다른 개성을 느낄 수 있습니다.
따로 공구가 없어도 부품을 끼우기만 하면 간편하게 조립할 수 있습니다.
목재 섬유/플라스틱 합성 소재로 만든 의자의 매트한 표면은 부드러워서 자꾸 만지고 싶은 질감이에요.","테이블
상판:
파티클보드, 물푸레무늬목, 스테인, 틴트 투명 아크릴 래커, 페이퍼 포일, 물푸레무늬목, 스테인, 틴트 투명래커
하단 프레임:
원목, 접착제, 물푸레무늬목, 스테인, 틴트 투명 아크릴 래커
다리:
파티클보드, 물푸레무늬목, 스테인, 틴트 투명 아크릴 래커
의자
등받이 일체형 시트/ 다리 프레임:
합성목재
손잡이:
폴리프로필렌 플라스틱
다리받침:
열가소성 엘라스토머",,,170.0,80.0,74.0,45.0,51.0,81.0,"이 제품은 8 개 패키지로 구성됩니다.
ÅLHULT 올훌트 테이블 제품 번호 606.007.87
폭: 83 cm
높이: 5 cm
길이: 174 cm
무게: 22.20 kg
패키지: 1
폭: 38 cm
높이: 7 cm
길이: 83 cm
무게: 7.15 kg
패키지: 1
ODGER 오드게르 의자 제품 번호 304.573.14
폭: 50 cm
높이: 49 cm
길이: 55 cm
무게: 6.53 kg
패키지: 6",,6.0,dining_table_set,IKEA,black,"modern,nordic,minimal",False,medium,True,"ÅLHULT 올훌트 / ODGER 오드게르 테이블+의자6, 블랙/브라운/앤트러싸이트, 170x80 cm ÅLHULT 올훌트 테이블은 물푸레무늬목 표면에 목재의 자연미를 보호하고 쉽게 관리할 수 있도록 약간의 색조를 넣어 투명 래커 처리했습니다.
물푸레나무 무늬목의 나뭇결이 각각 달라서 테이블마다 조금씩 다른 개성을 느낄 수 있습니다.
따로 공구가 없어도 부품을 끼우기만 하면 간편하게 조립할 수 있습니다.
목재 섬유/플라스틱 합성 소재로 만든 의자의 매트한 표면은 부드러워서 자꾸 만지고 싶은 질감이에요. 테이블
상판:
파티클보드, 물푸레무늬목, 스테인, 틴트 투명 아크릴 래커, 페이퍼 포일, 물푸레무늬목, 스테인, 틴트 투명래커
하단 프레임:
원목, 접착제, 물푸레무늬목, 스테인, 틴트 투명 아크릴 래커
다리:
파티클보드, 물푸레무늬목, 스테인, 틴트 투명 아크릴 래커
의자
등받이 일체형 시트/ 다리 프레임:
합성목재
손잡이:
폴리프로필렌 플라스틱
다리받침:
열가소성 엘라스토머  "
"LISABO 리사보 / HÖGVED 회그베드 테이블+의자4, 물푸레무늬목/자작나무무늬목, 140x78 cm",https://www.ikea.com/kr/ko/p/lisabo-hoegved-table-and-4-chairs-ash-veneer-birch-veneer-s39630098/,"https://www.ikea.com/kr/ko/images/products/lisabo-hoegved-table-and-4-chairs-ash-veneer-birch-veneer__1528684_pe1014483_s5.jpg?f=xxs,https://www.ikea.com/kr/ko/images/products/lisabo-hoegved-table-and-4-chairs-ash-veneer-birch-veneer__1240943_pe919573_s5.jpg?f=xxs",740000,765000.0,0.0,0.0,396.300.98,"음식점 같은 공공 장소에서 사용할 수 있도록 테스트를 거치고 승인을 받았습니다. 즉 내구성이 뛰어나고 일상적으로 광범위하게 사용할 수 있습니다.

모양이 잡힌 의자의 등받이와 좌석 덕분에 편안하게 앉을 수 있습니다.

LISABO 리사보 테이블 시리즈는 스마트한 구조와 하나의 공예품처럼 보이는 스타일로 2016 레드닷 디자인 어워드를 수상했어요.

실내에서만 사용하세요.","테이블
상단 패널: 물푸레무늬목, 자작나무 무늬목, 자작나무 원목, 자작나무 합판, 파티클보드, 틴트 투명 아크릴 래커, 섬유판
다리 베이스: 자작나무 원목, 틴트 투명 아크릴 래커
의자
등받이/ 침대살: 자작나무 원목, 접착제, 투명 아크릴 래커
시트: 적층 무늬목, 합판, 자작나무 무늬목, 투명 아크릴 래커
다리 프레임: 자작나무 원목, 자작나무 합판, 접착제, 투명 아크릴 래커","의자
중성세제를 희석한 물로 닦아주세요.
깨끗한 천으로 물기를 닦아주세요.
안정성을 위하여 조립 2주 후에 나사를 점검하고 필요한 경우 다시 조여주세요.
테이블
깨끗한 천으로 물기를 닦아주세요.","이 테이블은 가정 외 일반적인 공공장소에서 사용할 수 있도록 테스트를 거쳤으며 EN 15372 표준의 안전성 및 내구성, 안정성 기준에 부합합니다.이 의자는 공공사용을 위한 검사를 마쳤으며 EN 16139-Level 1 표준에 명시된 안전, 내구성 및 안정성 기준에 부합합니다.",140.0,78.0,74.0,,,,"이 제품은 5 개 패키지로 구성됩니다.

LISABO 리사보 테이블 제품 번호 803.657.17
폭: 82 cm
높이: 6 cm
길이: 165 cm
무게: 22.22 kg
패키지: 1

HÖGVED 회그베드 의자 제품 번호 206.070.07
폭: 48 cm
높이: 48 cm
길이: 52 cm
무게: 5.05 kg
패키지: 4",,4.0,dining_table_set,IKEA,wood,"modern,nordic,minimal",True,low,False,"LISABO 리사보 / HÖGVED 회그베드 테이블+의자4, 물푸레무늬목/자작나무무늬목, 140x78 cm 음식점 같은 공공 장소에서 사용할 수 있도록 테스트를 거치고 승인을 받았습니다. 즉 내구성이 뛰어나고 일상적으로 광범위하게 사용할 수 있습니다.

모양이 잡힌 의자의 등받이와 좌석 덕분에 편안하게 앉을 수 있습니다.

LISABO 리사보 테이블 시리즈는 스마트한 구조와 하나의 공예품처럼 보이는 스타일로 2016 레드닷 디자인 어워드를 수상했어요.

실내에서만 사용하세요. 테이블
상단 패널: 물푸레무늬목, 자작나무 무늬목, 자작나무 원목, 자작나무 합판, 파티클보드, 틴트 투명 아크릴 래커, 섬유판
다리 베이스: 자작나무 원목, 틴트 투명 아크릴 래커
의자
등받이/ 침대살: 자작나무 원목, 접착제, 투명 아크릴 래커
시트: 적층 무늬목, 합판, 자작나무 무늬목, 투명 아크릴 래커
다리 프레임: 자작나무 원목, 자작나무 합판, 접착제, 투명 아크릴 래커 의자
중성세제를 희석한 물로 닦아주세요.
깨끗한 천으로 물기를 닦아주세요.
안정성을 위하여 조립 2주 후에 나사를 점검하고 필요한 경우 다시 조여주세요.
테이블
깨끗한 천으로 물기를 닦아주세요. "
"STRANDTORP 스트란드토르프 / MÅRENÄS 모레네스 테이블+암체어6, 브라운/블랙 군나레드 다크그레이, 150/205/260 cm",https://www.ikea.com/kr/ko/p/strandtorp-marenaes-table-and-6-armchairs-brown-black-gunnared-dark-grey-s69518830/,"https://www.ikea.com/kr/ko/images/products/strandtorp-marenaes-table-and-6-armchairs-brown-black-gunnared-dark-grey__1198509_pe904116_s5.jpg?f=xxs,https://www.ikea.com/kr/ko/images/products/strandtorp-marenaes-table-and-6-armchairs-brown-black-gunnared-dark-grey__1198508_pe904117_s5.jpg?f=xxs",1823000,1893000.0,4.0,2.0,695.188.30,"다크브라운 테이블의 원목 베니어 상판은 내구성을 위해 스테인과 래커로 처리했으며 자연스러운 나무 질감이 돋보입니다.

자체 보관 상판 2개를 간편하게 꺼내 테이블을 확장할 수 있으며, 손님이 떠나면 쉽게 분리하여 테이블 상판 아래에 접어 넣을 수 있습니다.

테이블 다리와 하부프레임은 견고하고 내구성이 뛰어난 파우더 코팅 스틸로 만들었습니다.

길이를 조절하기만 하면 아이들과 숙제를 하거나 그림을 그리고 게임을 하는 등, 다양한 활동에 적합한 공간을 만들 수 있습니다.

의자커버는 따로 분리하여 세탁기로 세탁할 수 있습니다.

새로운 분위기를 연출하고 싶다면 커버를 교체해보세요.

실내에서만 사용하세요.

4-10인용.

커버는 벗겨서 세탁할 수 있습니다.

MÅRENÄS 모레네스 팔걸이의자의 추가 커버는 여러 가지 색으로 나오며, 별도로 판매됩니다.","확장형테이블
상판: 파티클보드, 참나무 무늬목, 스테인, 투명 아크릴 래커, 참나무 무늬목
레일,옆: 스틸, 에폭시/폴리에스테르 파우더코팅, 아크릴 코팅
엔드 레일/ 다리/ 브래킷: 스틸, 에폭시/폴리에스테르 파우더코팅
의자
내화 안감/ 안감: 폴리에스테르충전재
다리: 원목, 접착제, 스테인, 투명래커
팔걸이 프레임/ 등받이 프레임: 원목, 100% 재생 보드지, 접착제
충전재: 폴리우레탄 폼 35kg/cu.m., 고탄력 폴리우레탄 폼 35 kg/cu.m., 폴리우레탄 폼 35kg/cu.m.
시트 프레임: 폴리프로필렌 100%, 원목, 스틸, 접착제
벨크로: 나일론 100%
충전재: 폴리우레탄 폼 35kg/cu.m.
의자커버
패브릭: 폴리에스테르 100 %
패브릭: 폴리에스테르 100%(최소 90% 재활용)","테이블테이블+암체어6
순한 세제에 적신 천으로 닦으세요.
깨끗한 천으로 물기를 닦아주세요.
정보테이블+암체어6
공공장소에서 사용할 수 있도록 검사를 마쳤으며 EN 16139-Level 1 표준에 따른 안전성, 내구성 및 안정성 요건에 부합하는 의자입니다. 또한, EN1021-2에 따른 가연성 요건을 충족합니다. (195)
확장형테이블
안전한 사용을 위해 필요시 나사를 다시 조여주세요.
탈부착커버의자커버
세탁기 사용 가능, 최대 40°C, 표준 코스
표백하지 마세요.
건조기에 넣지 마세요.
다림질, 최대 150°C.
드라이클리닝, 표준 코스.","25,000 사이클의 마모성 테스트를 완료한 커버입니다. 15,000 사이클 이상을 견디는 커버는 일반적인 가정용으로 적합합니다.내변색성 레벨 1~8 중 레벨 5 판정을 받은 커버입니다. 업계 표준에 따르면 가정용으로는 레벨 4 이상이 적합합니다.",205.0,95.0,75.0,,,,"이 제품은 15 개 패키지로 구성됩니다.
STRANDTORP 스트란드토르프 확장형테이블 제품 번호 704.008.96
폭: 43 cm
높이: 12 cm
길이: 132 cm
무게: 20.25 kg
패키지: 1
폭: 78 cm
높이: 5 cm
길이: 99 cm
무게: 18.00 kg
패키지: 1
폭: 59 cm
높이: 4 cm
길이: 99 cm
무게: 17.50 kg
패키지: 1
MÅRENÄS 모레네스 의자 제품 번호 405.599.15
폭: 59 cm
높이: 19 cm
길이: 87 cm
무게: 9.72 kg
패키지: 6
MÅRENÄS 모레네스 의자커버 제품 번호 505.599.10
폭: 18 cm
높이: 6 cm
길이: 22 cm
무게: 0.57 kg
패키지: 6",,,dining_table_set,IKEA,black,"modern,nordic,minimal",True,medium,False,"STRANDTORP 스트란드토르프 / MÅRENÄS 모레네스 테이블+암체어6, 브라운/블랙 군나레드 다크그레이, 150/205/260 cm 다크브라운 테이블의 원목 베니어 상판은 내구성을 위해 스테인과 래커로 처리했으며 자연스러운 나무 질감이 돋보입니다.

자체 보관 상판 2개를 간편하게 꺼내 테이블을 확장할 수 있으며, 손님이 떠나면 쉽게 분리하여 테이블 상판 아래에 접어 넣을 수 있습니다.

테이블 다리와 하부프레임은 견고하고 내구성이 뛰어난 파우더 코팅 스틸로 만들었습니다.

길이를 조절하기만 하면 아이들과 숙제를 하거나 그림을 그리고 게임을 하는 등, 다양한 활동에 적합한 공간을 만들 수 있습니다.

의자커버는 따로 분리하여 세탁기로 세탁할 수 있습니다.

새로운 분위기를 연출하고 싶다면 커버를 교체해보세요.

실내에서만 사용하세요.

4-10인용.

커버는 벗겨서 세탁할 수 있습니다.

MÅRENÄS 모레네스 팔걸이의자의 추가 커버는 여러 가지 색으로 나오며, 별도로 판매됩니다. 확장형테이블
상판: 파티클보드, 참나무 무늬목, 스테인, 투명 아크릴 래커, 참나무 무늬목
레일,옆: 스틸, 에폭시/폴리에스테르 파우더코팅, 아크릴 코팅
엔드 레일/ 다리/ 브래킷: 스틸, 에폭시/폴리에스테르 파우더코팅
의자
내화 안감/ 안감: 폴리에스테르충전재
다리: 원목, 접착제, 스테인, 투명래커
팔걸이 프레임/ 등받이 프레임: 원목, 100% 재생 보드지, 접착제
충전재: 폴리우레탄 폼 35kg/cu.m., 고탄력 폴리우레탄 폼 35 kg/cu.m., 폴리우레탄 폼 35kg/cu.m.
시트 프레임: 폴리프로필렌 100%, 원목, 스틸, 접착제
벨크로: 나일론 100%
충전재: 폴리우레탄 폼 35kg/cu.m.
의자커버
패브릭: 폴리에스테르 100 %
패브릭: 폴리에스테르 100%(최소 90% 재활용) 테이블테이블+암체어6
순한 세제에 적신 천으로 닦으세요.
깨끗한 천으로 물기를 닦아주세요.
정보테이블+암체어6
공공장소에서 사용할 수 있도록 검사를 마쳤으며 EN 16139-Level 1 표준에 따른 안전성, 내구성 및 안정성 요건에 부합하는 의자입니다. 또한, EN1021-2에 따른 가연성 요건을 충족합니다. (195)
확장형테이블
안전한 사용을 위해 필요시 나사를 다시 조여주세요.
탈부착커버의자커버
세탁기 사용 가능, 최대 40°C, 표준 코스
표백하지 마세요.
건조기에 넣지 마세요.
다림질, 최대 150°C.
드라이클리닝, 표준 코스. "
"HAUGA 하우가 / HAUGA 하우가 테이블+의자6, 화이트/화이트, 168x74 cm",https://www.ikea.com/kr/ko/p/hauga-hauga-table-and-6-chairs-white-white-s99575126/,"https://www.ikea.com/pimg/1351909_pe952040_s5.jpg?f=xxs,https://www.ikea.com/pimg/1375100_pe960166_s5.jpg?f=xxs",418400,438400.0,4.0,3.0,995.751.26,"나무 무늬목 상판 테이블과 견고한 목재 의자로 구성되어 있습니다. 외관을 위해 스테인과 래커 처리를 모두 완료하여 매일의 잦은 사용에도 견딜 수 있도록 내구성을 높였어요.

더 부드럽게 앉고 싶거나 방에 개성을 더하려면 근사한 의자패드를 깔아보세요. 다양한 색상 중에서 선택할 수 있습니다.

HAUGA 하우가 시리즈의 수납 솔루션과 조합하여 디너웨어, 냅킨, 양초뿐 아니라 한두 걸음이면 닿는 곳에 두어야 하는 물건을 수납해 정돈된 느낌을 연출해 보세요.

참고
실내에서만 사용하세요.
6인용.
바닥이 긁히는 것을 방지하려면 별도 판매되는 TRIXIG 트릭시그 바닥보호스티커를 사용하세요.
HAUGA 하우가 시리즈의 다른 제품과 함께 사용할 수 있습니다.","테이블 상판: 파티클보드, 자작나무 무늬목, 스테인, 틴트 투명 아크릴 래커, 페이퍼 포일, 투명래커
하단 프레임/ 다리: 소나무 원목, 접착제, 스테인, 틴트 투명 아크릴 래커, 투명래커
의자: 소나무 원목, 스테인, 투명 아크릴 래커","의자: 안정성을 위하여 조립 2주 후에 나사를 점검하고 필요한 경우 다시 조여주세요.
의자테이블+의자6: 중성세제를 희석한 물로 닦아주세요. 깨끗한 천으로 물기를 닦아주세요.
테이블테이블+의자6: 순한 세제에 적신 천으로 닦으세요. 깨끗한 천으로 물기를 닦아주세요.",이 의자는 가정용으로 적합 판정을 받았으며 EN 12520 및 EN 1022의 내구성과 안전성 기준에 부합하는 제품입니다.,168.0,74.0,75.0,42.0,49.0,90.0,"이 제품은 8 개 패키지로 구성됩니다.
HAUGA 하우가 테이블 제품 번호 905.792.18
폭: 28 cm
높이: 5 cm
길이: 165 cm
무게: 7.62 kg
패키지: 1
폭: 78 cm
높이: 3 cm
길이: 176 cm
무게: 20.16 kg
패키지: 1
HAUGA 하우가 의자 제품 번호 505.792.15
폭: 47 cm
높이: 8 cm
길이: 91 cm
무게: 4.00 kg
패키지: 6",,6.0,dining_table_set,IKEA,white,"modern,nordic,minimal",True,low,False,"HAUGA 하우가 / HAUGA 하우가 테이블+의자6, 화이트/화이트, 168x74 cm 나무 무늬목 상판 테이블과 견고한 목재 의자로 구성되어 있습니다. 외관을 위해 스테인과 래커 처리를 모두 완료하여 매일의 잦은 사용에도 견딜 수 있도록 내구성을 높였어요.

더 부드럽게 앉고 싶거나 방에 개성을 더하려면 근사한 의자패드를 깔아보세요. 다양한 색상 중에서 선택할 수 있습니다.

HAUGA 하우가 시리즈의 수납 솔루션과 조합하여 디너웨어, 냅킨, 양초뿐 아니라 한두 걸음이면 닿는 곳에 두어야 하는 물건을 수납해 정돈된 느낌을 연출해 보세요.

참고
실내에서만 사용하세요.
6인용.
바닥이 긁히는 것을 방지하려면 별도 판매되는 TRIXIG 트릭시그 바닥보호스티커를 사용하세요.
HAUGA 하우가 시리즈의 다른 제품과 함께 사용할 수 있습니다. 테이블 상판: 파티클보드, 자작나무 무늬목, 스테인, 틴트 투명 아크릴 래커, 페이퍼 포일, 투명래커
하단 프레임/ 다리: 소나무 원목, 접착제, 스테인, 틴트 투명 아크릴 래커, 투명래커
의자: 소나무 원목, 스테인, 투명 아크릴 래커 의자: 안정성을 위하여 조립 2주 후에 나사를 점검하고 필요한 경우 다시 조여주세요.
의자테이블+의자6: 중성세제를 희석한 물로 닦아주세요. 깨끗한 천으로 물기를 닦아주세요.
테이블테이블+의자6: 순한 세제에 적신 천으로 닦으세요. 깨끗한 천으로 물기를 닦아주세요. "
"ÅLHULT 올훌트 / ÅLHULT 올훌트 테이블+의자4, 블랙/브라운/봄스타드 블랙 블랙, 120/170x80 cm",https://www.ikea.com/kr/ko/p/alhult-alhult-table-and-4-chairs-black-brown-bomstad-black-black-s79611559/,"https://www.ikea.com/kr/ko/images/products/alhult-alhult-table-and-4-chairs-black-brown-bomstad-black-black__1439009_pe985054_s5.jpg?f=xxs,https://www.ikea.com/kr/ko/images/products/alhult-alhult-table-and-4-chairs-black-brown-bomstad-black-black__1447078_pe988944_s5.jpg?f=xxs",503600,528600.0,3.9,7.0,796.115.59,"4~6인용으로 손쉽게 확장할 수 있어요. 식사 자리에 따라 다양한 요구를 충족할 수 있습니다.

보조상판은 테이블 양쪽 끝부분을 넓혀 2명이 더 앉을 수 있는 넉넉한 공간을 마련합니다.

ÅLHULT 올훌트 테이블은 물푸레무늬목 표면에 목재의 자연미를 보호하고 쉽게 관리할 수 있도록 약간의 색조를 넣어 투명 래커 처리했습니다.

물푸레나무 무늬목의 나뭇결이 각각 달라서 테이블마다 조금씩 다른 개성을 느낄 수 있습니다.

기대기 편안한 높은 등받이와 부드러운 시트 덕분에 오래 앉아 있어도 편안하여 식사 시간이 더욱 즐거워져요.

코팅된 패브릭 커버는 손쉽게 닦을 수 있어서 의자를 늘 산뜻하게 유지할 수 있어요.","확장형테이블
상판/ 확장판: 파티클보드, 물푸레무늬목, 스테인, 틴트 투명 아크릴 래커, 페이퍼 포일, 물푸레무늬목, 스테인, 틴트 투명래커
하단 프레임: 원목, 접착제, 물푸레무늬목, 스테인, 틴트 투명 아크릴 래커
크로스 레일: 원목, 접착제
다리: 파티클보드, 물푸레무늬목, 스테인, 틴트 투명 아크릴 래커
의자
코팅 패브릭 부분: 폴리우레탄 100%, 폴리에스테르 75%, 면 25%
내화 안감: 폴리에스테르충전재
프레임: 소나무 원목, 접착제, 스테인, 틴트 투명 아크릴 래커
시트: 섬유판, 폴리우레탄 폼 35kg/cu.m.
밑면: 폴리프로필렌 100%",,,170.0,80.0,74.0,45.0,54.0,94.0,"이 제품은 6 개 패키지로 구성됩니다.

ÅLHULT 올훌트 확장형테이블 제품 번호 806.007.91
이 제품은 여러 개의 패키지로 포장되어 있습니다.
폭: 64 cm
높이: 6 cm
길이: 84 cm
무게: 16.50 kg
패키지: 1

폭: 27 cm
높이: 7 cm
길이: 168 cm
무게: 11.40 kg
패키지: 1

ÅLHULT 올훌트 의자 제품 번호 706.008.00
폭: 49 cm
높이: 11 cm
길이: 96 cm
무게: 5.22 kg
패키지: 4",,4.0,dining_table_set,IKEA,black,"modern,nordic,minimal",False,medium,False,"ÅLHULT 올훌트 / ÅLHULT 올훌트 테이블+의자4, 블랙/브라운/봄스타드 블랙 블랙, 120/170x80 cm 4~6인용으로 손쉽게 확장할 수 있어요. 식사 자리에 따라 다양한 요구를 충족할 수 있습니다.

보조상판은 테이블 양쪽 끝부분을 넓혀 2명이 더 앉을 수 있는 넉넉한 공간을 마련합니다.

ÅLHULT 올훌트 테이블은 물푸레무늬목 표면에 목재의 자연미를 보호하고 쉽게 관리할 수 있도록 약간의 색조를 넣어 투명 래커 처리했습니다.

물푸레나무 무늬목의 나뭇결이 각각 달라서 테이블마다 조금씩 다른 개성을 느낄 수 있습니다.

기대기 편안한 높은 등받이와 부드러운 시트 덕분에 오래 앉아 있어도 편안하여 식사 시간이 더욱 즐거워져요.

코팅된 패브릭 커버는 손쉽게 닦을 수 있어서 의자를 늘 산뜻하게 유지할 수 있어요. 확장형테이블
상판/ 확장판: 파티클보드, 물푸레무늬목, 스테인, 틴트 투명 아크릴 래커, 페이퍼 포일, 물푸레무늬목, 스테인, 틴트 투명래커
하단 프레임: 원목, 접착제, 물푸레무늬목, 스테인, 틴트 투명 아크릴 래커
크로스 레일: 원목, 접착제
다리: 파티클보드, 물푸레무늬목, 스테인, 틴트 투명 아크릴 래커
의자
코팅 패브릭 부분: 폴리우레탄 100%, 폴리에스테르 75%, 면 25%
내화 안감: 폴리에스테르충전재
프레임: 소나무 원목, 접착제, 스테인, 틴트 투명 아크릴 래커
시트: 섬유판, 폴리우레탄 폼 35kg/cu.m.
밑면: 폴리프로필렌 100%  "
"VIHALS 비할스 / VIHALS 비할스 테이블+의자4, 화이트/화이트, 120/180x74 cm",https://www.ikea.com/kr/ko/p/vihals-vihals-table-and-4-chairs-white-white-s69599510/,"https://www.ikea.com/kr/ko/images/products/vihals-vihals-table-and-4-chairs-white-white__1388793_pe964961_s5.jpg?f=xxs,https://www.ikea.com/kr/ko/images/products/vihals-vihals-table-and-4-chairs-white-white__1414854_pe974932_s5.jpg?f=xxs",268600,,0.0,0.0,695.995.10,"특정 요구에 맞게 테이블의 크기를 손쉽게 조절할 수 있으므로 유연하게 활용하기 좋아요.

테이블 다리는 테이블이 확장되더라도 항상 테이블의 모서리에 자리하고 있어 의자를 놓을 공간도 충분합니다.

멜라민 포일 테이블 상판은 기능을 갖췄을 뿐 아니라 젖은 천으로 쉽게 청소할 수 있어요.

현대적인 분위기의 깔끔하고 절제된 디자인이 다양한 인테리어 설정과 원활하게 어울려요.

최대 6개까지 쌓아 놓을 수 있어서 편하게 보관할 수 있습니다.

한 사람의 힘으로 빠르고 간편하게 테이블을 확장할 수 있습니다.

고강도 파우더 코팅 스틸 하부프레임은 안정적이며, 녹과 부식에 강하여 시간이 흘러도 내구성이 우수합니다.

고강도 파우더 코팅 스틸과 플라스틱으로 만든 가벼운 의자는 옮기기 쉬우며 쓱 닦아서 청소할 수 있어요.

고강도 스틸을 사용함으로써 일반적인 스틸보다 적은 소재를 사용하여 자원 효율성을 극대화하고 뛰어난 내구성과 강도를 제공합니다.

참고
실내에서만 사용하세요.
4-6인용.
지역사회의 규칙에 따라 재활용 또는 에너지 회수를 위해 분리 배출할 수 있습니다.
확장형 보조상판 1개가 포함되어 있습니다.","확장형테이블
다리/ 사이드 레일: 스틸, 에폭시/폴리에스테르 파우더코팅
안쪽 다리: 스틸
상판: 파티클보드, 멜라민포일, 멜라민포일, 플라스틱 테두리
의자
다리 프레임/ 핀/ 크로스 레일: 스틸, 에폭시/폴리에스테르 파우더코팅
시트/ 등받이: 폴리프로필렌 플라스틱(최소 50% 재활용)","확장형테이블/의자
순한 세제에 적신 천으로 닦으세요.
깨끗한 천으로 물기를 닦아주세요.
테이블+의자4
안정성을 위하여 조립 2주 후에 나사를 점검하고 필요한 경우 다시 조여주세요.",의자는 가정용으로 적합 판정을 받았으며 EN 12520 및 EN 1022의 내구성과 안전성 기준에 부합하는 제품입니다.이 의자는 관련된 강도 및 내구성 표준을 준수하고 테스트를 거친 제품입니다. 테스트는 일반적인 제품의 사용 횟수와 110kg인 사용자를 기준으로 실시되었습니다.,180.0,74.0,75.0,45.0,47.0,79.0,"이 제품은 6 개 패키지로 구성됩니다.

VIHALS 비할스 확장형테이블 제품 번호105.927.37
이 제품은 여러 개의 패키지로 포장되어 있습니다.
폭: 77 cm
높이: 5 cm
길이: 127 cm
무게: 17.95 kg
패키지: 1

폭: 29 cm
높이: 6 cm
길이: 118 cm
무게: 12.97 kg
패키지: 1

VIHALS 비할스 의자 제품 번호805.927.34
폭: 49 cm
높이: 9 cm
길이: 97 cm
무게: 3.48 kg
패키지: 4",,4.0,dining_table_set,IKEA,white,"modern,nordic,minimal",True,medium,False,"VIHALS 비할스 / VIHALS 비할스 테이블+의자4, 화이트/화이트, 120/180x74 cm 특정 요구에 맞게 테이블의 크기를 손쉽게 조절할 수 있으므로 유연하게 활용하기 좋아요.

테이블 다리는 테이블이 확장되더라도 항상 테이블의 모서리에 자리하고 있어 의자를 놓을 공간도 충분합니다.

멜라민 포일 테이블 상판은 기능을 갖췄을 뿐 아니라 젖은 천으로 쉽게 청소할 수 있어요.

현대적인 분위기의 깔끔하고 절제된 디자인이 다양한 인테리어 설정과 원활하게 어울려요.

최대 6개까지 쌓아 놓을 수 있어서 편하게 보관할 수 있습니다.

한 사람의 힘으로 빠르고 간편하게 테이블을 확장할 수 있습니다.

고강도 파우더 코팅 스틸 하부프레임은 안정적이며, 녹과 부식에 강하여 시간이 흘러도 내구성이 우수합니다.

고강도 파우더 코팅 스틸과 플라스틱으로 만든 가벼운 의자는 옮기기 쉬우며 쓱 닦아서 청소할 수 있어요.

고강도 스틸을 사용함으로써 일반적인 스틸보다 적은 소재를 사용하여 자원 효율성을 극대화하고 뛰어난 내구성과 강도를 제공합니다.

참고
실내에서만 사용하세요.
4-6인용.
지역사회의 규칙에 따라 재활용 또는 에너지 회수를 위해 분리 배출할 수 있습니다.
확장형 보조상판 1개가 포함되어 있습니다. 확장형테이블
다리/ 사이드 레일: 스틸, 에폭시/폴리에스테르 파우더코팅
안쪽 다리: 스틸
상판: 파티클보드, 멜라민포일, 멜라민포일, 플라스틱 테두리
의자
다리 프레임/ 핀/ 크로스 레일: 스틸, 에폭시/폴리에스테르 파우더코팅
시트/ 등받이: 폴리프로필렌 플라스틱(최소 50% 재활용) 확장형테이블/의자
순한 세제에 적신 천으로 닦으세요.
깨끗한 천으로 물기를 닦아주세요.
테이블+의자4
안정성을 위하여 조립 2주 후에 나사를 점검하고 필요한 경우 다시 조여주세요. "
"GUNDE 군데 / GUNDE 군데 테이블+접이식의자2, 접이식 블랙/블랙, 67x67 cm",https://www.ikea.com/kr/ko/p/gunde-gunde-table-and-2-folding-chairs-folding-black-black-s09564603/,"https://www.ikea.com/pimg/1352626_pe952211_s5.jpg?f=xxs,https://www.ikea.com/pimg/1352625_pe952212_s5.jpg?f=xxs",65000,69900.0,4.6,18.0,095.646.03,"사용하지 않을 때는 접어서 보관할 수 있어 공간도 절약되죠.
테이블 상판의 포일 멜라민 표면은 내구성이 좋고 세척이 쉬우며 촉감 또한 탁월합니다.
심플한 직선형 디자인은 다양한 스타일과 결합하기 쉽습니다.
제공되는 후크를 테이블의 다리 위에 놓아 펼쳐진 상태를 고정하세요.
실내 사용 전용.
표면 긁힘을 방지하려면 별도 판매 제품인 FIXA 픽사 바닥보호판을 함께 사용하세요.","접이식테이블
상판: 파티클보드, 멜라민포일, 멜라민포일, 플라스틱 테두리
마운팅 플레이트/ 다리 프레임/ 고정판: 스틸, 폴리에스테르 파우더코팅
엔드캡: 폴리프로필렌 플라스틱
스탑 링: 스틸, 에폭시/폴리에스테르 파우더코팅
자물쇠: 아세탈 플라스틱
나사받이/ 풋: 폴리아미드 플라스틱
접이식의자
프레임: 아연도금스틸
시트와 등받이: 폴리프로필렌 플라스틱","접이식테이블
순한 세제에 적신 천으로 닦으세요.
세척 후에는 부드러운 천으로 닦아서 말려주세요.",의자는 가정용으로 적합 판정을 받았으며 EN 12520 및 EN 1022의 내구성과 안전성 기준에 부합하는 제품입니다.,67.0,67.0,73.0,41.0,45.0,78.0,"이 제품은 3 개 패키지로 구성됩니다.
GUNDE 군데 접이식테이블 제품 번호 705.468.94 폭: 68 cm 높이: 6 cm 길이: 100 cm 무게: 9.43 kg 패키지: 1
GUNDE 군데 접이식의자 제품 번호 802.177.98 폭: 42 cm 높이: 7 cm 길이: 91 cm 무게: 2.21 kg 패키지: 2",,2.0,dining_table_set,IKEA,black,"modern,nordic,minimal",True,medium,False,"GUNDE 군데 / GUNDE 군데 테이블+접이식의자2, 접이식 블랙/블랙, 67x67 cm 사용하지 않을 때는 접어서 보관할 수 있어 공간도 절약되죠.
테이블 상판의 포일 멜라민 표면은 내구성이 좋고 세척이 쉬우며 촉감 또한 탁월합니다.
심플한 직선형 디자인은 다양한 스타일과 결합하기 쉽습니다.
제공되는 후크를 테이블의 다리 위에 놓아 펼쳐진 상태를 고정하세요.
실내 사용 전용.
표면 긁힘을 방지하려면 별도 판매 제품인 FIXA 픽사 바닥보호판을 함께 사용하세요. 접이식테이블
상판: 파티클보드, 멜라민포일, 멜라민포일, 플라스틱 테두리
마운팅 플레이트/ 다리 프레임/ 고정판: 스틸, 폴리에스테르 파우더코팅
엔드캡: 폴리프로필렌 플라스틱
스탑 링: 스틸, 에폭시/폴리에스테르 파우더코팅
자물쇠: 아세탈 플라스틱
나사받이/ 풋: 폴리아미드 플라스틱
접이식의자
프레임: 아연도금스틸
시트와 등받이: 폴리프로필렌 플라스틱 접이식테이블
순한 세제에 적신 천으로 닦으세요.
세척 후에는 부드러운 천으로 닦아서 말려주세요. "
"ROSENTORP 로센토르프 / NÄSINGE 네싱에 테이블+의자4, 110/155 cm",https://www.ikea.com/kr/ko/p/rosentorp-naesinge-table-and-4-chairs-white-tibbleby-beige-grey-white-s79611696/,"https://www.ikea.com/pimg/1440793_pe986032_s5.jpg?f=xxs,https://www.ikea.com/pimg/1440897_pe986111_s5.jpg?f=xxs",858600,918600.0,5.0,3.0,796.116.96,"튼튼한 다리는 원목으로 만들었으며, 매끄럽고 청소하기 쉬운 멜라민 테이블 상판과 조화를 이룹니다. 둘 다 여러 겹의 페인트로 마감하여 일상적인 마모에 강합니다.

둥근 모양의 테이블에서는 모두가 서로를 볼 수 있기 때문에 친목을 다지기에 더욱 좋아요.

원형 테이블은 날카로운 모서리가 없어서 이동하기 편하고, 좁은 다이닝 공간에 두면 좋습니다.

확장하면 원형 테이블이 타원형으로 바뀌어서 손님과 서빙용 접시를 위한 추가 공간이 생겨요.

푹신한 패드와 적절한 각도의 등받이 덕분에 식사시간이 길어져도 편안합니다.

편안한 쿠션형 시트는 지지력이 좋은 폼이 들어 있고, 부드러운 베이지/그레이 TIBBELBY 티벨뷔 패브릭을 씌웠습니다. 패브릭은 부드럽고 섬세한 광택과 은은한 헤링본 무늬가 돋보입니다.

챔퍼 처리한 다리와 갈빗살의 두께가 다양한 등받이 같은 디테일 덕분에 각 NÄSINGE 네싱에 의자가 테이블 둘레에서 매력적이고 아름답게 보입니다.

커버를 쉽게 벗겨서 물세탁할 수 있습니다.

튼튼하고 내구성 좋은 의자프레임은 원목 하드우드로 만들었습니다.

참고
실내에서만 사용하세요.
4-6인용.
자체 보관 일체형 확장 상판 1개가 포함되어 있어요.
커버는 벗겨서 세탁할 수 있습니다.
의자를 조립하려면 비트 드라이버가 필요합니다. TRIXIG 트릭시그 공구세트15종(별도 판매)에 포함되어 있어요.
바닥이 긁히는 것을 방지하려면 별도 판매되는 TRIXIG 트릭시그 바닥보호스티커를 사용하세요.","확장형테이블 상판/확장판: 파티클보드, 멜라민포일, 아크릴 페인트, 플라스틱 테두리, 페인트
레일,옆: 섬유판, 아크릴 페인트, 섬유판, 아크릴 페인트, 섬유판, 아크릴 페인트, 플라스틱 테두리
연장 레일: 섬유판, 아크릴 페인트, 플라스틱 테두리
보조 레일/기둥: 섬유판, 아크릴 페인트
홀더: 섬유판
하단 패널: 파티클보드, 페이퍼 포일, 아크릴 페인트, 플라스틱 테두리
다리: 원목, 접착제, 아크릴 페인트
의자 내화 안감/시트 안감: 폴리에스테르충전재
패브릭/커버: 폴리에스테르 100%(최소 90% 재활용)
프레임: 원목, 아크릴 페인트
시트: 섬유판, 폴리우레탄 폼 35kg/cu.m.","프레임의자: 안정성을 위하여 조립 2주 후에 나사를 점검하고 필요한 경우 다시 조여주세요.
탈부착커버의자: 세탁기 사용 가능, 최대 40°C, 표준 코스. 표백하지 마세요. 건조기에 넣지 마세요. 다림질, 최대 150°C. 드라이클리닝, 표준 코스.
확장형테이블: 순한 세제에 적신 천으로 닦으세요. 깨끗한 천으로 물기를 닦아주세요.","본 커버는 50,000회의 마모를 견뎌낼 수 있도록 시험을 거쳤습니다. 15,000회 이상을 견디는 제품은 집에서 매일 사용하는 가구에 적합하며, 30,000회 이상을 견디는 제품은 쉽게 마모되지 않습니다.내변색성 레벨 1~8 중 레벨 5~6 판정을 받은 커버입니다. 업계 표준에 따르면 가정용으로는 레벨 4 이상이 적합합니다.이 의자는 관련된 강도 및 내구성 표준을 준수하고 테스트를 거친 제품입니다. 테스트는 일반적인 제품의 사용 횟수와 110kg인 사용자를 기준으로 실시되었습니다.이 의자는 가정용으로 적합 판정을 받았으며 EN 12520 및 EN 1022의 내구성과 안전성 기준에 부합하는 제품입니다.",110.0,155.0,75.0,42.0,54.0,90.0,"이 제품은 7 개 패키지로 구성됩니다.
ROSENTORP 로센토르프 확장형테이블 제품 번호 605.682.59
폭: 73 cm 높이: 10 cm 길이: 115 cm 무게: 19.36 kg 패키지: 1
폭: 71 cm 높이: 13 cm 길이: 82 cm 무게: 17.50 kg 패키지: 1
폭: 33 cm 높이: 15 cm 길이: 60 cm 무게: 9.75 kg 패키지: 1
NÄSINGE 네싱에 의자 제품 번호 905.875.05
폭: 45 cm 높이: 12 cm 길이: 92 cm 무게: 6.85 kg 패키지: 4",,4.0,dining_table_set,IKEA,unknown,"modern,nordic,minimal",True,medium,True,"ROSENTORP 로센토르프 / NÄSINGE 네싱에 테이블+의자4, 110/155 cm 튼튼한 다리는 원목으로 만들었으며, 매끄럽고 청소하기 쉬운 멜라민 테이블 상판과 조화를 이룹니다. 둘 다 여러 겹의 페인트로 마감하여 일상적인 마모에 강합니다.

둥근 모양의 테이블에서는 모두가 서로를 볼 수 있기 때문에 친목을 다지기에 더욱 좋아요.

원형 테이블은 날카로운 모서리가 없어서 이동하기 편하고, 좁은 다이닝 공간에 두면 좋습니다.

확장하면 원형 테이블이 타원형으로 바뀌어서 손님과 서빙용 접시를 위한 추가 공간이 생겨요.

푹신한 패드와 적절한 각도의 등받이 덕분에 식사시간이 길어져도 편안합니다.

편안한 쿠션형 시트는 지지력이 좋은 폼이 들어 있고, 부드러운 베이지/그레이 TIBBELBY 티벨뷔 패브릭을 씌웠습니다. 패브릭은 부드럽고 섬세한 광택과 은은한 헤링본 무늬가 돋보입니다.

챔퍼 처리한 다리와 갈빗살의 두께가 다양한 등받이 같은 디테일 덕분에 각 NÄSINGE 네싱에 의자가 테이블 둘레에서 매력적이고 아름답게 보입니다.

커버를 쉽게 벗겨서 물세탁할 수 있습니다.

튼튼하고 내구성 좋은 의자프레임은 원목 하드우드로 만들었습니다.

참고
실내에서만 사용하세요.
4-6인용.
자체 보관 일체형 확장 상판 1개가 포함되어 있어요.
커버는 벗겨서 세탁할 수 있습니다.
의자를 조립하려면 비트 드라이버가 필요합니다. TRIXIG 트릭시그 공구세트15종(별도 판매)에 포함되어 있어요.
바닥이 긁히는 것을 방지하려면 별도 판매되는 TRIXIG 트릭시그 바닥보호스티커를 사용하세요. 확장형테이블 상판/확장판: 파티클보드, 멜라민포일, 아크릴 페인트, 플라스틱 테두리, 페인트
레일,옆: 섬유판, 아크릴 페인트, 섬유판, 아크릴 페인트, 섬유판, 아크릴 페인트, 플라스틱 테두리
연장 레일: 섬유판, 아크릴 페인트, 플라스틱 테두리
보조 레일/기둥: 섬유판, 아크릴 페인트
홀더: 섬유판
하단 패널: 파티클보드, 페이퍼 포일, 아크릴 페인트, 플라스틱 테두리
다리: 원목, 접착제, 아크릴 페인트
의자 내화 안감/시트 안감: 폴리에스테르충전재
패브릭/커버: 폴리에스테르 100%(최소 90% 재활용)
프레임: 원목, 아크릴 페인트
시트: 섬유판, 폴리우레탄 폼 35kg/cu.m. 프레임의자: 안정성을 위하여 조립 2주 후에 나사를 점검하고 필요한 경우 다시 조여주세요.
탈부착커버의자: 세탁기 사용 가능, 최대 40°C, 표준 코스. 표백하지 마세요. 건조기에 넣지 마세요. 다림질, 최대 150°C. 드라이클리닝, 표준 코스.
확장형테이블: 순한 세제에 적신 천으로 닦으세요. 깨끗한 천으로 물기를 닦아주세요. "
"ROSENTORP 로센토르프 / ROSENTORP 로센토르프 테이블+의자6, 160/215x110 cm",https://www.ikea.com/kr/ko/p/rosentorp-rosentorp-table-and-6-chairs-white-white-s69611692/,"https://www.ikea.com/pimg/1440794_pe986022_s5.jpg?f=xxs,https://www.ikea.com/pimg/1448092_pe989472_s5.jpg?f=xxs",1228400,1298400.0,,,696.116.92,"튼튼한 다리는 원목으로 만들었으며, 매끄럽고 청소하기 쉬운 멜라민 테이블 상판과 조화를 이룹니다. 둘 다 여러 겹의 페인트로 마감하여 일상적인 마모에 강합니다.

타원형은 원형 테이블처럼 더 친밀하고 즐거운 식사 분위기를 만들고, 앉을 공간도 더 많이 생겨요.

원형 테이블과 비교하여 타원형은 서빙용 접시를 놓을 공간이 더 많고, 추가적인 공간 폭이 필요하지 않으면서 더 많은 사람이 앉을 수 있어서 많은 사람이 모일 때 좋아요.

각도와 형태를 세심하게 고려한 등받이가 등을 잘 받쳐줘서 앉아 있을 때 더욱 편안합니다.

더 부드럽게 앉고 싶거나 방에 개성을 더하려면 근사한 의자패드를 깔아보세요. 다양한 색상 중에서 선택할 수 있습니다.

튼튼하고 내구성 좋은 의자프레임은 원목 하드우드로 만들었습니다.

팔걸이가 없는 의자는 좁은 공간에 알맞습니다. 사용하지 않을 때 편하게 테이블 아래로 쏙 밀어 넣을 수 있으니까요.

바닥이 긁히는 것을 방지하려면 별도 판매되는 TRIXIG 트릭시그 바닥보호스티커를 사용하세요.

실내에서만 사용하세요.

6-8인용.

자체 보관 일체형 확장 상판 1개가 포함되어 있어요.","확장형테이블
상판/ 확장판: 파티클보드, 멜라민포일, 아크릴 페인트, 플라스틱 테두리, 페인트
레일,옆: 섬유판, 아크릴 페인트, 섬유판, 아크릴 페인트, 섬유판, 아크릴 페인트, 플라스틱 테두리
엔드 레일/ 하단 패널: 파티클보드, 페이퍼 포일, 아크릴 페인트, 플라스틱 테두리
연장 레일: 섬유판, 아크릴 페인트, 플라스틱 테두리
기둥: 섬유판, 아크릴 페인트
중간 레일/ 다리: 원목, 접착제, 아크릴 페인트
의자
프레임: 원목, 아크릴 페인트
시트/ 등받이: 섬유판, 아크릴 페인트","의자
중성세제를 희석한 물로 닦아주세요.
깨끗한 천으로 물기를 닦아주세요.
안정성을 위하여 조립 2주 후에 나사를 점검하고 필요한 경우 다시 조여주세요.
확장형테이블
깨끗한 천으로 물기를 닦아주세요.
안정성을 위하여 조립 2주 후에 나사를 점검하고 필요한 경우 다시 조여주세요.",이 의자는 관련된 강도 및 내구성 표준을 준수하고 테스트를 거친 제품입니다. 테스트는 일반적인 제품의 사용 횟수와 110kg인 사용자를 기준으로 실시되었습니다.이 의자는 가정용으로 적합 판정을 받았으며 EN 12520 및 EN 1022의 내구성과 안전성 기준에 부합하는 제품입니다.,215.0,110.0,75.0,44.0,53.0,91.0,"이 제품은 10 개 패키지로 구성됩니다.
ROSENTORP 로센토르프 확장형테이블 제품 번호 005.682.57
폭: 47 cm
높이: 17 cm
길이: 65 cm
무게: 17.75 kg
패키지: 1
폭: 77 cm
높이: 13 cm
길이: 127 cm
무게: 26.26 kg
패키지: 1
폭: 84 cm
높이: 9 cm
길이: 115 cm
무게: 13.08 kg
패키지: 1
폭: 84 cm
높이: 9 cm
길이: 115 cm
무게: 13.08 kg
패키지: 1
ROSENTORP 로센토르프 의자 제품 번호 405.726.72
폭: 46 cm
높이: 12 cm
길이: 95 cm
무게: 7.75 kg
패키지: 6",,6.0,dining_table_set,IKEA,unknown,"modern,nordic,minimal",True,low,False,"ROSENTORP 로센토르프 / ROSENTORP 로센토르프 테이블+의자6, 160/215x110 cm 튼튼한 다리는 원목으로 만들었으며, 매끄럽고 청소하기 쉬운 멜라민 테이블 상판과 조화를 이룹니다. 둘 다 여러 겹의 페인트로 마감하여 일상적인 마모에 강합니다.

타원형은 원형 테이블처럼 더 친밀하고 즐거운 식사 분위기를 만들고, 앉을 공간도 더 많이 생겨요.

원형 테이블과 비교하여 타원형은 서빙용 접시를 놓을 공간이 더 많고, 추가적인 공간 폭이 필요하지 않으면서 더 많은 사람이 앉을 수 있어서 많은 사람이 모일 때 좋아요.

각도와 형태를 세심하게 고려한 등받이가 등을 잘 받쳐줘서 앉아 있을 때 더욱 편안합니다.

더 부드럽게 앉고 싶거나 방에 개성을 더하려면 근사한 의자패드를 깔아보세요. 다양한 색상 중에서 선택할 수 있습니다.

튼튼하고 내구성 좋은 의자프레임은 원목 하드우드로 만들었습니다.

팔걸이가 없는 의자는 좁은 공간에 알맞습니다. 사용하지 않을 때 편하게 테이블 아래로 쏙 밀어 넣을 수 있으니까요.

바닥이 긁히는 것을 방지하려면 별도 판매되는 TRIXIG 트릭시그 바닥보호스티커를 사용하세요.

실내에서만 사용하세요.

6-8인용.

자체 보관 일체형 확장 상판 1개가 포함되어 있어요. 확장형테이블
상판/ 확장판: 파티클보드, 멜라민포일, 아크릴 페인트, 플라스틱 테두리, 페인트
레일,옆: 섬유판, 아크릴 페인트, 섬유판, 아크릴 페인트, 섬유판, 아크릴 페인트, 플라스틱 테두리
엔드 레일/ 하단 패널: 파티클보드, 페이퍼 포일, 아크릴 페인트, 플라스틱 테두리
연장 레일: 섬유판, 아크릴 페인트, 플라스틱 테두리
기둥: 섬유판, 아크릴 페인트
중간 레일/ 다리: 원목, 접착제, 아크릴 페인트
의자
프레임: 원목, 아크릴 페인트
시트/ 등받이: 섬유판, 아크릴 페인트 의자
중성세제를 희석한 물로 닦아주세요.
깨끗한 천으로 물기를 닦아주세요.
안정성을 위하여 조립 2주 후에 나사를 점검하고 필요한 경우 다시 조여주세요.
확장형테이블
깨끗한 천으로 물기를 닦아주세요.
안정성을 위하여 조립 2주 후에 나사를 점검하고 필요한 경우 다시 조여주세요. "
"ROSENTORP 로센토르프 / NÄSINGE 네싱에 테이블+의자6, 160/215x110 cm",https://www.ikea.com/kr/ko/p/rosentorp-naesinge-table-and-6-chairs-white-tibbleby-beige-grey-white-s69611668/,"https://www.ikea.com/pimg/1440800_pe986038_s5.jpg?f=xxs,https://www.ikea.com/pimg/1440900_pe986108_s5.jpg?f=xxs",1108400,1178400.0,0.0,0.0,696.116.68,"원형 테이블과 비교하여 타원형은 서빙용 접시를 놓을 공간이 더 많고, 추가적인 공간 폭이 필요하지 않으면서 더 많은 사람이 앉을 수 있어서 많은 사람이 모일 때 좋아요.

타원형은 원형 테이블처럼 더 친밀하고 즐거운 식사 분위기를 만들고, 앉을 공간도 더 많이 생겨요.

튼튼한 다리는 원목으로 만들었으며, 매끄럽고 청소하기 쉬운 멜라민 테이블 상판과 조화를 이룹니다. 둘 다 여러 겹의 페인트로 마감하여 일상적인 마모에 강합니다.

푹신한 패드와 적절한 각도의 등받이 덕분에 식사시간이 길어져도 편안합니다.

편안한 쿠션형 시트는 지지력이 좋은 폼이 들어 있고, 부드러운 베이지/그레이 TIBBELBY 티벨뷔 패브릭을 씌웠습니다. 패브릭은 부드럽고 섬세한 광택과 은은한 헤링본 무늬가 돋보입니다.

커버를 쉽게 벗겨서 물세탁할 수 있습니다.

챔퍼 처리한 다리와 갈빗살의 두께가 다양한 등받이 같은 디테일 덕분에 각 NÄSINGE 네싱에 의자가 테이블 둘레에서 매력적이고 아름답게 보입니다.

튼튼하고 내구성 좋은 의자프레임은 원목 하드우드로 만들었습니다.

참고
실내에서만 사용하세요.
6-8인용.
자체 보관 일체형 확장 상판 1개가 포함되어 있어요.
커버는 벗겨서 세탁할 수 있습니다.
의자를 조립하려면 비트 드라이버가 필요합니다. TRIXIG 트릭시그 공구세트15종(별도 판매)에 포함되어 있어요.
바닥이 긁히는 것을 방지하려면 별도 판매되는 TRIXIG 트릭시그 바닥보호스티커를 사용하세요.","확장형테이블
상판/ 확장판: 파티클보드, 멜라민포일, 아크릴 페인트, 플라스틱 테두리, 페인트
레일,옆: 섬유판, 아크릴 페인트, 섬유판, 아크릴 페인트, 섬유판, 아크릴 페인트, 플라스틱 테두리
엔드 레일/ 하단 패널: 파티클보드, 페이퍼 포일, 아크릴 페인트, 플라스틱 테두리
연장 레일: 섬유판, 아크릴 페인트, 플라스틱 테두리
기둥: 섬유판, 아크릴 페인트
중간 레일/ 다리: 원목, 접착제, 아크릴 페인트
의자
내화 안감/ 시트 안감: 폴리에스테르충전재
패브릭/ 커버: 폴리에스테르 100%(최소 90% 재활용)
프레임: 원목, 아크릴 페인트
시트: 섬유판, 폴리우레탄 폼 35kg/cu.m.","프레임의자
안정성을 위하여 조립 2주 후에 나사를 점검하고 필요한 경우 다시 조여주세요.
탈부착커버의자
세탁기 사용 가능, 최대 40°C, 표준 코스
표백하지 마세요.
건조기에 넣지 마세요.
다림질, 최대 150°C.
드라이클리닝, 표준 코스.
확장형테이블
순한 세제에 적신 천으로 닦으세요.
깨끗한 천으로 물기를 닦아주세요.","본 커버는 50,000회의 마모를 견뎌낼 수 있도록 시험을 거쳤습니다. 15,000회 이상을 견디는 제품은 집에서 매일 사용하는 가구에 적합하며, 30,000회 이상을 견디는 제품은 쉽게 마모되지 않습니다.내변색성 레벨 1~8 중 레벨 5~6 판정을 받은 커버입니다. 업계 표준에 따르면 가정용으로는 레벨 4 이상이 적합합니다.이 의자는 관련된 강도 및 내구성 표준을 준수하고 테스트를 거친 제품입니다. 테스트는 일반적인 제품의 사용 횟수와 110kg인 사용자를 기준으로 실시되었습니다.이 의자는 가정용으로 적합 판정을 받았으며 EN 12520 및 EN 1022의 내구성과 안전성 기준에 부합하는 제품입니다.",215.0,110.0,75.0,42.0,54.0,90.0,"이 제품은 10 개 패키지로 구성됩니다.
ROSENTORP 로센토르프 확장형테이블 제품 번호 005.682.57
이 제품은 여러 개의 패키지로 포장되어 있습니다.
폭: 47 cm 높이: 17 cm 길이: 65 cm 무게: 17.75 kg 패키지: 1
폭: 77 cm 높이: 13 cm 길이: 127 cm 무게: 26.26 kg 패키지: 1
폭: 84 cm 높이: 9 cm 길이: 115 cm 무게: 13.08 kg 패키지: 1
폭: 84 cm 높이: 9 cm 길이: 115 cm 무게: 13.08 kg 패키지: 1
NÄSINGE 네싱에 의자 제품 번호 905.875.05
폭: 45 cm 높이: 12 cm 길이: 92 cm 무게: 6.85 kg 패키지: 6",,6.0,dining_table_set,IKEA,unknown,"modern,nordic,minimal",True,medium,True,"ROSENTORP 로센토르프 / NÄSINGE 네싱에 테이블+의자6, 160/215x110 cm 원형 테이블과 비교하여 타원형은 서빙용 접시를 놓을 공간이 더 많고, 추가적인 공간 폭이 필요하지 않으면서 더 많은 사람이 앉을 수 있어서 많은 사람이 모일 때 좋아요.

타원형은 원형 테이블처럼 더 친밀하고 즐거운 식사 분위기를 만들고, 앉을 공간도 더 많이 생겨요.

튼튼한 다리는 원목으로 만들었으며, 매끄럽고 청소하기 쉬운 멜라민 테이블 상판과 조화를 이룹니다. 둘 다 여러 겹의 페인트로 마감하여 일상적인 마모에 강합니다.

푹신한 패드와 적절한 각도의 등받이 덕분에 식사시간이 길어져도 편안합니다.

편안한 쿠션형 시트는 지지력이 좋은 폼이 들어 있고, 부드러운 베이지/그레이 TIBBELBY 티벨뷔 패브릭을 씌웠습니다. 패브릭은 부드럽고 섬세한 광택과 은은한 헤링본 무늬가 돋보입니다.

커버를 쉽게 벗겨서 물세탁할 수 있습니다.

챔퍼 처리한 다리와 갈빗살의 두께가 다양한 등받이 같은 디테일 덕분에 각 NÄSINGE 네싱에 의자가 테이블 둘레에서 매력적이고 아름답게 보입니다.

튼튼하고 내구성 좋은 의자프레임은 원목 하드우드로 만들었습니다.

참고
실내에서만 사용하세요.
6-8인용.
자체 보관 일체형 확장 상판 1개가 포함되어 있어요.
커버는 벗겨서 세탁할 수 있습니다.
의자를 조립하려면 비트 드라이버가 필요합니다. TRIXIG 트릭시그 공구세트15종(별도 판매)에 포함되어 있어요.
바닥이 긁히는 것을 방지하려면 별도 판매되는 TRIXIG 트릭시그 바닥보호스티커를 사용하세요. 확장형테이블
상판/ 확장판: 파티클보드, 멜라민포일, 아크릴 페인트, 플라스틱 테두리, 페인트
레일,옆: 섬유판, 아크릴 페인트, 섬유판, 아크릴 페인트, 섬유판, 아크릴 페인트, 플라스틱 테두리
엔드 레일/ 하단 패널: 파티클보드, 페이퍼 포일, 아크릴 페인트, 플라스틱 테두리
연장 레일: 섬유판, 아크릴 페인트, 플라스틱 테두리
기둥: 섬유판, 아크릴 페인트
중간 레일/ 다리: 원목, 접착제, 아크릴 페인트
의자
내화 안감/ 시트 안감: 폴리에스테르충전재
패브릭/ 커버: 폴리에스테르 100%(최소 90% 재활용)
프레임: 원목, 아크릴 페인트
시트: 섬유판, 폴리우레탄 폼 35kg/cu.m. 프레임의자
안정성을 위하여 조립 2주 후에 나사를 점검하고 필요한 경우 다시 조여주세요.
탈부착커버의자
세탁기 사용 가능, 최대 40°C, 표준 코스
표백하지 마세요.
건조기에 넣지 마세요.
다림질, 최대 150°C.
드라이클리닝, 표준 코스.
확장형테이블
순한 세제에 적신 천으로 닦으세요.
깨끗한 천으로 물기를 닦아주세요. "
"ROSENTORP 로센토르프 / ROSENTORP 로센토르프 테이블+의자4, 110/155 cm",https://www.ikea.com/kr/ko/p/rosentorp-rosentorp-table-and-4-chairs-white-white-s59611715/,"https://www.ikea.com/pimg/1440788_pe986029_s5.jpg?f=xxs,https://www.ikea.com/pimg/1450994_pe990538_s5.jpg?f=xxs",938600,998600.0,5.0,3.0,596.117.15,"튼튼한 다리는 원목으로 만들었으며, 매끄럽고 청소하기 쉬운 멜라민 테이블 상판과 조화를 이룹니다. 둘 다 여러 겹의 페인트로 마감하여 일상적인 마모에 강합니다.

둥근 모양의 테이블에서는 모두가 서로를 볼 수 있기 때문에 친목을 다지기에 더욱 좋아요.

확장하면 원형 테이블이 타원형으로 바뀌어서 손님과 서빙용 접시를 위한 추가 공간이 생겨요.

원형 테이블은 날카로운 모서리가 없어서 이동하기 편하고, 좁은 다이닝 공간에 두면 좋습니다.

팔걸이가 없는 의자는 좁은 공간에 알맞습니다. 사용하지 않을 때 편하게 테이블 아래로 쏙 밀어 넣을 수 있으니까요.

더 부드럽게 앉고 싶거나 방에 개성을 더하려면 근사한 의자패드를 깔아보세요. 다양한 색상 중에서 선택할 수 있습니다.

튼튼하고 내구성 좋은 의자프레임은 원목 하드우드로 만들었습니다.

참고
바닥이 긁히는 것을 방지하려면 별도 판매되는 TRIXIG 트릭시그 바닥보호스티커를 사용하세요.

실내에서만 사용하세요.

4-6인용.

자체 보관 일체형 확장 상판 1개가 포함되어 있어요.","확장형테이블
상판/ 확장판: 파티클보드, 멜라민포일, 아크릴 페인트, 플라스틱 테두리, 페인트
레일,옆: 섬유판, 아크릴 페인트, 섬유판, 아크릴 페인트, 섬유판, 아크릴 페인트, 플라스틱 테두리
연장 레일: 섬유판, 아크릴 페인트, 플라스틱 테두리
보조 레일/ 기둥: 섬유판, 아크릴 페인트
홀더: 섬유판
하단 패널: 파티클보드, 페이퍼 포일, 아크릴 페인트, 플라스틱 테두리
다리: 원목, 접착제, 아크릴 페인트
의자
프레임: 원목, 아크릴 페인트
시트/ 등받이: 섬유판, 아크릴 페인트","의자
중성세제를 희석한 물로 닦아주세요.
깨끗한 천으로 물기를 닦아주세요.
안정성을 위하여 조립 2주 후에 나사를 점검하고 필요한 경우 다시 조여주세요.
확장형테이블
깨끗한 천으로 물기를 닦아주세요.
안정성을 위하여 조립 2주 후에 나사를 점검하고 필요한 경우 다시 조여주세요.",이 의자는 관련된 강도 및 내구성 표준을 준수하고 테스트를 거친 제품입니다. 테스트는 일반적인 제품의 사용 횟수와 110kg인 사용자를 기준으로 실시되었습니다.이 의자는 가정용으로 적합 판정을 받았으며 EN 12520 및 EN 1022의 내구성과 안전성 기준에 부합하는 제품입니다.,110.0,155.0,75.0,44.0,53.0,91.0,"이 제품은 7 개 패키지로 구성됩니다.
ROSENTORP 로센토르프 확장형테이블 제품 번호 605.682.59
폭: 73 cm
높이: 10 cm
길이: 115 cm
무게: 19.36 kg
패키지: 1
폭: 71 cm
높이: 13 cm
길이: 82 cm
무게: 17.50 kg
패키지: 1
폭: 33 cm
높이: 15 cm
길이: 60 cm
무게: 9.75 kg
패키지: 1
ROSENTORP 로센토르프 의자 제품 번호 405.726.72
폭: 46 cm
높이: 12 cm
길이: 95 cm
무게: 7.75 kg
패키지: 4",,4.0,dining_table_set,IKEA,unknown,"modern,nordic,minimal",True,low,False,"ROSENTORP 로센토르프 / ROSENTORP 로센토르프 테이블+의자4, 110/155 cm 튼튼한 다리는 원목으로 만들었으며, 매끄럽고 청소하기 쉬운 멜라민 테이블 상판과 조화를 이룹니다. 둘 다 여러 겹의 페인트로 마감하여 일상적인 마모에 강합니다.

둥근 모양의 테이블에서는 모두가 서로를 볼 수 있기 때문에 친목을 다지기에 더욱 좋아요.

확장하면 원형 테이블이 타원형으로 바뀌어서 손님과 서빙용 접시를 위한 추가 공간이 생겨요.

원형 테이블은 날카로운 모서리가 없어서 이동하기 편하고, 좁은 다이닝 공간에 두면 좋습니다.

팔걸이가 없는 의자는 좁은 공간에 알맞습니다. 사용하지 않을 때 편하게 테이블 아래로 쏙 밀어 넣을 수 있으니까요.

더 부드럽게 앉고 싶거나 방에 개성을 더하려면 근사한 의자패드를 깔아보세요. 다양한 색상 중에서 선택할 수 있습니다.

튼튼하고 내구성 좋은 의자프레임은 원목 하드우드로 만들었습니다.

참고
바닥이 긁히는 것을 방지하려면 별도 판매되는 TRIXIG 트릭시그 바닥보호스티커를 사용하세요.

실내에서만 사용하세요.

4-6인용.

자체 보관 일체형 확장 상판 1개가 포함되어 있어요. 확장형테이블
상판/ 확장판: 파티클보드, 멜라민포일, 아크릴 페인트, 플라스틱 테두리, 페인트
레일,옆: 섬유판, 아크릴 페인트, 섬유판, 아크릴 페인트, 섬유판, 아크릴 페인트, 플라스틱 테두리
연장 레일: 섬유판, 아크릴 페인트, 플라스틱 테두리
보조 레일/ 기둥: 섬유판, 아크릴 페인트
홀더: 섬유판
하단 패널: 파티클보드, 페이퍼 포일, 아크릴 페인트, 플라스틱 테두리
다리: 원목, 접착제, 아크릴 페인트
의자
프레임: 원목, 아크릴 페인트
시트/ 등받이: 섬유판, 아크릴 페인트 의자
중성세제를 희석한 물로 닦아주세요.
깨끗한 천으로 물기를 닦아주세요.
안정성을 위하여 조립 2주 후에 나사를 점검하고 필요한 경우 다시 조여주세요.
확장형테이블
깨끗한 천으로 물기를 닦아주세요.
안정성을 위하여 조립 2주 후에 나사를 점검하고 필요한 경우 다시 조여주세요. "
"ROSENTORP 로센토르프 / ROSENTORP 로센토르프 테이블+의자6, 160/215x110 cm",https://www.ikea.com/kr/ko/p/rosentorp-rosentorp-table-and-6-chairs-white-kilanda-light-beige-white-s59611683/,"https://www.ikea.com/pimg/1440790_pe986030_s5.jpg?f=xxs,https://www.ikea.com/pimg/1448088_pe989479_s5.jpg?f=xxs",1523000,1593000.0,,0.0,596.116.83,"튼튼한 다리는 원목으로 만들었으며, 매끄럽고 청소하기 쉬운 멜라민 테이블 상판과 조화를 이룹니다. 둘 다 여러 겹의 페인트로 마감하여 일상적인 마모에 강합니다.

타원형은 원형 테이블처럼 더 친밀하고 즐거운 식사 분위기를 만들고, 앉을 공간도 더 많이 생겨요.

원형 테이블과 비교하여 타원형은 서빙용 접시를 놓을 공간이 더 많고, 추가적인 공간 폭이 필요하지 않으면서 더 많은 사람이 앉을 수 있어서 많은 사람이 모일 때 좋아요.

부드러운 라이트베이지 KILANDA 실란다 패브릭을 씌운 편안한 전체 커버 의자예요. 매력적인 멜란지 느낌의 패브릭은 90% 이상의 재생 폴리에스테르로 만듭니다.

편안한 폼이 들어 있고 내구성이 좋으면서도 부드럽고 포근한 패브릭을 씌운 시트와 등받이 덕분에 테이블에서 보내는 모든 순간을 즐길 수 있을 거예요.

커버식 의자 시트는 체중을 분산시키고 골조에 미치는 압력을 줄여줍니다.

활기찬 식사를 마무리한 후 의자커버를 쉽게 벗겨내 세탁기로 빨 수 있어요.

의자의 커버를 씌운 시트와 등받이가 일체형으로 되어 있어 벨크로 접착 방식으로 프레임에 쉽게 부착할 수 있어요.

원목으로 만든 프레임은 안정적이고 튼튼해요.

정기적으로 공기 중에 잘 말려주거나 세탁하면 커버를 쾌적하고 깨끗하게 유지할 수 있고, 생활 공간에 쌓이는 먼지와 흙을 줄일 수 있어요.

참고
실내에서만 사용하세요.
6-8인용.
커버는 벗겨서 세탁할 수 있습니다.
자체 보관 일체형 확장 상판 1개가 포함되어 있어요.
바닥이 긁히는 것을 방지하려면 별도 판매되는 TRIXIG 트릭시그 바닥보호스티커를 사용하세요.","확장형테이블 상판/ 확장판: 파티클보드, 멜라민포일, 아크릴 페인트, 플라스틱 테두리, 페인트
레일,옆: 섬유판, 아크릴 페인트, 섬유판, 아크릴 페인트, 섬유판, 아크릴 페인트, 플라스틱 테두리
엔드 레일/ 하단 패널: 파티클보드, 페이퍼 포일, 아크릴 페인트, 플라스틱 테두리
연장 레일: 섬유판, 아크릴 페인트, 플라스틱 테두리
기둥: 섬유판, 아크릴 페인트
중간 레일/ 다리: 원목, 접착제, 아크릴 페인트
의자 패브릭/ 커버: 폴리에스테르 100% (100% 재활용)
시트 프레임: 원목
시트: 적층 무늬목
충전재: 폴리우레탄 폼 35kg/cu.m.
커버/ 내화 안감: 폴리에스테르충전재
벨크로: 나일론 100%
테두리 장식/ 지퍼: 폴리에스테르 100%
등받이 프레임/ 등받이 프레임/ 지지대: 스틸, 에폭시/폴리에스테르 파우더코팅
뒤판: 섬유판
충전재: 폴리우레탄 폼 25kg/cu.m.
충전재/ 패브릭: 폴리에스테르 100%(최소 90% 재활용)
다리: 원목, 페인트","탈부착커버의자
세탁기 사용 가능, 최대 40°C, 표준 코스
표백하지 마세요.
건조기에 넣지 마세요.
다림질, 최대 150°C.
드라이클리닝, 표준 코스.
확장형테이블
순한 세제에 적신 천으로 닦으세요.
깨끗한 천으로 물기를 닦아주세요.
안정성을 위하여 조립 2주 후에 나사를 점검하고 필요한 경우 다시 조여주세요.","의자는 가정용으로 적합 판정을 받았으며 EN 12520 및 EN 1022의 내구성과 안전성 기준에 부합하는 제품입니다.
내변색성(색 바램을 견디는 능력) 레벨 1-8 중 레벨 6 판정을 받은 커버입니다. 업계 표준에 따르면 가정용으로는 레벨 4 이상이 적합합니다.
55,000 사이클의 마모성 테스트를 완료한 커버입니다. 15,000 사이클 이상이면 집에서 매일 쓰는 가구용으로 적합합니다. 30,000 사이클 이상 견디는 제품은 마모 방지 기능이 매우 탁월합니다.
이 의자는 관련된 강도 및 내구성 표준을 준수하고 테스트를 거친 제품입니다. 테스트는 일반적인 제품의 사용 횟수와 110kg인 사용자를 기준으로 실시되었습니다.",215.0,110.0,75.0,49.0,52.0,87.0,"이 제품은 10 개 패키지로 구성됩니다.
ROSENTORP 로센토르프 확장형테이블 제품 번호 005.682.57
폭: 47 cm 높이: 17 cm 길이: 65 cm 무게: 17.75 kg 패키지: 1
폭: 77 cm 높이: 13 cm 길이: 127 cm 무게: 26.26 kg 패키지: 1
폭: 84 cm 높이: 9 cm 길이: 115 cm 무게: 13.08 kg 패키지: 1
폭: 84 cm 높이: 9 cm 길이: 115 cm 무게: 13.08 kg 패키지: 1
ROSENTORP 로센토르프 의자 제품 번호 906.141.70
폭: 51 cm 높이: 27 cm 길이: 52 cm 무게: 9.04 kg 패키지: 6",,6.0,dining_table_set,IKEA,unknown,"modern,nordic,minimal",True,medium,False,"ROSENTORP 로센토르프 / ROSENTORP 로센토르프 테이블+의자6, 160/215x110 cm 튼튼한 다리는 원목으로 만들었으며, 매끄럽고 청소하기 쉬운 멜라민 테이블 상판과 조화를 이룹니다. 둘 다 여러 겹의 페인트로 마감하여 일상적인 마모에 강합니다.

타원형은 원형 테이블처럼 더 친밀하고 즐거운 식사 분위기를 만들고, 앉을 공간도 더 많이 생겨요.

원형 테이블과 비교하여 타원형은 서빙용 접시를 놓을 공간이 더 많고, 추가적인 공간 폭이 필요하지 않으면서 더 많은 사람이 앉을 수 있어서 많은 사람이 모일 때 좋아요.

부드러운 라이트베이지 KILANDA 실란다 패브릭을 씌운 편안한 전체 커버 의자예요. 매력적인 멜란지 느낌의 패브릭은 90% 이상의 재생 폴리에스테르로 만듭니다.

편안한 폼이 들어 있고 내구성이 좋으면서도 부드럽고 포근한 패브릭을 씌운 시트와 등받이 덕분에 테이블에서 보내는 모든 순간을 즐길 수 있을 거예요.

커버식 의자 시트는 체중을 분산시키고 골조에 미치는 압력을 줄여줍니다.

활기찬 식사를 마무리한 후 의자커버를 쉽게 벗겨내 세탁기로 빨 수 있어요.

의자의 커버를 씌운 시트와 등받이가 일체형으로 되어 있어 벨크로 접착 방식으로 프레임에 쉽게 부착할 수 있어요.

원목으로 만든 프레임은 안정적이고 튼튼해요.

정기적으로 공기 중에 잘 말려주거나 세탁하면 커버를 쾌적하고 깨끗하게 유지할 수 있고, 생활 공간에 쌓이는 먼지와 흙을 줄일 수 있어요.

참고
실내에서만 사용하세요.
6-8인용.
커버는 벗겨서 세탁할 수 있습니다.
자체 보관 일체형 확장 상판 1개가 포함되어 있어요.
바닥이 긁히는 것을 방지하려면 별도 판매되는 TRIXIG 트릭시그 바닥보호스티커를 사용하세요. 확장형테이블 상판/ 확장판: 파티클보드, 멜라민포일, 아크릴 페인트, 플라스틱 테두리, 페인트
레일,옆: 섬유판, 아크릴 페인트, 섬유판, 아크릴 페인트, 섬유판, 아크릴 페인트, 플라스틱 테두리
엔드 레일/ 하단 패널: 파티클보드, 페이퍼 포일, 아크릴 페인트, 플라스틱 테두리
연장 레일: 섬유판, 아크릴 페인트, 플라스틱 테두리
기둥: 섬유판, 아크릴 페인트
중간 레일/ 다리: 원목, 접착제, 아크릴 페인트
의자 패브릭/ 커버: 폴리에스테르 100% (100% 재활용)
시트 프레임: 원목
시트: 적층 무늬목
충전재: 폴리우레탄 폼 35kg/cu.m.
커버/ 내화 안감: 폴리에스테르충전재
벨크로: 나일론 100%
테두리 장식/ 지퍼: 폴리에스테르 100%
등받이 프레임/ 등받이 프레임/ 지지대: 스틸, 에폭시/폴리에스테르 파우더코팅
뒤판: 섬유판
충전재: 폴리우레탄 폼 25kg/cu.m.
충전재/ 패브릭: 폴리에스테르 100%(최소 90% 재활용)
다리: 원목, 페인트 탈부착커버의자
세탁기 사용 가능, 최대 40°C, 표준 코스
표백하지 마세요.
건조기에 넣지 마세요.
다림질, 최대 150°C.
드라이클리닝, 표준 코스.
확장형테이블
순한 세제에 적신 천으로 닦으세요.
깨끗한 천으로 물기를 닦아주세요.
안정성을 위하여 조립 2주 후에 나사를 점검하고 필요한 경우 다시 조여주세요. "
"ROSENTORP 로센토르프 확장형테이블, 160/215x110 cm",https://www.ikea.com/kr/ko/p/rosentorp-extendable-table-white-00568257/,"https://www.ikea.com/kr/ko/images/products/rosentorp-extendable-table-white__1434522_pe983574_s5.jpg?f=xxs,https://www.ikea.com/kr/ko/images/products/rosentorp-extendable-table-white__1448088_pe989479_s5.jpg?f=xxs",629000,699000.0,4.3,15.0,005.682.57,"이 확장형 테이블은 클래식한 매력과 우아함이 조화롭게 어우러졌어요. 타원형 모양과 4개의 다리가 있는 더블 페데스탈 받침대 디자인이 세련된 분위기를 더해주며, 일체형 확장 상판을 사용하면 자리를 쉽게 늘릴 수 있습니다.

자체 보관 확장형 상판이 들어있어요. 숨겨진 상판을 손으로 펼치면 식탁을 6인용에서 8인용으로 몇 초 만에 만들 수 있어요.

원형 테이블과 비교하여 타원형은 서빙용 접시를 놓을 공간이 더 많고, 추가적인 공간 폭이 필요하지 않으면서 더 많은 사람이 앉을 수 있어서 많은 사람이 모일 때 좋아요.

타원형은 원형 테이블처럼 더 친밀하고 즐거운 식사 분위기를 만들고, 앉을 공간도 더 많이 생겨요.

튼튼한 다리는 원목으로 만들었으며, 매끄럽고 청소하기 쉬운 멜라민 테이블 상판과 조화를 이룹니다. 둘 다 여러 겹의 페인트로 마감하여 일상적인 마모에 강합니다.

ROSENTORP 로센토르프 의자 및 스툴과 완벽하게 어우러지도록 디자인했어요. NÄSINGE 네싱에 의자도 다른 스타일과 잘 어울려요.

실내에서만 사용하세요.

6-8인용.

바닥이 긁히는 것을 방지하려면 별도 판매되는 TRIXIG 트릭시그 바닥보호스티커를 사용하세요.

별도로 판매되는 ROSENTORP 로센토르프, NÄSINGE 네싱에 의자와 잘 어울립니다.

자체 보관 일체형 확장 상판 1개가 포함되어 있어요.","상판/ 확장판: 파티클보드, 멜라민포일, 아크릴 페인트, 플라스틱 테두리, 페인트
레일,옆: 섬유판, 아크릴 페인트, 섬유판, 아크릴 페인트, 섬유판, 아크릴 페인트, 플라스틱 테두리
엔드 레일/ 하단 패널: 파티클보드, 페이퍼 포일, 아크릴 페인트, 플라스틱 테두리
연장 레일: 섬유판, 아크릴 페인트, 플라스틱 테두리
기둥: 섬유판, 아크릴 페인트
중간 레일/ 다리: 원목, 접착제, 아크릴 페인트","순한 세제에 적신 천으로 닦으세요.
깨끗한 천으로 물기를 닦아주세요.
안정성을 위하여 조립 2주 후에 나사를 점검하고 필요한 경우 다시 조여주세요.",,215.0,110.0,75.0,,,,"이 제품은 4 개 패키지로 구성됩니다.
ROSENTORP 로센토르프 확장형테이블 제품 번호 005.682.57
폭: 47 cm 높이: 17 cm 길이: 65 cm 무게: 17.75 kg 패키지: 1
폭: 77 cm 높이: 13 cm 길이: 127 cm 무게: 26.26 kg 패키지: 1
폭: 84 cm 높이: 9 cm 길이: 115 cm 무게: 13.08 kg 패키지: 1
폭: 84 cm 높이: 9 cm 길이: 115 cm 무게: 13.08 kg 패키지: 1","클래식 버전 식탁인증된 구매자화이트를 선택해서 오염 걱정을 했는데 김치양념 잘 닦입니다. 배달이 현관입구까지라 옮기는데 힘들었네요 무거워서,,
상판이 틀어진느낌ㅜㅜ인증된 구매자확장 한 다음 고정시키려고 딱 조이면 고정하기전에도 어느정도 꽉 맞물려야하는데 한쪽만 살짝 떠요 아무리 손대보려해도 못맞추겠네요.. 옥의티라 아쉽네요",,dining_table_set,IKEA,unknown,"modern,nordic,minimal",False,medium,False,"ROSENTORP 로센토르프 확장형테이블, 160/215x110 cm 이 확장형 테이블은 클래식한 매력과 우아함이 조화롭게 어우러졌어요. 타원형 모양과 4개의 다리가 있는 더블 페데스탈 받침대 디자인이 세련된 분위기를 더해주며, 일체형 확장 상판을 사용하면 자리를 쉽게 늘릴 수 있습니다.

자체 보관 확장형 상판이 들어있어요. 숨겨진 상판을 손으로 펼치면 식탁을 6인용에서 8인용으로 몇 초 만에 만들 수 있어요.

원형 테이블과 비교하여 타원형은 서빙용 접시를 놓을 공간이 더 많고, 추가적인 공간 폭이 필요하지 않으면서 더 많은 사람이 앉을 수 있어서 많은 사람이 모일 때 좋아요.

타원형은 원형 테이블처럼 더 친밀하고 즐거운 식사 분위기를 만들고, 앉을 공간도 더 많이 생겨요.

튼튼한 다리는 원목으로 만들었으며, 매끄럽고 청소하기 쉬운 멜라민 테이블 상판과 조화를 이룹니다. 둘 다 여러 겹의 페인트로 마감하여 일상적인 마모에 강합니다.

ROSENTORP 로센토르프 의자 및 스툴과 완벽하게 어우러지도록 디자인했어요. NÄSINGE 네싱에 의자도 다른 스타일과 잘 어울려요.

실내에서만 사용하세요.

6-8인용.

바닥이 긁히는 것을 방지하려면 별도 판매되는 TRIXIG 트릭시그 바닥보호스티커를 사용하세요.

별도로 판매되는 ROSENTORP 로센토르프, NÄSINGE 네싱에 의자와 잘 어울립니다.

자체 보관 일체형 확장 상판 1개가 포함되어 있어요. 상판/ 확장판: 파티클보드, 멜라민포일, 아크릴 페인트, 플라스틱 테두리, 페인트
레일,옆: 섬유판, 아크릴 페인트, 섬유판, 아크릴 페인트, 섬유판, 아크릴 페인트, 플라스틱 테두리
엔드 레일/ 하단 패널: 파티클보드, 페이퍼 포일, 아크릴 페인트, 플라스틱 테두리
연장 레일: 섬유판, 아크릴 페인트, 플라스틱 테두리
기둥: 섬유판, 아크릴 페인트
중간 레일/ 다리: 원목, 접착제, 아크릴 페인트 순한 세제에 적신 천으로 닦으세요.
깨끗한 천으로 물기를 닦아주세요.
안정성을 위하여 조립 2주 후에 나사를 점검하고 필요한 경우 다시 조여주세요. 클래식 버전 식탁인증된 구매자화이트를 선택해서 오염 걱정을 했는데 김치양념 잘 닦입니다. 배달이 현관입구까지라 옮기는데 힘들었네요 무거워서,,
상판이 틀어진느낌ㅜㅜ인증된 구매자확장 한 다음 고정시키려고 딱 조이면 고정하기전에도 어느정도 꽉 맞물려야하는데 한쪽만 살짝 떠요 아무리 손대보려해도 못맞추겠네요.. 옥의티라 아쉽네요"
"ROSENTORP 로센토르프 / ROSENTORP 로센토르프 테이블+의자4, 110/155 cm",https://www.ikea.com/kr/ko/p/rosentorp-rosentorp-table-and-4-chairs-white-kilanda-light-beige-white-s39611702/,"https://www.ikea.com/kr/ko/images/products/rosentorp-rosentorp-table-and-4-chairs-white-kilanda-light-beige-white__1440784_pe986026_s5.jpg?f=xxs,https://www.ikea.com/kr/ko/images/products/rosentorp-rosentorp-table-and-4-chairs-white-kilanda-light-beige-white__1497095_pe1005775_s5.jpg?f=xxs",1135000,1195000.0,5.0,3.0,396.117.02,"튼튼한 다리는 원목으로 만들었으며, 매끄럽고 청소하기 쉬운 멜라민 테이블 상판과 조화를 이룹니다. 둘 다 여러 겹의 페인트로 마감하여 일상적인 마모에 강합니다.

둥근 모양의 테이블에서는 모두가 서로를 볼 수 있기 때문에 친목을 다지기에 더욱 좋아요.

원형 테이블은 날카로운 모서리가 없어서 이동하기 편하고, 좁은 다이닝 공간에 두면 좋습니다.

확장하면 원형 테이블이 타원형으로 바뀌어서 손님과 서빙용 접시를 위한 추가 공간이 생겨요.

편안한 쿠션형 시트는 지지력이 좋은 폼이 들어 있고, 부드러운 라이트베이지 KILANDA 실란다라 패브릭을 씌웠습니다. 매력적인 멜란지 효과를 내는 패브릭은 90% 이상의 재활용 폴리에스테르로 만들었습니다.

편안한 폼이 들어 있고 내구성이 좋으면서도 부드럽고 포근한 패브릭을 씌운 시트와 등받이 덕분에 테이블에서 보내는 모든 순간을 즐길 수 있을 거예요.

커버식 의자 시트는 체중을 분산시키고 골조에 미치는 압력을 줄여줍니다.

활기찬 식사를 마무리한 후 의자커버를 쉽게 벗겨내 세탁기로 빨 수 있어요.

의자의 커버를 씌운 시트와 등받이가 일체형으로 되어 있어 벨크로 접착 방식으로 프레임에 쉽게 부착할 수 있어요.

원목으로 만든 프레임은 안정적이고 튼튼해요.

정기적으로 공기 중에 잘 말려주거나 세탁하면 커버를 쾌적하고 깨끗하게 유지할 수 있고, 생활 공간에 쌓이는 먼지와 흙을 줄일 수 있어요.

참고:
실내에서만 사용하세요.
4-6인용.
커버는 벗겨서 세탁할 수 있습니다.
자체 보관 일체형 확장 상판 1개가 포함되어 있어요.
바닥이 긁히는 것을 방지하려면 별도 판매되는 TRIXIG 트릭시그 바닥보호스티커를 사용하세요.","확장형테이블:
상판/ 확장판: 파티클보드, 멜라민포일, 아크릴 페인트, 플라스틱 테두리, 페인트
레일,옆: 섬유판, 아크릴 페인트, 섬유판, 아크릴 페인트, 섬유판, 아크릴 페인트, 플라스틱 테두리
연장 레일: 섬유판, 아크릴 페인트, 플라스틱 테두리
보조 레일/ 기둥: 섬유판, 아크릴 페인트
홀더: 섬유판
하단 패널: 파티클보드, 페이퍼 포일, 아크릴 페인트, 플라스틱 테두리
다리: 원목, 접착제, 아크릴 페인트

의자:
패브릭/ 커버: 폴리에스테르 100% (100% 재활용)
시트 프레임: 원목
시트: 적층 무늬목
충전재: 폴리우레탄 폼 35kg/cu.m.
커버/ 내화 안감: 폴리에스테르충전재
벨크로: 나일론 100%
테두리 장식/ 지퍼: 폴리에스테르 100%
등받이 프레임/ 등받이 프레임/ 지지대: 스틸, 에폭시/폴리에스테르 파우더코팅
뒤판: 섬유판
충전재: 폴리우레탄 폼 25kg/cu.m.
충전재/ 패브릭: 폴리에스테르 100%(최소 90% 재활용)
다리: 원목, 페인트","탈부착커버의자:
세탁기 사용 가능, 최대 40°C, 표준 코스
표백하지 마세요.
건조기에 넣지 마세요.
다림질, 최대 150°C.
드라이클리닝, 표준 코스.

확장형테이블:
순한 세제에 적신 천으로 닦으세요.
깨끗한 천으로 물기를 닦아주세요.
안정성을 위하여 조립 2주 후에 나사를 점검하고 필요한 경우 다시 조여주세요.","의자는 가정용으로 적합 판정을 받았으며 EN 12520 및 EN 1022의 내구성과 안전성 기준에 부합하는 제품입니다. 내변색성(색 바램을 견디는 능력) 레벨 1-8 중 레벨 6 판정을 받은 커버입니다. 업계 표준에 따르면 가정용으로는 레벨 4 이상이 적합합니다. 55,000 사이클의 마모성 테스트를 완료한 커버입니다. 15,000 사이클 이상이면 집에서 매일 쓰는 가구용으로 적합합니다. 30,000 사이클 이상 견디는 제품은 마모 방지 기능이 매우 탁월합니다. 이 의자는 관련된 강도 및 내구성 표준을 준수하고 테스트를 거친 제품입니다. 테스트는 일반적인 제품의 사용 횟수와 110kg인 사용자를 기준으로 실시되었습니다.",110.0,155.0,75.0,49.0,52.0,87.0,"이 제품은 7 개 패키지로 구성됩니다.

ROSENTORP 로센토르프 확장형테이블 제품 번호 605.682.59
폭: 73 cm
높이: 10 cm
길이: 115 cm
무게: 19.36 kg
패키지: 1

폭: 71 cm
높이: 13 cm
길이: 82 cm
무게: 17.50 kg
패키지: 1

폭: 33 cm
높이: 15 cm
길이: 60 cm
무게: 9.75 kg
패키지: 1

ROSENTORP 로센토르프 의자 제품 번호 906.141.70
폭: 51 cm
높이: 27 cm
길이: 52 cm
무게: 9.04 kg
패키지: 4",,4.0,dining_table_set,IKEA,unknown,"modern,nordic,minimal",True,medium,False,"ROSENTORP 로센토르프 / ROSENTORP 로센토르프 테이블+의자4, 110/155 cm 튼튼한 다리는 원목으로 만들었으며, 매끄럽고 청소하기 쉬운 멜라민 테이블 상판과 조화를 이룹니다. 둘 다 여러 겹의 페인트로 마감하여 일상적인 마모에 강합니다.

둥근 모양의 테이블에서는 모두가 서로를 볼 수 있기 때문에 친목을 다지기에 더욱 좋아요.

원형 테이블은 날카로운 모서리가 없어서 이동하기 편하고, 좁은 다이닝 공간에 두면 좋습니다.

확장하면 원형 테이블이 타원형으로 바뀌어서 손님과 서빙용 접시를 위한 추가 공간이 생겨요.

편안한 쿠션형 시트는 지지력이 좋은 폼이 들어 있고, 부드러운 라이트베이지 KILANDA 실란다라 패브릭을 씌웠습니다. 매력적인 멜란지 효과를 내는 패브릭은 90% 이상의 재활용 폴리에스테르로 만들었습니다.

편안한 폼이 들어 있고 내구성이 좋으면서도 부드럽고 포근한 패브릭을 씌운 시트와 등받이 덕분에 테이블에서 보내는 모든 순간을 즐길 수 있을 거예요.

커버식 의자 시트는 체중을 분산시키고 골조에 미치는 압력을 줄여줍니다.

활기찬 식사를 마무리한 후 의자커버를 쉽게 벗겨내 세탁기로 빨 수 있어요.

의자의 커버를 씌운 시트와 등받이가 일체형으로 되어 있어 벨크로 접착 방식으로 프레임에 쉽게 부착할 수 있어요.

원목으로 만든 프레임은 안정적이고 튼튼해요.

정기적으로 공기 중에 잘 말려주거나 세탁하면 커버를 쾌적하고 깨끗하게 유지할 수 있고, 생활 공간에 쌓이는 먼지와 흙을 줄일 수 있어요.

참고:
실내에서만 사용하세요.
4-6인용.
커버는 벗겨서 세탁할 수 있습니다.
자체 보관 일체형 확장 상판 1개가 포함되어 있어요.
바닥이 긁히는 것을 방지하려면 별도 판매되는 TRIXIG 트릭시그 바닥보호스티커를 사용하세요. 확장형테이블:
상판/ 확장판: 파티클보드, 멜라민포일, 아크릴 페인트, 플라스틱 테두리, 페인트
레일,옆: 섬유판, 아크릴 페인트, 섬유판, 아크릴 페인트, 섬유판, 아크릴 페인트, 플라스틱 테두리
연장 레일: 섬유판, 아크릴 페인트, 플라스틱 테두리
보조 레일/ 기둥: 섬유판, 아크릴 페인트
홀더: 섬유판
하단 패널: 파티클보드, 페이퍼 포일, 아크릴 페인트, 플라스틱 테두리
다리: 원목, 접착제, 아크릴 페인트

의자:
패브릭/ 커버: 폴리에스테르 100% (100% 재활용)
시트 프레임: 원목
시트: 적층 무늬목
충전재: 폴리우레탄 폼 35kg/cu.m.
커버/ 내화 안감: 폴리에스테르충전재
벨크로: 나일론 100%
테두리 장식/ 지퍼: 폴리에스테르 100%
등받이 프레임/ 등받이 프레임/ 지지대: 스틸, 에폭시/폴리에스테르 파우더코팅
뒤판: 섬유판
충전재: 폴리우레탄 폼 25kg/cu.m.
충전재/ 패브릭: 폴리에스테르 100%(최소 90% 재활용)
다리: 원목, 페인트 탈부착커버의자:
세탁기 사용 가능, 최대 40°C, 표준 코스
표백하지 마세요.
건조기에 넣지 마세요.
다림질, 최대 150°C.
드라이클리닝, 표준 코스.

확장형테이블:
순한 세제에 적신 천으로 닦으세요.
깨끗한 천으로 물기를 닦아주세요.
안정성을 위하여 조립 2주 후에 나사를 점검하고 필요한 경우 다시 조여주세요. "
"MÖRBYLÅNGA 뫼르뷜롱아 / MÅRENÄS 모레네스 테이블+팔걸이의자4, 145 cm",https://www.ikea.com/kr/ko/p/moerbylanga-marenaes-table-and-4-chairs-with-armrests-oak-veneer-brown-stained-black-gunnared-beige-s09520096/,"https://www.ikea.com/pimg/1198495_pe904102_s5.jpg?f=xxs,https://www.ikea.com/pimg/1198494_pe904103_s5.jpg?f=xxs",1695000,1795000.0,0.0,0.0,095.200.96,"원목의 나뭇결과 색상이 각각 다르기 때문에 테이블마다 독특한 매력을 느낄 수 있습니다.

널빤지의 느낌을 강조한 디자인으로 진짜 나무의 느낌이 살아있습니다.

참나무는 단단하고 내구성이 우수하며 나뭇결이 잘 살아있는 목재입니다. 시간이 지날수록 색이 짙어져 고급스러운 골든브라운 색을 띠게 됩니다.

의자커버는 따로 분리하여 세탁기로 세탁할 수 있습니다.

새로운 분위기를 연출하고 싶다면 커버를 교체해보세요.

실내에서만 사용하세요.

커버는 벗겨서 세탁할 수 있습니다.

MÅRENÄS 모레네스 팔걸이의자의 추가 커버는 여러 가지 색으로 나오며, 별도로 판매됩니다.","테이블 상판: 파티클보드, 참나무 무늬목, 스테인, 틴트 투명 아크릴 래커, 참나무 무늬목, 스테인, 틴트 투명 아크릴 래커
다리/ 기본 프레임/ 크로스 레일: 파티클보드, 참나무 원목, 두꺼운 오크무늬목, 스테인, 틴트 투명 아크릴 래커
의자 내화 안감/ 안감: 폴리에스테르충전재
다리: 원목, 접착제, 스테인, 투명래커
팔걸이 프레임/ 등받이 프레임: 원목, 100% 재생 보드지, 접착제
충전재: 폴리우레탄 폼 35kg/cu.m., 고탄력 폴리우레탄 폼 35 kg/cu.m., 폴리우레탄 폼 35kg/cu.m.
시트 프레임: 폴리프로필렌 100%, 원목, 스틸, 접착제
벨크로: 나일론 100%
충전재: 폴리우레탄 폼 35kg/cu.m.
의자커버 패브릭: 폴리에스테르 100 %
패브릭: 폴리에스테르 100%(최소 90% 재활용)","의자: 안정성을 위하여 조립 2주 후에 나사를 점검하고 필요한 경우 다시 조여주세요.
탈부착커버 의자커버: 세탁기 사용 가능, 최대 40°C, 표준 코스. 표백하지 마세요. 건조기에 넣지 마세요. 다림질, 최대 150°C. 드라이클리닝, 표준 코스.","25,000 사이클의 마모성 테스트를 완료한 커버입니다. 15,000 사이클 이상을 견디는 커버는 일반적인 가정용으로 적합합니다. 내변색성 레벨 1~8 중 레벨 5 판정을 받은 커버입니다. 업계 표준에 따르면 가정용으로는 레벨 4 이상이 적합합니다.",205.0,145.0,75.0,59.0,59.0,95.0,"이 제품은 11 개 패키지로 구성됩니다.
MÖRBYLÅNGA 뫼르뷜롱아 테이블 제품 번호 204.128.87
폭: 78 cm, 높이: 5 cm, 길이: 153 cm, 무게: 21.32 kg, 패키지: 1
폭: 78 cm, 높이: 5 cm, 길이: 153 cm, 무게: 21.32 kg, 패키지: 1
폭: 88 cm, 높이: 10 cm, 길이: 127 cm, 무게: 17.00 kg, 패키지: 1
MÅRENÄS 모레네스 의자 제품 번호 405.599.15
폭: 59 cm, 높이: 19 cm, 길이: 87 cm, 무게: 9.72 kg, 패키지: 4
MÅRENÄS 모레네스 의자커버 제품 번호 105.681.29
폭: 18 cm, 높이: 6 cm, 길이: 22 cm, 무게: 0.57 kg, 패키지: 4",,4.0,dining_table_set,IKEA,unknown,"modern,nordic,minimal",True,medium,False,"MÖRBYLÅNGA 뫼르뷜롱아 / MÅRENÄS 모레네스 테이블+팔걸이의자4, 145 cm 원목의 나뭇결과 색상이 각각 다르기 때문에 테이블마다 독특한 매력을 느낄 수 있습니다.

널빤지의 느낌을 강조한 디자인으로 진짜 나무의 느낌이 살아있습니다.

참나무는 단단하고 내구성이 우수하며 나뭇결이 잘 살아있는 목재입니다. 시간이 지날수록 색이 짙어져 고급스러운 골든브라운 색을 띠게 됩니다.

의자커버는 따로 분리하여 세탁기로 세탁할 수 있습니다.

새로운 분위기를 연출하고 싶다면 커버를 교체해보세요.

실내에서만 사용하세요.

커버는 벗겨서 세탁할 수 있습니다.

MÅRENÄS 모레네스 팔걸이의자의 추가 커버는 여러 가지 색으로 나오며, 별도로 판매됩니다. 테이블 상판: 파티클보드, 참나무 무늬목, 스테인, 틴트 투명 아크릴 래커, 참나무 무늬목, 스테인, 틴트 투명 아크릴 래커
다리/ 기본 프레임/ 크로스 레일: 파티클보드, 참나무 원목, 두꺼운 오크무늬목, 스테인, 틴트 투명 아크릴 래커
의자 내화 안감/ 안감: 폴리에스테르충전재
다리: 원목, 접착제, 스테인, 투명래커
팔걸이 프레임/ 등받이 프레임: 원목, 100% 재생 보드지, 접착제
충전재: 폴리우레탄 폼 35kg/cu.m., 고탄력 폴리우레탄 폼 35 kg/cu.m., 폴리우레탄 폼 35kg/cu.m.
시트 프레임: 폴리프로필렌 100%, 원목, 스틸, 접착제
벨크로: 나일론 100%
충전재: 폴리우레탄 폼 35kg/cu.m.
의자커버 패브릭: 폴리에스테르 100 %
패브릭: 폴리에스테르 100%(최소 90% 재활용) 의자: 안정성을 위하여 조립 2주 후에 나사를 점검하고 필요한 경우 다시 조여주세요.
탈부착커버 의자커버: 세탁기 사용 가능, 최대 40°C, 표준 코스. 표백하지 마세요. 건조기에 넣지 마세요. 다림질, 최대 150°C. 드라이클리닝, 표준 코스. "
"ROSENTORP 로센토르프 / ROSENTORP 로센토르프 테이블+의자4, 155/215x87 cm",https://www.ikea.com/kr/ko/p/rosentorp-rosentorp-table-and-4-chairs-white-white-kilanda-light-beige-s79611677/,"https://www.ikea.com/kr/ko/images/products/rosentorp-rosentorp-table-and-4-chairs-white-white-kilanda-light-beige__1440782_pe986024_s5.jpg?f=xxs,https://www.ikea.com/kr/ko/images/products/rosentorp-rosentorp-table-and-4-chairs-white-white-kilanda-light-beige__1448096_pe989483_s5.jpg?f=xxs",1102000,1225000.0,0.0,0.0,796.116.77,"자체 보관 상판은 간편하게 꺼내 테이블을 확장할 수 있으며, 손님이 떠나면 쉽게 분리하여 테이블 상판 아래에 접어 넣을 수 있습니다.
튼튼한 다리는 원목으로 만들었으며, 매끄럽고 청소하기 쉬운 멜라민 테이블 상판과 조화를 이룹니다. 둘 다 여러 겹의 페인트로 마감하여 일상적인 마모에 강합니다.
커버식 의자 시트는 체중을 분산시키고 골조에 미치는 압력을 줄여줍니다.
커버를 벗겨서 세탁할 수 있는 덕분에 깨끗하게 관리하기 쉬워요.
실용적이고 편안한 회전 기능 덕분에 의자를 밀지 않고도 식탁이나 화장대에서 쉽게 일어날 수 있어요.
이 커버는 촉감이 부드러운 KILANDA 실란다 패브릭으로 만들며, 멜란지 느낌과 질감 덕분에 패브릭에서 풍기는 활기찬 분위기를 느낄 수 있습니다.
시트 아래의 손잡이를 위로 당겨 원하는 높이로 의자를 조절하세요.
의자의 디자인 덕분에 집에 자연스럽게 잘 어울려요. 단독으로 두거나, 책상, 식탁에 두고 사용해 보세요.

참고
실내에서만 사용하세요.
4-6인용.
바닥이 긁히는 것을 방지하려면 별도 판매되는 TRIXIG 트릭시그 바닥보호스티커를 사용하세요.
자체 보관 확장형 상판 1개가 포함되어 있습니다.","확장형테이블
상판/ 확장판: 파티클보드, 멜라민포일, 아크릴 페인트, 플라스틱 테두리, 페인트
하단 프레임/ 다리: 원목, 접착제, 아크릴 페인트
크로스 레일: 원목, 접착제
회전의자
패브릭: 폴리에스테르 100% (100% 재활용)
베이스: 합판
충전재: 폴리에스테르 100%, 폴리우레탄 폼 35kg/cu.m.
충전재/ 내화 안감: 폴리에스테르충전재
지퍼: 폴리에스테르 100 %
등받이 프레임/ 다리 프레임/ 장치: 스틸, 에폭시/폴리에스테르 파우더코팅
풋: 합성고무
패브릭: 폴리에스테르 100%(최소 90% 재활용)","테이블테이블+의자4
중성세제를 희석한 물로 닦아주세요.
깨끗한 천으로 물기를 닦아주세요.
안정성을 위하여 조립 2주 후에 나사를 점검하고 필요한 경우 다시 조여주세요.
탈부착커버회전의자
세탁기 사용 가능, 최대 40°C, 표준 코스
표백하지 마세요.
건조기에 넣지 마세요.
다림질, 최대 150°C.
드라이클리닝, 표준 코스.
의자회전의자
젖은 천으로 닦아주세요.
깨끗한 천으로 물기를 닦아주세요.",이 의자는 가정용으로 개발되어 테스트를 마쳤으며 EN 1335 표준에 명시된 내구성 및 안정성 요건을 충족합니다.,155.0,87.0,75.0,67.0,67.0,97.0,"이 제품은 6 개 패키지로 구성됩니다.
ROSENTORP 로센토르프 확장형테이블 제품 번호205.899.04
이 제품은 여러 개의 패키지로 포장되어 있습니다.
폭: 40 cm
높이: 8 cm
길이: 150 cm
무게: 15.20 kg
패키지: 1
폭: 91 cm
높이: 5 cm
길이: 159 cm
무게: 30.29 kg
패키지: 1
ROSENTORP 로센토르프 회전의자 제품 번호605.765.51
폭: 54 cm
높이: 29 cm
길이: 57 cm
무게: 13.25 kg
패키지: 4",,4.0,dining_table_set,IKEA,unknown,"modern,nordic,minimal",True,low,False,"ROSENTORP 로센토르프 / ROSENTORP 로센토르프 테이블+의자4, 155/215x87 cm 자체 보관 상판은 간편하게 꺼내 테이블을 확장할 수 있으며, 손님이 떠나면 쉽게 분리하여 테이블 상판 아래에 접어 넣을 수 있습니다.
튼튼한 다리는 원목으로 만들었으며, 매끄럽고 청소하기 쉬운 멜라민 테이블 상판과 조화를 이룹니다. 둘 다 여러 겹의 페인트로 마감하여 일상적인 마모에 강합니다.
커버식 의자 시트는 체중을 분산시키고 골조에 미치는 압력을 줄여줍니다.
커버를 벗겨서 세탁할 수 있는 덕분에 깨끗하게 관리하기 쉬워요.
실용적이고 편안한 회전 기능 덕분에 의자를 밀지 않고도 식탁이나 화장대에서 쉽게 일어날 수 있어요.
이 커버는 촉감이 부드러운 KILANDA 실란다 패브릭으로 만들며, 멜란지 느낌과 질감 덕분에 패브릭에서 풍기는 활기찬 분위기를 느낄 수 있습니다.
시트 아래의 손잡이를 위로 당겨 원하는 높이로 의자를 조절하세요.
의자의 디자인 덕분에 집에 자연스럽게 잘 어울려요. 단독으로 두거나, 책상, 식탁에 두고 사용해 보세요.

참고
실내에서만 사용하세요.
4-6인용.
바닥이 긁히는 것을 방지하려면 별도 판매되는 TRIXIG 트릭시그 바닥보호스티커를 사용하세요.
자체 보관 확장형 상판 1개가 포함되어 있습니다. 확장형테이블
상판/ 확장판: 파티클보드, 멜라민포일, 아크릴 페인트, 플라스틱 테두리, 페인트
하단 프레임/ 다리: 원목, 접착제, 아크릴 페인트
크로스 레일: 원목, 접착제
회전의자
패브릭: 폴리에스테르 100% (100% 재활용)
베이스: 합판
충전재: 폴리에스테르 100%, 폴리우레탄 폼 35kg/cu.m.
충전재/ 내화 안감: 폴리에스테르충전재
지퍼: 폴리에스테르 100 %
등받이 프레임/ 다리 프레임/ 장치: 스틸, 에폭시/폴리에스테르 파우더코팅
풋: 합성고무
패브릭: 폴리에스테르 100%(최소 90% 재활용) 테이블테이블+의자4
중성세제를 희석한 물로 닦아주세요.
깨끗한 천으로 물기를 닦아주세요.
안정성을 위하여 조립 2주 후에 나사를 점검하고 필요한 경우 다시 조여주세요.
탈부착커버회전의자
세탁기 사용 가능, 최대 40°C, 표준 코스
표백하지 마세요.
건조기에 넣지 마세요.
다림질, 최대 150°C.
드라이클리닝, 표준 코스.
의자회전의자
젖은 천으로 닦아주세요.
깨끗한 천으로 물기를 닦아주세요. "
"ÅLHULT 올훌트 / ÅLHULT 올훌트 테이블+의자6, 170/220x80 cm",https://www.ikea.com/kr/ko/p/alhult-alhult-table-and-6-chairs-beige-brown-kabusa-light-beige-beige-s79611620/,"https://www.ikea.com/pimg/1447085_pe988963_s5.jpg?f=xxs,https://www.ikea.com/pimg/1447111_pe988978_s5.jpg?f=xxs",688400,718400.0,5.0,3.0,796.116.20,"6~8인용으로 손쉽게 확장할 수 있어요. 가족끼리 즐기는 일상의 식사는 물론 여럿이 함께하는 식사 자리로도 손색이 없습니다.

보조상판은 테이블 양쪽 끝부분을 넓혀 2명이 더 앉을 수 있는 넉넉한 공간을 마련합니다.

ÅLHULT 올훌트 테이블은 물푸레무늬목 표면에 목재의 자연미를 보호하고 쉽게 관리할 수 있도록 약간의 색조를 넣어 투명 래커 처리했습니다.

물푸레나무 무늬목의 나뭇결이 각각 달라서 테이블마다 조금씩 다른 개성을 느낄 수 있습니다.

기대기 편안한 높은 등받이와 부드러운 시트 덕분에 오래 앉아 있어도 편안하여 식사 시간이 더욱 즐거워져요.

커버는 벗겨서 세탁기로 간편하게 세탁할 수 있습니다. 시트의 나사를 풀고 커버를 벗겨서 세탁하면 의자를 산뜻하게 유지할 수 있어요.

실내에서만 사용하세요.

커버는 벗겨서 세탁할 수 있습니다.

바닥이 긁히는 것을 방지하려면 별도 판매되는 TRIXIG 트릭시그 바닥보호스티커를 사용하세요.","확장형테이블 상판/확장판: 파티클보드, 물푸레무늬목, 스테인, 틴트 투명 아크릴 래커, 페이퍼 포일, 물푸레무늬목, 스테인, 틴트 투명래커
하단 프레임: 원목, 접착제, 물푸레무늬목, 스테인, 틴트 투명 아크릴 래커
크로스 레일: 원목, 접착제
다리: 파티클보드, 물푸레무늬목, 스테인, 틴트 투명 아크릴 래커
의자 내화 안감: 폴리에스테르충전재
프레임: 소나무 원목, 접착제, 스테인, 틴트 투명 아크릴 래커
시트: 섬유판, 폴리우레탄 폼 35kg/cu.m.
스티치용 실: 폴리에스테르 100 %
패브릭: 폴리에스테르 100%(최소 90% 재활용)","의자: 세탁기 사용 가능, 최대 40°C, 표준 코스. 표백하지 마세요. 건조기에 넣지 마세요. 다림질, 최대 150°C. 드라이클리닝하지 마세요. 중성세제를 희석한 물로 닦아주세요. 깨끗한 천으로 물기를 닦아주세요. 안정성을 위하여 조립 2주 후에 나사를 점검하고 필요한 경우 다시 조여주세요.
확장형테이블: 깨끗한 천으로 물기를 닦아주세요. 안정성을 위하여 조립 2주 후에 나사를 점검하고 필요한 경우 다시 조여주세요.",의자는 가정용으로 적합 판정을 받았으며 EN 12520 및 EN 1022의 내구성과 안전성 기준에 부합하는 제품입니다. 이 의자는 관련된 강도 및 내구성 표준을 준수하고 테스트를 거친 제품입니다. 테스트는 일반적인 제품의 사용 횟수와 110kg인 사용자를 기준으로 실시되었습니다.,170.0,80.0,75.0,45.0,54.0,94.0,"이 제품은 8 개 패키지로 구성됩니다.

ÅLHULT 올훌트 확장형테이블 제품 번호 306.007.60
폭: 84 cm, 높이: 6 cm, 길이: 89 cm, 무게: 20.70 kg, 패키지: 1
폭: 27 cm, 높이: 7 cm, 길이: 164 cm, 무게: 13.40 kg, 패키지: 1

ÅLHULT 올훌트 의자 제품 번호 806.007.72
폭: 49 cm, 높이: 11 cm, 길이: 96 cm, 무게: 5.22 kg, 패키지: 6",,6.0,dining_table_set,IKEA,unknown,"modern,nordic,minimal",True,low,False,"ÅLHULT 올훌트 / ÅLHULT 올훌트 테이블+의자6, 170/220x80 cm 6~8인용으로 손쉽게 확장할 수 있어요. 가족끼리 즐기는 일상의 식사는 물론 여럿이 함께하는 식사 자리로도 손색이 없습니다.

보조상판은 테이블 양쪽 끝부분을 넓혀 2명이 더 앉을 수 있는 넉넉한 공간을 마련합니다.

ÅLHULT 올훌트 테이블은 물푸레무늬목 표면에 목재의 자연미를 보호하고 쉽게 관리할 수 있도록 약간의 색조를 넣어 투명 래커 처리했습니다.

물푸레나무 무늬목의 나뭇결이 각각 달라서 테이블마다 조금씩 다른 개성을 느낄 수 있습니다.

기대기 편안한 높은 등받이와 부드러운 시트 덕분에 오래 앉아 있어도 편안하여 식사 시간이 더욱 즐거워져요.

커버는 벗겨서 세탁기로 간편하게 세탁할 수 있습니다. 시트의 나사를 풀고 커버를 벗겨서 세탁하면 의자를 산뜻하게 유지할 수 있어요.

실내에서만 사용하세요.

커버는 벗겨서 세탁할 수 있습니다.

바닥이 긁히는 것을 방지하려면 별도 판매되는 TRIXIG 트릭시그 바닥보호스티커를 사용하세요. 확장형테이블 상판/확장판: 파티클보드, 물푸레무늬목, 스테인, 틴트 투명 아크릴 래커, 페이퍼 포일, 물푸레무늬목, 스테인, 틴트 투명래커
하단 프레임: 원목, 접착제, 물푸레무늬목, 스테인, 틴트 투명 아크릴 래커
크로스 레일: 원목, 접착제
다리: 파티클보드, 물푸레무늬목, 스테인, 틴트 투명 아크릴 래커
의자 내화 안감: 폴리에스테르충전재
프레임: 소나무 원목, 접착제, 스테인, 틴트 투명 아크릴 래커
시트: 섬유판, 폴리우레탄 폼 35kg/cu.m.
스티치용 실: 폴리에스테르 100 %
패브릭: 폴리에스테르 100%(최소 90% 재활용) 의자: 세탁기 사용 가능, 최대 40°C, 표준 코스. 표백하지 마세요. 건조기에 넣지 마세요. 다림질, 최대 150°C. 드라이클리닝하지 마세요. 중성세제를 희석한 물로 닦아주세요. 깨끗한 천으로 물기를 닦아주세요. 안정성을 위하여 조립 2주 후에 나사를 점검하고 필요한 경우 다시 조여주세요.
확장형테이블: 깨끗한 천으로 물기를 닦아주세요. 안정성을 위하여 조립 2주 후에 나사를 점검하고 필요한 경우 다시 조여주세요. "
"ROSENTORP 로센토르프 / ROSENTORP 로센토르프 테이블+의자4, 110/155 cm",https://www.ikea.com/kr/ko/p/rosentorp-rosentorp-table-and-4-chairs-white-white-kilanda-light-beige-s69611705/,"https://www.ikea.com/kr/ko/images/products/rosentorp-rosentorp-table-and-4-chairs-white-white-kilanda-light-beige__1440786_pe986019_s5.jpg?f=xxs,https://www.ikea.com/kr/ko/images/products/rosentorp-rosentorp-table-and-4-chairs-white-white-kilanda-light-beige__1448077_pe989470_s5.jpg?f=xxs",1147000,1275000.0,5.0,3.0,696.117.05,"튼튼한 다리는 원목으로 만들었으며, 매끄럽고 청소하기 쉬운 멜라민 테이블 상판과 조화를 이룹니다. 둘 다 여러 겹의 페인트로 마감하여 일상적인 마모에 강합니다.

둥근 모양의 테이블에서는 모두가 서로를 볼 수 있기 때문에 친목을 다지기에 더욱 좋아요.

원형 테이블은 날카로운 모서리가 없어서 이동하기 편하고, 좁은 다이닝 공간에 두면 좋습니다.

확장하면 원형 테이블이 타원형으로 바뀌어서 손님과 서빙용 접시를 위한 추가 공간이 생겨요.

커버식 의자 시트는 체중을 분산시키고 골조에 미치는 압력을 줄여줍니다.

시트 아래의 손잡이를 위로 당겨 원하는 높이로 의자를 조절하세요.

이 커버는 촉감이 부드러운 KILANDA 실란다 패브릭으로 만들며, 멜란지 느낌과 질감 덕분에 패브릭에서 풍기는 활기찬 분위기를 느낄 수 있습니다.

커버를 벗겨서 세탁할 수 있는 덕분에 깨끗하게 관리하기 쉬워요.

의자의 디자인 덕분에 집에 자연스럽게 잘 어울려요. 단독으로 두거나, 책상, 식탁에 두고 사용해 보세요.

참고:
실내에서만 사용하세요.
4-6인용.
바닥이 긁히는 것을 방지하려면 별도 판매되는 TRIXIG 트릭시그 바닥보호스티커를 사용하세요.
자체 보관 일체형 확장 상판 1개가 포함되어 있어요.","확장형테이블:
상판/ 확장판: 파티클보드, 멜라민포일, 아크릴 페인트, 플라스틱 테두리, 페인트
레일,옆: 섬유판, 아크릴 페인트, 섬유판, 아크릴 페인트, 섬유판, 아크릴 페인트, 플라스틱 테두리
연장 레일: 섬유판, 아크릴 페인트, 플라스틱 테두리
보조 레일/ 기둥: 섬유판, 아크릴 페인트
홀더: 섬유판
하단 패널: 파티클보드, 페이퍼 포일, 아크릴 페인트, 플라스틱 테두리
다리: 원목, 접착제, 아크릴 페인트

회전의자:
패브릭: 폴리에스테르 100% (100% 재활용)
베이스: 합판
충전재: 폴리에스테르 100%, 폴리우레탄 폼 35kg/cu.m.
충전재/ 내화 안감: 폴리에스테르충전재
지퍼: 폴리에스테르 100 %
등받이 프레임/ 다리 프레임/ 장치: 스틸, 에폭시/폴리에스테르 파우더코팅
풋: 합성고무
패브릭: 폴리에스테르 100%(최소 90% 재활용)","테이블:
순한 세제에 적신 천으로 닦으세요.
깨끗한 천으로 물기를 닦아주세요.
안정성을 위하여 조립 2주 후에 나사를 점검하고 필요한 경우 다시 조여주세요.

탈부착커버 회전의자:
세탁기 사용 가능, 최대 40°C, 표준 코스
표백하지 마세요.
건조기에 넣지 마세요.
다림질, 최대 150°C.
드라이클리닝, 표준 코스.

의자 회전의자:
젖은 천으로 닦아주세요.
깨끗한 천으로 물기를 닦아주세요.",이 의자는 가정용으로 개발되어 테스트를 마쳤으며 EN 1335 표준에 명시된 내구성 및 안정성 요건을 충족합니다.,110.0,155.0,75.0,67.0,67.0,97.0,"이 제품은 7 개 패키지로 구성됩니다.

ROSENTORP 로센토르프 확장형테이블 제품 번호 605.682.59
폭: 73 cm
높이: 10 cm
길이: 115 cm
무게: 19.36 kg
패키지: 1

폭: 71 cm
높이: 13 cm
길이: 82 cm
무게: 17.50 kg
패키지: 1

폭: 33 cm
높이: 15 cm
길이: 60 cm
무게: 9.75 kg
패키지: 1

ROSENTORP 로센토르프 회전의자 제품 번호 605.765.51
폭: 54 cm
높이: 29 cm
길이: 57 cm
무게: 13.25 kg
패키지: 4",,4.0,dining_table_set,IKEA,unknown,"modern,nordic,minimal",True,medium,False,"ROSENTORP 로센토르프 / ROSENTORP 로센토르프 테이블+의자4, 110/155 cm 튼튼한 다리는 원목으로 만들었으며, 매끄럽고 청소하기 쉬운 멜라민 테이블 상판과 조화를 이룹니다. 둘 다 여러 겹의 페인트로 마감하여 일상적인 마모에 강합니다.

둥근 모양의 테이블에서는 모두가 서로를 볼 수 있기 때문에 친목을 다지기에 더욱 좋아요.

원형 테이블은 날카로운 모서리가 없어서 이동하기 편하고, 좁은 다이닝 공간에 두면 좋습니다.

확장하면 원형 테이블이 타원형으로 바뀌어서 손님과 서빙용 접시를 위한 추가 공간이 생겨요.

커버식 의자 시트는 체중을 분산시키고 골조에 미치는 압력을 줄여줍니다.

시트 아래의 손잡이를 위로 당겨 원하는 높이로 의자를 조절하세요.

이 커버는 촉감이 부드러운 KILANDA 실란다 패브릭으로 만들며, 멜란지 느낌과 질감 덕분에 패브릭에서 풍기는 활기찬 분위기를 느낄 수 있습니다.

커버를 벗겨서 세탁할 수 있는 덕분에 깨끗하게 관리하기 쉬워요.

의자의 디자인 덕분에 집에 자연스럽게 잘 어울려요. 단독으로 두거나, 책상, 식탁에 두고 사용해 보세요.

참고:
실내에서만 사용하세요.
4-6인용.
바닥이 긁히는 것을 방지하려면 별도 판매되는 TRIXIG 트릭시그 바닥보호스티커를 사용하세요.
자체 보관 일체형 확장 상판 1개가 포함되어 있어요. 확장형테이블:
상판/ 확장판: 파티클보드, 멜라민포일, 아크릴 페인트, 플라스틱 테두리, 페인트
레일,옆: 섬유판, 아크릴 페인트, 섬유판, 아크릴 페인트, 섬유판, 아크릴 페인트, 플라스틱 테두리
연장 레일: 섬유판, 아크릴 페인트, 플라스틱 테두리
보조 레일/ 기둥: 섬유판, 아크릴 페인트
홀더: 섬유판
하단 패널: 파티클보드, 페이퍼 포일, 아크릴 페인트, 플라스틱 테두리
다리: 원목, 접착제, 아크릴 페인트

회전의자:
패브릭: 폴리에스테르 100% (100% 재활용)
베이스: 합판
충전재: 폴리에스테르 100%, 폴리우레탄 폼 35kg/cu.m.
충전재/ 내화 안감: 폴리에스테르충전재
지퍼: 폴리에스테르 100 %
등받이 프레임/ 다리 프레임/ 장치: 스틸, 에폭시/폴리에스테르 파우더코팅
풋: 합성고무
패브릭: 폴리에스테르 100%(최소 90% 재활용) 테이블:
순한 세제에 적신 천으로 닦으세요.
깨끗한 천으로 물기를 닦아주세요.
안정성을 위하여 조립 2주 후에 나사를 점검하고 필요한 경우 다시 조여주세요.

탈부착커버 회전의자:
세탁기 사용 가능, 최대 40°C, 표준 코스
표백하지 마세요.
건조기에 넣지 마세요.
다림질, 최대 150°C.
드라이클리닝, 표준 코스.

의자 회전의자:
젖은 천으로 닦아주세요.
깨끗한 천으로 물기를 닦아주세요. "
"ROSENTORP 로센토르프 / NÄSINGE 네싱에 테이블+의자4, 155/215x87 cm",https://www.ikea.com/kr/ko/p/rosentorp-naesinge-table-and-4-chairs-white-tibbleby-beige-grey-white-s99611662/,"https://www.ikea.com/kr/ko/images/products/rosentorp-naesinge-table-and-4-chairs-white-tibbleby-beige-grey-white__1440798_pe986036_s5.jpg?f=xxs,https://www.ikea.com/kr/ko/images/products/rosentorp-naesinge-table-and-4-chairs-white-tibbleby-beige-grey-white__1440899_pe986110_s5.jpg?f=xxs",813600,868600.0,0.0,0.0,996.116.62,"자체 보관 상판은 간편하게 꺼내 테이블을 확장할 수 있으며, 손님이 떠나면 쉽게 분리하여 테이블 상판 아래에 접어 넣을 수 있습니다.

튼튼한 다리는 원목으로 만들었으며, 매끄럽고 청소하기 쉬운 멜라민 테이블 상판과 조화를 이룹니다. 둘 다 여러 겹의 페인트로 마감하여 일상적인 마모에 강합니다.

푹신한 패드와 적절한 각도의 등받이 덕분에 식사시간이 길어져도 편안합니다.

편안한 쿠션형 시트는 지지력이 좋은 폼이 들어 있고, 부드러운 베이지/그레이 TIBBELBY 티벨뷔 패브릭을 씌웠습니다. 패브릭은 부드럽고 섬세한 광택과 은은한 헤링본 무늬가 돋보입니다.

챔퍼 처리한 다리와 갈빗살의 두께가 다양한 등받이 같은 디테일 덕분에 각 NÄSINGE 네싱에 의자가 테이블 둘레에서 매력적이고 아름답게 보입니다.

커버를 쉽게 벗겨서 물세탁할 수 있습니다.

튼튼하고 내구성 좋은 의자프레임은 원목 하드우드로 만들었습니다.

실내에서만 사용하세요.

4-6인용.

커버는 벗겨서 세탁할 수 있습니다.

의자를 조립하려면 비트 드라이버가 필요합니다. TRIXIG 트릭시그 공구세트15종(별도 판매)에 포함되어 있어요.

바닥이 긁히는 것을 방지하려면 별도 판매되는 TRIXIG 트릭시그 바닥보호스티커를 사용하세요.","확장형테이블
상판/ 확장판: 파티클보드, 멜라민포일, 아크릴 페인트, 플라스틱 테두리, 페인트
하단 프레임/ 다리: 원목, 접착제, 아크릴 페인트
크로스 레일: 원목, 접착제
의자
내화 안감/ 시트 안감: 폴리에스테르충전재
패브릭/ 커버: 폴리에스테르 100%(최소 90% 재활용)
프레임: 원목, 아크릴 페인트
시트: 섬유판, 폴리우레탄 폼 35kg/cu.m.","프레임의자
안정성을 위하여 조립 2주 후에 나사를 점검하고 필요한 경우 다시 조여주세요.
탈부착커버의자
세탁기 사용 가능, 최대 40°C, 표준 코스
표백하지 마세요.
건조기에 넣지 마세요.
다림질, 최대 150°C.
드라이클리닝, 표준 코스.
확장형테이블
중성세제를 희석한 물로 닦아주세요.
깨끗한 천으로 물기를 닦아주세요.","본 커버는 50,000회의 마모를 견뎌낼 수 있도록 시험을 거쳤습니다. 15,000회 이상을 견디는 제품은 집에서 매일 사용하는 가구에 적합하며, 30,000회 이상을 견디는 제품은 쉽게 마모되지 않습니다.내변색성 레벨 1~8 중 레벨 5~6 판정을 받은 커버입니다. 업계 표준에 따르면 가정용으로는 레벨 4 이상이 적합합니다.이 의자는 관련된 강도 및 내구성 표준을 준수하고 테스트를 거친 제품입니다. 테스트는 일반적인 제품의 사용 횟수와 110kg인 사용자를 기준으로 실시되었습니다.이 의자는 가정용으로 적합 판정을 받았으며 EN 12520 및 EN 1022의 내구성과 안전성 기준에 부합하는 제품입니다.",155.0,87.0,75.0,42.0,54.0,90.0,"이 제품은 6 개 패키지로 구성됩니다.
ROSENTORP 로센토르프 확장형테이블 제품 번호 205.899.04
이 제품은 여러 개의 패키지로 포장되어 있습니다.
폭: 40 cm
높이: 8 cm
길이: 150 cm
무게: 15.20 kg
패키지: 1
폭: 91 cm
높이: 5 cm
길이: 159 cm
무게: 30.29 kg
패키지: 1
NÄSINGE 네싱에 의자 제품 번호 905.875.05
폭: 45 cm
높이: 12 cm
길이: 92 cm
무게: 6.85 kg
패키지: 4",,4.0,dining_table_set,IKEA,unknown,"modern,nordic,minimal",True,low,True,"ROSENTORP 로센토르프 / NÄSINGE 네싱에 테이블+의자4, 155/215x87 cm 자체 보관 상판은 간편하게 꺼내 테이블을 확장할 수 있으며, 손님이 떠나면 쉽게 분리하여 테이블 상판 아래에 접어 넣을 수 있습니다.

튼튼한 다리는 원목으로 만들었으며, 매끄럽고 청소하기 쉬운 멜라민 테이블 상판과 조화를 이룹니다. 둘 다 여러 겹의 페인트로 마감하여 일상적인 마모에 강합니다.

푹신한 패드와 적절한 각도의 등받이 덕분에 식사시간이 길어져도 편안합니다.

편안한 쿠션형 시트는 지지력이 좋은 폼이 들어 있고, 부드러운 베이지/그레이 TIBBELBY 티벨뷔 패브릭을 씌웠습니다. 패브릭은 부드럽고 섬세한 광택과 은은한 헤링본 무늬가 돋보입니다.

챔퍼 처리한 다리와 갈빗살의 두께가 다양한 등받이 같은 디테일 덕분에 각 NÄSINGE 네싱에 의자가 테이블 둘레에서 매력적이고 아름답게 보입니다.

커버를 쉽게 벗겨서 물세탁할 수 있습니다.

튼튼하고 내구성 좋은 의자프레임은 원목 하드우드로 만들었습니다.

실내에서만 사용하세요.

4-6인용.

커버는 벗겨서 세탁할 수 있습니다.

의자를 조립하려면 비트 드라이버가 필요합니다. TRIXIG 트릭시그 공구세트15종(별도 판매)에 포함되어 있어요.

바닥이 긁히는 것을 방지하려면 별도 판매되는 TRIXIG 트릭시그 바닥보호스티커를 사용하세요. 확장형테이블
상판/ 확장판: 파티클보드, 멜라민포일, 아크릴 페인트, 플라스틱 테두리, 페인트
하단 프레임/ 다리: 원목, 접착제, 아크릴 페인트
크로스 레일: 원목, 접착제
의자
내화 안감/ 시트 안감: 폴리에스테르충전재
패브릭/ 커버: 폴리에스테르 100%(최소 90% 재활용)
프레임: 원목, 아크릴 페인트
시트: 섬유판, 폴리우레탄 폼 35kg/cu.m. 프레임의자
안정성을 위하여 조립 2주 후에 나사를 점검하고 필요한 경우 다시 조여주세요.
탈부착커버의자
세탁기 사용 가능, 최대 40°C, 표준 코스
표백하지 마세요.
건조기에 넣지 마세요.
다림질, 최대 150°C.
드라이클리닝, 표준 코스.
확장형테이블
중성세제를 희석한 물로 닦아주세요.
깨끗한 천으로 물기를 닦아주세요. "
"NÄSINGE 네싱에 / HÖGVED 회그베드 테이블+의자4, 다크브라운스테인 너도밤나무 무늬목/자작나무무늬목, 130x80 cm",https://www.ikea.com/kr/ko/p/naesinge-hoegved-table-and-4-chairs-dark-brown-stained-beech-veneer-birch-veneer-s99611723/,"https://www.ikea.com/kr/ko/images/products/naesinge-hoegved-table-and-4-chairs-dark-brown-stained-beech-veneer-birch-veneer__1439440_pe985324_s5.jpg?f=xxs,https://www.ikea.com/kr/ko/images/products/naesinge-hoegved-table-and-4-chairs-dark-brown-stained-beech-veneer-birch-veneer__1447131_pe988990_s5.jpg?f=xxs",740000,765000.0,5.0,1.0,996.117.23,"실내에서만 사용하세요.
바닥 긁힘 방지용 플라스틱 다리 4개 포함.
이 테이블을 조립하려면 비트 드라이버가 필요합니다. TRIXIG 트릭시그 공구세트15종(별도 판매)에 포함되어 있어요.","테이블 상판: 파티클보드, 투명 아크릴 래커, 섬유판, 페이퍼 포일, 너도밤나무 무늬목, 스테인, 투명래커
하단 프레임/ 다리: 원목, 접착제, 스테인, 투명 아크릴 래커
의자 등받이/ 침대살: 자작나무 원목, 접착제, 투명 아크릴 래커
시트: 적층 무늬목, 합판, 자작나무 무늬목, 투명 아크릴 래커
다리 프레임: 자작나무 원목, 자작나무 합판, 접착제, 투명 아크릴 래커","의자: 중성세제를 희석한 물로 닦아주세요. 깨끗한 천으로 물기를 닦아주세요. 안정성을 위하여 조립 2주 후에 나사를 점검하고 필요한 경우 다시 조여주세요.
테이블: 깨끗한 천으로 물기를 닦아주세요. 안정성을 위하여 조립 2주 후에 나사를 점검하고 필요한 경우 다시 조여주세요.",의자는 가정용으로 적합 판정을 받았으며 EN 12520 및 EN 1022의 내구성과 안전성 기준에 부합하는 제품입니다. 이 의자는 관련된 강도 및 내구성 표준을 준수하고 테스트를 거친 제품입니다. 테스트는 일반적인 제품의 사용 횟수와 110kg인 사용자를 기준으로 실시되었습니다.,130.0,80.0,75.0,52.0,59.0,95.0,"이 제품은 5 개 패키지로 구성됩니다.
NÄSINGE 네싱에 테이블 제품 번호 105.875.09
폭: 84 cm
높이: 7 cm
길이: 133 cm
무게: 24.20 kg
패키지: 1
HÖGVED 회그베드 의자 제품 번호 206.070.07
폭: 48 cm
높이: 48 cm
길이: 52 cm
무게: 5.05 kg
패키지: 4",,4.0,dining_table_set,IKEA,dark_wood,"modern,nordic,minimal",True,low,True,"NÄSINGE 네싱에 / HÖGVED 회그베드 테이블+의자4, 다크브라운스테인 너도밤나무 무늬목/자작나무무늬목, 130x80 cm 실내에서만 사용하세요.
바닥 긁힘 방지용 플라스틱 다리 4개 포함.
이 테이블을 조립하려면 비트 드라이버가 필요합니다. TRIXIG 트릭시그 공구세트15종(별도 판매)에 포함되어 있어요. 테이블 상판: 파티클보드, 투명 아크릴 래커, 섬유판, 페이퍼 포일, 너도밤나무 무늬목, 스테인, 투명래커
하단 프레임/ 다리: 원목, 접착제, 스테인, 투명 아크릴 래커
의자 등받이/ 침대살: 자작나무 원목, 접착제, 투명 아크릴 래커
시트: 적층 무늬목, 합판, 자작나무 무늬목, 투명 아크릴 래커
다리 프레임: 자작나무 원목, 자작나무 합판, 접착제, 투명 아크릴 래커 의자: 중성세제를 희석한 물로 닦아주세요. 깨끗한 천으로 물기를 닦아주세요. 안정성을 위하여 조립 2주 후에 나사를 점검하고 필요한 경우 다시 조여주세요.
테이블: 깨끗한 천으로 물기를 닦아주세요. 안정성을 위하여 조립 2주 후에 나사를 점검하고 필요한 경우 다시 조여주세요. "
"ROSENTORP 로센토르프 / NÄSINGE 네싱에 테이블+의자4, 화이트/Tibbleby 티블레뷔 베이지-그레이 화이트, 110/155 cm",https://www.ikea.com/kr/ko/p/rosentorp-naesinge-table-and-4-chairs-white-tibbleby-beige-grey-white-s79611696/,"https://www.ikea.com/pimg/1440793_pe986032_s5.jpg?f=xxs,https://www.ikea.com/pimg/1440897_pe986111_s5.jpg?f=xxs",858600,918600.0,5.0,3.0,796.116.96,"튼튼한 다리는 원목으로 만들었으며, 매끄럽고 청소하기 쉬운 멜라민 테이블 상판과 조화를 이룹니다. 둘 다 여러 겹의 페인트로 마감하여 일상적인 마모에 강합니다.

둥근 모양의 테이블에서는 모두가 서로를 볼 수 있기 때문에 친목을 다지기에 더욱 좋아요.

원형 테이블은 날카로운 모서리가 없어서 이동하기 편하고, 좁은 다이닝 공간에 두면 좋습니다.

확장하면 원형 테이블이 타원형으로 바뀌어서 손님과 서빙용 접시를 위한 추가 공간이 생겨요.

푹신한 패드와 적절한 각도의 등받이 덕분에 식사시간이 길어져도 편안합니다.

편안한 쿠션형 시트는 지지력이 좋은 폼이 들어 있고, 부드러운 베이지/그레이 TIBBELBY 티벨뷔 패브릭을 씌웠습니다. 패브릭은 부드럽고 섬세한 광택과 은은한 헤링본 무늬가 돋보입니다.

챔퍼 처리한 다리와 갈빗살의 두께가 다양한 등받이 같은 디테일 덕분에 각 NÄSINGE 네싱에 의자가 테이블 둘레에서 매력적이고 아름답게 보입니다.

커버를 쉽게 벗겨서 물세탁할 수 있습니다.

튼튼하고 내구성 좋은 의자프레임은 원목 하드우드로 만들었습니다.

참고
실내에서만 사용하세요.
4-6인용.
자체 보관 일체형 확장 상판 1개가 포함되어 있어요.
커버는 벗겨서 세탁할 수 있습니다.
의자를 조립하려면 비트 드라이버가 필요합니다. TRIXIG 트릭시그 공구세트15종(별도 판매)에 포함되어 있어요.
바닥이 긁히는 것을 방지하려면 별도 판매되는 TRIXIG 트릭시그 바닥보호스티커를 사용하세요.","확장형테이블
상판/ 확장판: 파티클보드, 멜라민포일, 아크릴 페인트, 플라스틱 테두리, 페인트
레일,옆: 섬유판, 아크릴 페인트, 섬유판, 아크릴 페인트, 섬유판, 아크릴 페인트, 플라스틱 테두리
연장 레일: 섬유판, 아크릴 페인트, 플라스틱 테두리
보조 레일/ 기둥: 섬유판, 아크릴 페인트
홀더: 섬유판
하단 패널: 파티클보드, 페이퍼 포일, 아크릴 페인트, 플라스틱 테두리
다리: 원목, 접착제, 아크릴 페인트
의자
내화 안감/ 시트 안감: 폴리에스테르충전재
패브릭/ 커버: 폴리에스테르 100%(최소 90% 재활용)
프레임: 원목, 아크릴 페인트
시트: 섬유판, 폴리우레탄 폼 35kg/cu.m.","프레임의자
안정성을 위하여 조립 2주 후에 나사를 점검하고 필요한 경우 다시 조여주세요.
탈부착커버의자
세탁기 사용 가능, 최대 40°C, 표준 코스
표백하지 마세요.
건조기에 넣지 마세요.
다림질, 최대 150°C.
드라이클리닝, 표준 코스.
확장형테이블
순한 세제에 적신 천으로 닦으세요.
깨끗한 천으로 물기를 닦아주세요.","본 커버는 50,000회의 마모를 견뎌낼 수 있도록 시험을 거쳤습니다. 15,000회 이상을 견디는 제품은 집에서 매일 사용하는 가구에 적합하며, 30,000회 이상을 견디는 제품은 쉽게 마모되지 않습니다.내변색성 레벨 1~8 중 레벨 5~6 판정을 받은 커버입니다. 업계 표준에 따르면 가정용으로는 레벨 4 이상이 적합합니다.이 의자는 관련된 강도 및 내구성 표준을 준수하고 테스트를 거친 제품입니다. 테스트는 일반적인 제품의 사용 횟수와 110kg인 사용자를 기준으로 실시되었습니다.이 의자는 가정용으로 적합 판정을 받았으며 EN 12520 및 EN 1022의 내구성과 안전성 기준에 부합하는 제품입니다.",110.0,110.0,75.0,42.0,54.0,90.0,"이 제품은 7 개 패키지로 구성됩니다.
ROSENTORP 로센토르프 확장형테이블 제품 번호 605.682.59
이 제품은 여러 개의 패키지로 포장되어 있습니다.
폭: 73 cm
높이: 10 cm
길이: 115 cm
무게: 19.36 kg
패키지: 1
폭: 71 cm
높이: 13 cm
길이: 82 cm
무게: 17.50 kg
패키지: 1
폭: 33 cm
높이: 15 cm
길이: 60 cm
무게: 9.75 kg
패키지: 1
NÄSINGE 네싱에 의자 제품 번호 905.875.05
폭: 45 cm
높이: 12 cm
길이: 92 cm
무게: 6.85 kg
패키지: 4",,4.0,dining_table_set,IKEA,white,"modern,nordic,minimal",True,medium,True,"ROSENTORP 로센토르프 / NÄSINGE 네싱에 테이블+의자4, 화이트/Tibbleby 티블레뷔 베이지-그레이 화이트, 110/155 cm 튼튼한 다리는 원목으로 만들었으며, 매끄럽고 청소하기 쉬운 멜라민 테이블 상판과 조화를 이룹니다. 둘 다 여러 겹의 페인트로 마감하여 일상적인 마모에 강합니다.

둥근 모양의 테이블에서는 모두가 서로를 볼 수 있기 때문에 친목을 다지기에 더욱 좋아요.

원형 테이블은 날카로운 모서리가 없어서 이동하기 편하고, 좁은 다이닝 공간에 두면 좋습니다.

확장하면 원형 테이블이 타원형으로 바뀌어서 손님과 서빙용 접시를 위한 추가 공간이 생겨요.

푹신한 패드와 적절한 각도의 등받이 덕분에 식사시간이 길어져도 편안합니다.

편안한 쿠션형 시트는 지지력이 좋은 폼이 들어 있고, 부드러운 베이지/그레이 TIBBELBY 티벨뷔 패브릭을 씌웠습니다. 패브릭은 부드럽고 섬세한 광택과 은은한 헤링본 무늬가 돋보입니다.

챔퍼 처리한 다리와 갈빗살의 두께가 다양한 등받이 같은 디테일 덕분에 각 NÄSINGE 네싱에 의자가 테이블 둘레에서 매력적이고 아름답게 보입니다.

커버를 쉽게 벗겨서 물세탁할 수 있습니다.

튼튼하고 내구성 좋은 의자프레임은 원목 하드우드로 만들었습니다.

참고
실내에서만 사용하세요.
4-6인용.
자체 보관 일체형 확장 상판 1개가 포함되어 있어요.
커버는 벗겨서 세탁할 수 있습니다.
의자를 조립하려면 비트 드라이버가 필요합니다. TRIXIG 트릭시그 공구세트15종(별도 판매)에 포함되어 있어요.
바닥이 긁히는 것을 방지하려면 별도 판매되는 TRIXIG 트릭시그 바닥보호스티커를 사용하세요. 확장형테이블
상판/ 확장판: 파티클보드, 멜라민포일, 아크릴 페인트, 플라스틱 테두리, 페인트
레일,옆: 섬유판, 아크릴 페인트, 섬유판, 아크릴 페인트, 섬유판, 아크릴 페인트, 플라스틱 테두리
연장 레일: 섬유판, 아크릴 페인트, 플라스틱 테두리
보조 레일/ 기둥: 섬유판, 아크릴 페인트
홀더: 섬유판
하단 패널: 파티클보드, 페이퍼 포일, 아크릴 페인트, 플라스틱 테두리
다리: 원목, 접착제, 아크릴 페인트
의자
내화 안감/ 시트 안감: 폴리에스테르충전재
패브릭/ 커버: 폴리에스테르 100%(최소 90% 재활용)
프레임: 원목, 아크릴 페인트
시트: 섬유판, 폴리우레탄 폼 35kg/cu.m. 프레임의자
안정성을 위하여 조립 2주 후에 나사를 점검하고 필요한 경우 다시 조여주세요.
탈부착커버의자
세탁기 사용 가능, 최대 40°C, 표준 코스
표백하지 마세요.
건조기에 넣지 마세요.
다림질, 최대 150°C.
드라이클리닝, 표준 코스.
확장형테이블
순한 세제에 적신 천으로 닦으세요.
깨끗한 천으로 물기를 닦아주세요. "
"ROSENTORP 로센토르프 / NÄSINGE 네싱에 테이블+의자6, 화이트/Tibbleby 티블레뷔 베이지-그레이 화이트, 160/215x110 cm",https://www.ikea.com/kr/ko/p/rosentorp-naesinge-table-and-6-chairs-white-tibbleby-beige-grey-white-s69611668/,"https://www.ikea.com/pimg/1440800_pe986038_s5.jpg?f=xxs,https://www.ikea.com/pimg/1440900_pe986108_s5.jpg?f=xxs",1108400,1178400.0,0.0,0.0,696.116.68,"원형 테이블과 비교하여 타원형은 서빙용 접시를 놓을 공간이 더 많고, 추가적인 공간 폭이 필요하지 않으면서 더 많은 사람이 앉을 수 있어서 많은 사람이 모일 때 좋아요.

타원형은 원형 테이블처럼 더 친밀하고 즐거운 식사 분위기를 만들고, 앉을 공간도 더 많이 생겨요.

튼튼한 다리는 원목으로 만들었으며, 매끄럽고 청소하기 쉬운 멜라민 테이블 상판과 조화를 이룹니다. 둘 다 여러 겹의 페인트로 마감하여 일상적인 마모에 강합니다.

푹신한 패드와 적절한 각도의 등받이 덕분에 식사시간이 길어져도 편안합니다.

편안한 쿠션형 시트는 지지력이 좋은 폼이 들어 있고, 부드러운 베이지/그레이 TIBBELBY 티벨뷔 패브릭을 씌웠습니다. 패브릭은 부드럽고 섬세한 광택과 은은한 헤링본 무늬가 돋보입니다.

커버를 쉽게 벗겨서 물세탁할 수 있습니다.

챔퍼 처리한 다리와 갈빗살의 두께가 다양한 등받이 같은 디테일 덕분에 각 NÄSINGE 네싱에 의자가 테이블 둘레에서 매력적이고 아름답게 보입니다.

튼튼하고 내구성 좋은 의자프레임은 원목 하드우드로 만들었습니다.

실내에서만 사용하세요.

6-8인용.

자체 보관 일체형 확장 상판 1개가 포함되어 있어요.

커버는 벗겨서 세탁할 수 있습니다.

의자를 조립하려면 비트 드라이버가 필요합니다. TRIXIG 트릭시그 공구세트15종(별도 판매)에 포함되어 있어요.

바닥이 긁히는 것을 방지하려면 별도 판매되는 TRIXIG 트릭시그 바닥보호스티커를 사용하세요.","확장형테이블 상판/ 확장판: 파티클보드, 멜라민포일, 아크릴 페인트, 플라스틱 테두리, 페인트
레일,옆: 섬유판, 아크릴 페인트, 섬유판, 아크릴 페인트, 섬유판, 아크릴 페인트, 플라스틱 테두리
엔드 레일/ 하단 패널: 파티클보드, 페이퍼 포일, 아크릴 페인트, 플라스틱 테두리
연장 레일: 섬유판, 아크릴 페인트, 플라스틱 테두리
기둥: 섬유판, 아크릴 페인트
중간 레일/ 다리: 원목, 접착제, 아크릴 페인트
의자 내화 안감/ 시트 안감: 폴리에스테르충전재
패브릭/ 커버: 폴리에스테르 100%(최소 90% 재활용)
프레임: 원목, 아크릴 페인트
시트: 섬유판, 폴리우레탄 폼 35kg/cu.m.","프레임의자: 안정성을 위하여 조립 2주 후에 나사를 점검하고 필요한 경우 다시 조여주세요.
탈부착커버의자: 세탁기 사용 가능, 최대 40°C, 표준 코스, 표백하지 마세요, 건조기에 넣지 마세요, 다림질, 최대 150°C, 드라이클리닝, 표준 코스.
확장형테이블: 순한 세제에 적신 천으로 닦으세요, 깨끗한 천으로 물기를 닦아주세요.","본 커버는 50,000회의 마모를 견뎌낼 수 있도록 시험을 거쳤습니다. 15,000회 이상을 견디는 제품은 집에서 매일 사용하는 가구에 적합하며, 30,000회 이상을 견디는 제품은 쉽게 마모되지 않습니다.내변색성 레벨 1~8 중 레벨 5~6 판정을 받은 커버입니다. 업계 표준에 따르면 가정용으로는 레벨 4 이상이 적합합니다.이 의자는 관련된 강도 및 내구성 표준을 준수하고 테스트를 거친 제품입니다. 테스트는 일반적인 제품의 사용 횟수와 110kg인 사용자를 기준으로 실시되었습니다.이 의자는 가정용으로 적합 판정을 받았으며 EN 12520 및 EN 1022의 내구성과 안전성 기준에 부합하는 제품입니다.",215.0,110.0,75.0,42.0,54.0,90.0,"이 제품은 10 개 패키지로 구성됩니다.
ROSENTORP 로센토르프 확장형테이블 제품 번호 005.682.57 폭: 47 cm 높이: 17 cm 길이: 65 cm 무게: 17.75 kg 패키지: 1
폭: 77 cm 높이: 13 cm 길이: 127 cm 무게: 26.26 kg 패키지: 1
폭: 84 cm 높이: 9 cm 길이: 115 cm 무게: 13.08 kg 패키지: 1
폭: 84 cm 높이: 9 cm 길이: 115 cm 무게: 13.08 kg 패키지: 1
NÄSINGE 네싱에 의자 제품 번호 905.875.05 폭: 45 cm 높이: 12 cm 길이: 92 cm 무게: 6.85 kg 패키지: 6",,6.0,dining_table_set,IKEA,white,"modern,nordic,minimal",True,medium,True,"ROSENTORP 로센토르프 / NÄSINGE 네싱에 테이블+의자6, 화이트/Tibbleby 티블레뷔 베이지-그레이 화이트, 160/215x110 cm 원형 테이블과 비교하여 타원형은 서빙용 접시를 놓을 공간이 더 많고, 추가적인 공간 폭이 필요하지 않으면서 더 많은 사람이 앉을 수 있어서 많은 사람이 모일 때 좋아요.

타원형은 원형 테이블처럼 더 친밀하고 즐거운 식사 분위기를 만들고, 앉을 공간도 더 많이 생겨요.

튼튼한 다리는 원목으로 만들었으며, 매끄럽고 청소하기 쉬운 멜라민 테이블 상판과 조화를 이룹니다. 둘 다 여러 겹의 페인트로 마감하여 일상적인 마모에 강합니다.

푹신한 패드와 적절한 각도의 등받이 덕분에 식사시간이 길어져도 편안합니다.

편안한 쿠션형 시트는 지지력이 좋은 폼이 들어 있고, 부드러운 베이지/그레이 TIBBELBY 티벨뷔 패브릭을 씌웠습니다. 패브릭은 부드럽고 섬세한 광택과 은은한 헤링본 무늬가 돋보입니다.

커버를 쉽게 벗겨서 물세탁할 수 있습니다.

챔퍼 처리한 다리와 갈빗살의 두께가 다양한 등받이 같은 디테일 덕분에 각 NÄSINGE 네싱에 의자가 테이블 둘레에서 매력적이고 아름답게 보입니다.

튼튼하고 내구성 좋은 의자프레임은 원목 하드우드로 만들었습니다.

실내에서만 사용하세요.

6-8인용.

자체 보관 일체형 확장 상판 1개가 포함되어 있어요.

커버는 벗겨서 세탁할 수 있습니다.

의자를 조립하려면 비트 드라이버가 필요합니다. TRIXIG 트릭시그 공구세트15종(별도 판매)에 포함되어 있어요.

바닥이 긁히는 것을 방지하려면 별도 판매되는 TRIXIG 트릭시그 바닥보호스티커를 사용하세요. 확장형테이블 상판/ 확장판: 파티클보드, 멜라민포일, 아크릴 페인트, 플라스틱 테두리, 페인트
레일,옆: 섬유판, 아크릴 페인트, 섬유판, 아크릴 페인트, 섬유판, 아크릴 페인트, 플라스틱 테두리
엔드 레일/ 하단 패널: 파티클보드, 페이퍼 포일, 아크릴 페인트, 플라스틱 테두리
연장 레일: 섬유판, 아크릴 페인트, 플라스틱 테두리
기둥: 섬유판, 아크릴 페인트
중간 레일/ 다리: 원목, 접착제, 아크릴 페인트
의자 내화 안감/ 시트 안감: 폴리에스테르충전재
패브릭/ 커버: 폴리에스테르 100%(최소 90% 재활용)
프레임: 원목, 아크릴 페인트
시트: 섬유판, 폴리우레탄 폼 35kg/cu.m. 프레임의자: 안정성을 위하여 조립 2주 후에 나사를 점검하고 필요한 경우 다시 조여주세요.
탈부착커버의자: 세탁기 사용 가능, 최대 40°C, 표준 코스, 표백하지 마세요, 건조기에 넣지 마세요, 다림질, 최대 150°C, 드라이클리닝, 표준 코스.
확장형테이블: 순한 세제에 적신 천으로 닦으세요, 깨끗한 천으로 물기를 닦아주세요. "
"NÄSINGE 네싱에 테이블, 화이트, 130x80 cm",https://www.ikea.com/kr/ko/p/naesinge-table-white-50587507/,"https://www.ikea.com/pimg/1393642_pe966305_s5.jpg?f=xxs,https://www.ikea.com/pimg/1445378_pe988178_s5.jpg?f=xxs",179000,199000.0,4.4,18.0,505.875.07,"NÄSINGE 네싱에 테이블은 챔퍼 처리한 다리, 가장자리가 근사한 상판 등 정교한 디테일이 특징입니다. 뾰족한 모서리를 부드럽게 만들면서 우아함과 고전적인 매력을 더해줍니다.

견고한 목재 다리와 기능적이며 젖은 천으로 쉽게 닦을 수 있는 래커 처리된 매끄러운 멜라민 상판으로 이루어진 안정적인 구조입니다.

NÄSINGE 네싱에 의자와 완벽하게 어우러지도록 디자인했어요. NORDVIKEN 노르드비켄, BERGMUND 베리문드 의자와도 잘 어울려 색다른 스타일로 연출하기 좋아요.

IDANÄS 이다네스 시리즈의 수납가구와 잘 어울리며, 스타일, 컬러, 소재 면에서 조화롭습니다.

실내에서만 사용하세요.

4인용.

바닥 긁힘 방지용 플라스틱 다리 4개 포함.

이 테이블을 조립하려면 비트 드라이버가 필요합니다. TRIXIG 트릭시그 공구세트15종(별도 판매)에 포함되어 있어요.

별도 판매되는 NÄSINGE 네싱에, NORDVIKEN 노르드비켄, BERGMUND 베리문드 의자와 잘 어울립니다.","상판:
파티클보드, 아크릴 페인트, 멜라민포일, 플라스틱 테두리, 페인트

하단 프레임/ 다리:
원목, 접착제, 아크릴 페인트","순한 세제에 적신 천으로 닦으세요.

깨끗한 천으로 물기를 닦아주세요.

안정성을 위하여 조립 2주 후에 나사를 점검하고 필요한 경우 다시 조여주세요.",,130.0,80.0,75.0,,,,"NÄSINGE 네싱에 테이블 제품 번호 505.875.07
폭: 84 cm
높이: 7 cm
길이: 134 cm
무게: 23.08 kg
패키지: 1","상판에 흠집이 너무 잘 생겨요
인증된 구매자
손톱으로 긁어도 코팅(?)에 흠집이 생기는데 원래 이런건가요...? 조립은 혼자서 굳이 하려면 할 수는 있겠지만 상판이 무겁기 때문에 2명이 하는걸 추천합니다. 이케아답게 나사 1개는 안 들어가네요.",,dining_table_set,IKEA,white,"modern,nordic,minimal",False,medium,True,"NÄSINGE 네싱에 테이블, 화이트, 130x80 cm NÄSINGE 네싱에 테이블은 챔퍼 처리한 다리, 가장자리가 근사한 상판 등 정교한 디테일이 특징입니다. 뾰족한 모서리를 부드럽게 만들면서 우아함과 고전적인 매력을 더해줍니다.

견고한 목재 다리와 기능적이며 젖은 천으로 쉽게 닦을 수 있는 래커 처리된 매끄러운 멜라민 상판으로 이루어진 안정적인 구조입니다.

NÄSINGE 네싱에 의자와 완벽하게 어우러지도록 디자인했어요. NORDVIKEN 노르드비켄, BERGMUND 베리문드 의자와도 잘 어울려 색다른 스타일로 연출하기 좋아요.

IDANÄS 이다네스 시리즈의 수납가구와 잘 어울리며, 스타일, 컬러, 소재 면에서 조화롭습니다.

실내에서만 사용하세요.

4인용.

바닥 긁힘 방지용 플라스틱 다리 4개 포함.

이 테이블을 조립하려면 비트 드라이버가 필요합니다. TRIXIG 트릭시그 공구세트15종(별도 판매)에 포함되어 있어요.

별도 판매되는 NÄSINGE 네싱에, NORDVIKEN 노르드비켄, BERGMUND 베리문드 의자와 잘 어울립니다. 상판:
파티클보드, 아크릴 페인트, 멜라민포일, 플라스틱 테두리, 페인트

하단 프레임/ 다리:
원목, 접착제, 아크릴 페인트 순한 세제에 적신 천으로 닦으세요.

깨끗한 천으로 물기를 닦아주세요.

안정성을 위하여 조립 2주 후에 나사를 점검하고 필요한 경우 다시 조여주세요. 상판에 흠집이 너무 잘 생겨요
인증된 구매자
손톱으로 긁어도 코팅(?)에 흠집이 생기는데 원래 이런건가요...? 조립은 혼자서 굳이 하려면 할 수는 있겠지만 상판이 무겁기 때문에 2명이 하는걸 추천합니다. 이케아답게 나사 1개는 안 들어가네요."
"NÄSINGE 네싱에 의자, 화이트/티블레뷔 베이지-그레이",https://www.ikea.com/kr/ko/p/naesinge-chair-white-tibbleby-beige-grey-90587505/,"https://www.ikea.com/kr/ko/images/products/naesinge-chair-white-tibbleby-beige-grey__1393638_pe966307_s5.jpg?f=xxs,https://www.ikea.com/kr/ko/images/products/naesinge-chair-white-tibbleby-beige-grey__1445378_pe988178_s5.jpg?f=xxs",79900,,4.5,121.0,905.875.05,"챔퍼 처리한 다리와 갈빗살의 두께가 다양한 등받이 같은 디테일 덕분에 각 NÄSINGE 네싱에 의자가 테이블 둘레에서 매력적이고 아름답게 보입니다.

편안한 쿠션형 시트는 지지력이 좋은 폼이 들어 있고, 부드러운 베이지/그레이 TIBBELBY 티벨뷔 패브릭을 씌웠습니다. 패브릭은 부드럽고 섬세한 광택과 은은한 헤링본 무늬가 돋보입니다.

푹신한 패드와 적절한 각도의 등받이 덕분에 식사시간이 길어져도 편안합니다.

커버를 쉽게 벗겨서 물세탁할 수 있습니다.

튼튼하고 내구성 좋은 의자프레임은 원목 하드우드로 만들었습니다.

실내에서만 사용하세요.

커버는 벗겨서 세탁할 수 있습니다.

의자를 조립하려면 비트 드라이버가 필요합니다. TRIXIG 트릭시그 공구세트15종(별도 판매)에 포함되어 있어요.

바닥이 긁히는 것을 방지하려면 별도 판매되는 TRIXIG 트릭시그 바닥보호스티커를 사용하세요.","내화 안감/ 시트 안감: 폴리에스테르충전재
패브릭/ 커버: 폴리에스테르 100%(최소 90% 재활용)
프레임: 원목, 아크릴 페인트
시트: 섬유판, 폴리우레나 폼 35kg/cu.m.","탈부착커버
세탁기 사용 가능, 최대 40°C, 표준 코스
표백하지 마세요.
건조기에 넣지 마세요.
다림질, 최대 150°C.
드라이클리닝, 표준 코스.

프레임
안정성을 위하여 조립 2주 후에 나사를 점검하고 필요한 경우 다시 조여주세요.","본 커버는 50,000회의 마모를 견뎌낼 수 있도록 시험을 거쳤습니다. 15,000회 이상을 견디는 제품은 집에서 매일 사용하는 가구에 적합하며, 30,000회 이상을 견디는 제품은 쉽게 마모되지 않습니다.내변색성 레벨 1~8 중 레벨 5~6 판정을 받은 커버입니다. 업계 표준에 따르면 가정용으로는 레벨 4 이상이 적합합니다.이 의자는 관련된 강도 및 내구성 표준을 준수하고 테스트를 거친 제품입니다. 테스트는 일반적인 제품의 사용 횟수와 110kg인 사용자를 기준으로 실시되었습니다.이 의자는 가정용으로 적합 판정을 받았으며 EN 12520 및 EN 1022의 내구성과 안전성 기준에 부합하는 제품입니다.",,,,42.0,54.0,90.0,NÄSINGE 네싱에 의자 제품 번호 905.875.05 폭: 45 cm 높이: 12 cm 길이: 92 cm 무게: 6.85 kg 패키지: 1,"견고하고 조립간편
안정감있고 조립도아주 쉽습니다. 필요한 공구도 함께옵니다. 가격은 다른제품이나 마찬가지로 가성비 최고~

네싱에 식탁의자 좋아요.
네싱에 식탁의자 좋아요. 조립도 어렵지 않고 편해요",,dining_table_set,IKEA,white,"modern,nordic,minimal",True,medium,True,"NÄSINGE 네싱에 의자, 화이트/티블레뷔 베이지-그레이 챔퍼 처리한 다리와 갈빗살의 두께가 다양한 등받이 같은 디테일 덕분에 각 NÄSINGE 네싱에 의자가 테이블 둘레에서 매력적이고 아름답게 보입니다.

편안한 쿠션형 시트는 지지력이 좋은 폼이 들어 있고, 부드러운 베이지/그레이 TIBBELBY 티벨뷔 패브릭을 씌웠습니다. 패브릭은 부드럽고 섬세한 광택과 은은한 헤링본 무늬가 돋보입니다.

푹신한 패드와 적절한 각도의 등받이 덕분에 식사시간이 길어져도 편안합니다.

커버를 쉽게 벗겨서 물세탁할 수 있습니다.

튼튼하고 내구성 좋은 의자프레임은 원목 하드우드로 만들었습니다.

실내에서만 사용하세요.

커버는 벗겨서 세탁할 수 있습니다.

의자를 조립하려면 비트 드라이버가 필요합니다. TRIXIG 트릭시그 공구세트15종(별도 판매)에 포함되어 있어요.

바닥이 긁히는 것을 방지하려면 별도 판매되는 TRIXIG 트릭시그 바닥보호스티커를 사용하세요. 내화 안감/ 시트 안감: 폴리에스테르충전재
패브릭/ 커버: 폴리에스테르 100%(최소 90% 재활용)
프레임: 원목, 아크릴 페인트
시트: 섬유판, 폴리우레나 폼 35kg/cu.m. 탈부착커버
세탁기 사용 가능, 최대 40°C, 표준 코스
표백하지 마세요.
건조기에 넣지 마세요.
다림질, 최대 150°C.
드라이클리닝, 표준 코스.

프레임
안정성을 위하여 조립 2주 후에 나사를 점검하고 필요한 경우 다시 조여주세요. 견고하고 조립간편
안정감있고 조립도아주 쉽습니다. 필요한 공구도 함께옵니다. 가격은 다른제품이나 마찬가지로 가성비 최고~

네싱에 식탁의자 좋아요.
네싱에 식탁의자 좋아요. 조립도 어렵지 않고 편해요"
"NÄSINGE 네싱에 테이블, 다크브라운 스테인/너도밤나무무늬목, 120 cm",https://www.ikea.com/kr/ko/p/naesinge-table-dark-brown-stained-beech-veneer-70587530/,"https://www.ikea.com/kr/ko/images/products/naesinge-table-dark-brown-stained-beech-veneer__1393643_pe966306_s5.jpg?f=xxs,https://www.ikea.com/kr/ko/images/products/naesinge-table-dark-brown-stained-beech-veneer__1445398_pe988208_s5.jpg?f=xxs",242000,269000.0,4.1,9.0,705.875.30,"NÄSINGE 네싱에 테이블은 챔퍼 처리한 다리, 가장자리가 근사한 상판 등 정교한 디테일이 특징입니다. 뾰족한 모서리를 부드럽게 만들면서 우아함과 고전적인 매력을 더해줍니다.

둥근 모양의 테이블에서는 모두가 서로를 볼 수 있기 때문에 친목을 다지기에 더욱 좋아요.

견고한 목재 다리와 천연 목재 무늬목 표면으로 이루어진 안정적인 구조, 얼룩과 마모를 방지하기 위해 여러 겹으로 스테인 및 래커 처리하여 걱정 없이 매 순간을 즐길 수 있어요.

테이블마다 나무 특유의 다양한 나뭇결과 자연스러운 색감을 고스란히 담고 있어 독특한 매력을 느낄 수 있어요.

NÄSINGE 네싱에 의자와 완벽하게 어우러지도록 디자인했어요. BERGMUND 베리문드 의자는 다른 스타일과도 잘 어울려요.

IDANÄS 이다네스 시리즈의 수납가구와 잘 어울리며, 스타일, 컬러, 소재 면에서 조화롭습니다.

실내에서만 사용하세요.

4인용.

테이블 상판이 반으로 분리되므로 컴팩트한 포장으로 간편하게 운송할 수 있습니다.

바닥 긁힘 방지용 플라스틱 다리 4개 포함.

이 테이블을 조립하려면 비트 드라이버가 필요합니다. TRIXIG 트릭시그 공구세트15종(별도 판매)에 포함되어 있어요.

별도로 판매되는 NÄSINGE 네싱에, BERGMUND 베리문드 의자와 잘 어울립니다.","상판: 파티클보드, 투명 아크릴 래커, 섬유판, 페이퍼 포일, 너도밤나무 무늬목, 스테인, 투명래커
하단 프레임/ 다리: 원목, 접착제, 스테인, 투명 아크릴 래커","순한 세제에 적신 천으로 닦으세요.
깨끗한 천으로 물기를 닦아주세요.
안정성을 위하여 조립 2주 후에 나사를 점검하고 필요한 경우 다시 조여주세요.",,120.0,,75.0,,,,"이 제품은 2 개 패키지로 구성됩니다.

NÄSINGE 네싱에 테이블 제품 번호 705.875.30
이 제품은 여러 개의 패키지로 포장되어 있습니다.

폭: 35 cm
높이: 5 cm
길이: 92 cm
무게: 8.00 kg
패키지: 1

폭: 68 cm
높이: 5 cm
길이: 124 cm
무게: 17.55 kg
패키지: 1",최악인증된 구매자카레 묻어도 안지워지고 김치국 안지워짐 심지어 컵 자국 ... 컵 뜨거운것도 아닌데... 아니 식탁인데 이래서 뭐 식탁으로 쓸 수 있을까요? 그리고 사진으론 안보였는데 중간에 선 이 있음.... 이물질 낌 주의1,,dining_table_set,IKEA,dark_wood,"modern,nordic,minimal",False,medium,True,"NÄSINGE 네싱에 테이블, 다크브라운 스테인/너도밤나무무늬목, 120 cm NÄSINGE 네싱에 테이블은 챔퍼 처리한 다리, 가장자리가 근사한 상판 등 정교한 디테일이 특징입니다. 뾰족한 모서리를 부드럽게 만들면서 우아함과 고전적인 매력을 더해줍니다.

둥근 모양의 테이블에서는 모두가 서로를 볼 수 있기 때문에 친목을 다지기에 더욱 좋아요.

견고한 목재 다리와 천연 목재 무늬목 표면으로 이루어진 안정적인 구조, 얼룩과 마모를 방지하기 위해 여러 겹으로 스테인 및 래커 처리하여 걱정 없이 매 순간을 즐길 수 있어요.

테이블마다 나무 특유의 다양한 나뭇결과 자연스러운 색감을 고스란히 담고 있어 독특한 매력을 느낄 수 있어요.

NÄSINGE 네싱에 의자와 완벽하게 어우러지도록 디자인했어요. BERGMUND 베리문드 의자는 다른 스타일과도 잘 어울려요.

IDANÄS 이다네스 시리즈의 수납가구와 잘 어울리며, 스타일, 컬러, 소재 면에서 조화롭습니다.

실내에서만 사용하세요.

4인용.

테이블 상판이 반으로 분리되므로 컴팩트한 포장으로 간편하게 운송할 수 있습니다.

바닥 긁힘 방지용 플라스틱 다리 4개 포함.

이 테이블을 조립하려면 비트 드라이버가 필요합니다. TRIXIG 트릭시그 공구세트15종(별도 판매)에 포함되어 있어요.

별도로 판매되는 NÄSINGE 네싱에, BERGMUND 베리문드 의자와 잘 어울립니다. 상판: 파티클보드, 투명 아크릴 래커, 섬유판, 페이퍼 포일, 너도밤나무 무늬목, 스테인, 투명래커
하단 프레임/ 다리: 원목, 접착제, 스테인, 투명 아크릴 래커 순한 세제에 적신 천으로 닦으세요.
깨끗한 천으로 물기를 닦아주세요.
안정성을 위하여 조립 2주 후에 나사를 점검하고 필요한 경우 다시 조여주세요. 최악인증된 구매자카레 묻어도 안지워지고 김치국 안지워짐 심지어 컵 자국 ... 컵 뜨거운것도 아닌데... 아니 식탁인데 이래서 뭐 식탁으로 쓸 수 있을까요? 그리고 사진으론 안보였는데 중간에 선 이 있음.... 이물질 낌 주의1"
"NÄSINGE 네싱에 테이블, 다크브라운 스테인/너도밤나무무늬목, 80x60 cm",https://www.ikea.com/kr/ko/p/naesinge-table-dark-brown-stained-beech-veneer-90587534/,"https://www.ikea.com/kr/ko/images/products/naesinge-table-dark-brown-stained-beech-veneer__1393633_pe966296_s5.jpg?f=xxs,https://www.ikea.com/kr/ko/images/products/naesinge-table-dark-brown-stained-beech-veneer__1445385_pe988183_s5.jpg?f=xxs",152000,169000.0,4.5,26.0,905.875.34,"NÄSINGE 네싱에 테이블은 챔퍼 처리한 다리, 가장자리가 근사한 상판 등 정교한 디테일이 특징입니다. 뾰족한 모서리를 부드럽게 만들면서 우아함과 고전적인 매력을 더해줍니다.

견고한 목재 다리와 천연 목재 무늬목 표면으로 이루어진 안정적인 구조, 얼룩과 마모를 방지하기 위해 여러 겹으로 스테인 및 래커 처리하여 걱정 없이 매 순간을 즐길 수 있어요.

테이블마다 나무 특유의 다양한 나뭇결과 자연스러운 색감을 고스란히 담고 있어 독특한 매력을 느낄 수 있어요.

NÄSINGE 네싱에 의자와 완벽하게 어우러지도록 디자인했어요. BERGMUND 베리문드 의자는 다른 스타일과도 잘 어울려요.

IDANÄS 이다네스 시리즈의 수납가구와 잘 어울리며, 스타일, 컬러, 소재 면에서 조화롭습니다.

참고:
실내에서만 사용하세요.
2인용.
바닥 긁힘 방지용 플라스틱 다리 4개 포함.
이 테이블을 조립하려면 비트 드라이버가 필요합니다. TRIXIG 트릭시그 공구세트15종(별도 판매)에 포함되어 있어요.
별도로 판매되는 NÄSINGE 네싱에, BERGMUND 베리문드 의자와 잘 어울립니다.","상판: 파티클보드, 투명 아크릴 래커, 섬유판, 페이퍼 포일, 너도밤나무 무늬목, 스테인, 투명래커
하단 프레임/ 다리: 원목, 접착제, 스테인, 투명 아크릴 래커","순한 세제에 적신 천으로 닦으세요.
깨끗한 천으로 물기를 닦아주세요.
안정성을 위하여 조립 2주 후에 나사를 점검하고 필요한 경우 다시 조여주세요.",,60.0,80.0,75.0,,,,"이 제품은 1 개 패키지로 구성됩니다.
NÄSINGE 네싱에 테이블 제품 번호 905.875.34
폭: 64 cm
높이: 7 cm
길이: 85 cm
무게: 14.85 kg
패키지: 1","☆ 깔끔, 단순하며, 무겁지 않아 이동용이합니다
인증된 구매자- style,색상 white 좋으며, 설치(..해당업체 설치)후 견고합니다5
인증된 구매자, 대한민국

(리뷰 26개 중 일부 발췌)""]",,dining_table_set,IKEA,dark_wood,"modern,nordic,minimal",False,medium,True,"NÄSINGE 네싱에 테이블, 다크브라운 스테인/너도밤나무무늬목, 80x60 cm NÄSINGE 네싱에 테이블은 챔퍼 처리한 다리, 가장자리가 근사한 상판 등 정교한 디테일이 특징입니다. 뾰족한 모서리를 부드럽게 만들면서 우아함과 고전적인 매력을 더해줍니다.

견고한 목재 다리와 천연 목재 무늬목 표면으로 이루어진 안정적인 구조, 얼룩과 마모를 방지하기 위해 여러 겹으로 스테인 및 래커 처리하여 걱정 없이 매 순간을 즐길 수 있어요.

테이블마다 나무 특유의 다양한 나뭇결과 자연스러운 색감을 고스란히 담고 있어 독특한 매력을 느낄 수 있어요.

NÄSINGE 네싱에 의자와 완벽하게 어우러지도록 디자인했어요. BERGMUND 베리문드 의자는 다른 스타일과도 잘 어울려요.

IDANÄS 이다네스 시리즈의 수납가구와 잘 어울리며, 스타일, 컬러, 소재 면에서 조화롭습니다.

참고:
실내에서만 사용하세요.
2인용.
바닥 긁힘 방지용 플라스틱 다리 4개 포함.
이 테이블을 조립하려면 비트 드라이버가 필요합니다. TRIXIG 트릭시그 공구세트15종(별도 판매)에 포함되어 있어요.
별도로 판매되는 NÄSINGE 네싱에, BERGMUND 베리문드 의자와 잘 어울립니다. 상판: 파티클보드, 투명 아크릴 래커, 섬유판, 페이퍼 포일, 너도밤나무 무늬목, 스테인, 투명래커
하단 프레임/ 다리: 원목, 접착제, 스테인, 투명 아크릴 래커 순한 세제에 적신 천으로 닦으세요.
깨끗한 천으로 물기를 닦아주세요.
안정성을 위하여 조립 2주 후에 나사를 점검하고 필요한 경우 다시 조여주세요. ☆ 깔끔, 단순하며, 무겁지 않아 이동용이합니다
인증된 구매자- style,색상 white 좋으며, 설치(..해당업체 설치)후 견고합니다5
인증된 구매자, 대한민국

(리뷰 26개 중 일부 발췌)""]"
"NÄSINGE 네싱에 / NÄSINGE 네싱에 테이블+의자4, 다크브라운스테인 너도밤나무 무늬목/다크브라운스테인 실란다 라이트베이지, 120 cm",https://www.ikea.com/kr/ko/p/naesinge-naesinge-table-and-4-chairs-dark-brown-stained-beech-veneer-dark-brown-stained-kilanda-light-beige-s89602352/,"https://www.ikea.com/pimg/1427891_pe980625_s5.jpg?f=xxs,https://www.ikea.com/pimg/1445398_pe988208_s5.jpg?f=xxs",561600,588600.0,,,896.023.52,"실내에서만 사용하세요.
4인용.
커버는 벗겨서 세탁할 수 있습니다.
이 제품을 조립하려면 드라이버가 필요합니다. TRIXIG 트릭시그 공구세트15종(별도 판매)에 포함되어 있어요.","테이블 상판: 파티클보드, 투명 아크릴 래커, 섬유판, 페이퍼 포일, 너도밤나무 무늬목, 스테인, 투명래커
하단 프레임/ 다리: 원목, 접착제, 스테인, 투명 아크릴 래커
의자 내화 안감/ 시트 안감: 폴리에스테르충전재
패브릭/ 커버: 폴리에스테르 100%(최소 90% 재활용)
프레임: 원목, 스테인, 투명 아크릴 래커
시트: 섬유판, 폴리우레탄 폼 35kg/cu.m.","탈부착커버의자: 세탁기 사용 가능, 최대 40°C, 표준 코스. 표백하지 마세요. 건조기에 넣지 마세요. 다림질, 최대 150°C. 드라이클리닝, 표준 코스.
테이블: 순한 세제에 적신 천으로 닦으세요. 깨끗한 천으로 물기를 닦아주세요. 안정성을 위하여 조립 2주 후에 나사를 점검하고 필요한 경우 다시 조여주세요.","본 의자는 가정용으로 적합한지 확인하는 테스트를 마쳤으며 EN 12520, EN 1022의 안전성 및 내구성, 안정성 기준에 부합하는 제품입니다. 내변색성(색 바램을 견디는 능력) 레벨 1-8 중 레벨 6 판정을 받은 커버입니다. 업계 표준에 따르면 가정용으로는 레벨 4 이상이 적합합니다. 55,000 사이클의 마모성 테스트를 완료한 커버입니다. 15,000 사이클 이상이면 집에서 매일 쓰는 가구용으로 적합합니다. 30,000 사이클 이상 견디는 제품은 마모 방지 기능이 매우 탁월합니다.",120.0,120.0,75.0,42.0,53.0,90.0,"이 제품은 6 개 패키지로 구성됩니다.
NÄSINGE 네싱에 테이블 제품 번호 705.875.30
폭: 35 cm, 높이: 5 cm, 길이: 92 cm, 무게: 8.00 kg, 패키지: 1
폭: 68 cm, 높이: 5 cm, 길이: 124 cm, 무게: 17.55 kg, 패키지: 1
NÄSINGE 네싱에 의자 제품 번호 205.875.04
폭: 45 cm, 높이: 12 cm, 길이: 92 cm, 무게: 6.85 kg, 패키지: 4",,4.0,dining_table_set,IKEA,light_wood,"modern,nordic,minimal",True,medium,True,"NÄSINGE 네싱에 / NÄSINGE 네싱에 테이블+의자4, 다크브라운스테인 너도밤나무 무늬목/다크브라운스테인 실란다 라이트베이지, 120 cm 실내에서만 사용하세요.
4인용.
커버는 벗겨서 세탁할 수 있습니다.
이 제품을 조립하려면 드라이버가 필요합니다. TRIXIG 트릭시그 공구세트15종(별도 판매)에 포함되어 있어요. 테이블 상판: 파티클보드, 투명 아크릴 래커, 섬유판, 페이퍼 포일, 너도밤나무 무늬목, 스테인, 투명래커
하단 프레임/ 다리: 원목, 접착제, 스테인, 투명 아크릴 래커
의자 내화 안감/ 시트 안감: 폴리에스테르충전재
패브릭/ 커버: 폴리에스테르 100%(최소 90% 재활용)
프레임: 원목, 스테인, 투명 아크릴 래커
시트: 섬유판, 폴리우레탄 폼 35kg/cu.m. 탈부착커버의자: 세탁기 사용 가능, 최대 40°C, 표준 코스. 표백하지 마세요. 건조기에 넣지 마세요. 다림질, 최대 150°C. 드라이클리닝, 표준 코스.
테이블: 순한 세제에 적신 천으로 닦으세요. 깨끗한 천으로 물기를 닦아주세요. 안정성을 위하여 조립 2주 후에 나사를 점검하고 필요한 경우 다시 조여주세요. "
"ROSENTORP 로센토르프 / NÄSINGE 네싱에 테이블+의자4, 화이트/Tibbleby 티블레뷔 베이지-그레이 화이트, 110/155 cm",https://www.ikea.com/kr/ko/p/rosentorp-naesinge-table-and-4-chairs-white-tibbleby-beige-grey-white-s79611696/,"https://www.ikea.com/pimg/1440793_pe986032_s5.jpg?f=xxs,https://www.ikea.com/pimg/1440897_pe986111_s5.jpg?f=xxs",858600,918600.0,5.0,3.0,796.116.96,"튼튼한 다리는 원목으로 만들었으며, 매끄럽고 청소하기 쉬운 멜라민 테이블 상판과 조화를 이룹니다. 둘 다 여러 겹의 페인트로 마감하여 일상적인 마모에 강합니다.

둥근 모양의 테이블에서는 모두가 서로를 볼 수 있기 때문에 친목을 다지기에 더욱 좋아요.

원형 테이블은 날카로운 모서리가 없어서 이동하기 편하고, 좁은 다이닝 공간에 두면 좋습니다.

확장하면 원형 테이블이 타원형으로 바뀌어서 손님과 서빙용 접시를 위한 추가 공간이 생겨요.

푹신한 패드와 적절한 각도의 등받이 덕분에 식사시간이 길어져도 편안합니다.

편안한 쿠션형 시트는 지지력이 좋은 폼이 들어 있고, 부드러운 베이지/그레이 TIBBELBY 티벨뷔 패브릭을 씌웠습니다. 패브릭은 부드럽고 섬세한 광택과 은은한 헤링본 무늬가 돋보입니다.

챔퍼 처리한 다리와 갈빗살의 두께가 다양한 등받이 같은 디테일 덕분에 각 NÄSINGE 네싱에 의자가 테이블 둘레에서 매력적이고 아름답게 보입니다.

커버를 쉽게 벗겨서 물세탁할 수 있습니다.

튼튼하고 내구성 좋은 의자프레임은 원목 하드우드로 만들었습니다.

실내에서만 사용하세요.

4-6인용.

자체 보관 일체형 확장 상판 1개가 포함되어 있어요.

커버는 벗겨서 세탁할 수 있습니다.

의자를 조립하려면 비트 드라이버가 필요합니다. TRIXIG 트릭시그 공구세트15종(별도 판매)에 포함되어 있어요.

바닥이 긁히는 것을 방지하려면 별도 판매되는 TRIXIG 트릭시그 바닥보호스티커를 사용하세요.","확장형테이블 상판/ 확장판: 파티클보드, 멜라민포일, 아크릴 페인트, 플라스틱 테두리, 페인트
레일,옆: 섬유판, 아크릴 페인트, 섬유판, 아크릴 페인트, 섬유판, 아크릴 페인트, 플라스틱 테두리
연장 레일: 섬유판, 아크릴 페인트, 플라스틱 테두리
보조 레일/ 기둥: 섬유판, 아크릴 페인트
홀더: 섬유판
하단 패널: 파티클보드, 페이퍼 포일, 아크릴 페인트, 플라스틱 테두리
다리: 원목, 접착제, 아크릴 페인트
의자 내화 안감/ 시트 안감: 폴리에스테르충전재
패브릭/ 커버: 폴리에스테르 100%(최소 90% 재활용)
프레임: 원목, 아크릴 페인트
시트: 섬유판, 폴리우레탄 폼 35kg/cu.m.","프레임의자: 안정성을 위하여 조립 2주 후에 나사를 점검하고 필요한 경우 다시 조여주세요.
탈부착커버의자: 세탁기 사용 가능, 최대 40°C, 표준 코스. 표백하지 마세요. 건조기에 넣지 마세요. 다림질, 최대 150°C. 드라이클리닝, 표준 코스.
확장형테이블: 순한 세제에 적신 천으로 닦으세요. 깨끗한 천으로 물기를 닦아주세요.","본 커버는 50,000회의 마모를 견뎌낼 수 있도록 시험을 거쳤습니다. 15,000회 이상을 견디는 제품은 집에서 매일 사용하는 가구에 적합하며, 30,000회 이상을 견디는 제품은 쉽게 마모되지 않습니다. 내변색성 레벨 1~8 중 레벨 5~6 판정을 받은 커버입니다. 업계 표준에 따르면 가정용으로는 레벨 4 이상이 적합합니다. 이 의자는 관련된 강도 및 내구성 표준을 준수하고 테스트를 거친 제품입니다. 테스트는 일반적인 제품의 사용 횟수와 110kg인 사용자를 기준으로 실시되었습니다. 이 의자는 가정용으로 적합 판정을 받았으며 EN 12520 및 EN 1022의 내구성과 안전성 기준에 부합하는 제품입니다.",110.0,110.0,75.0,42.0,54.0,90.0,"이 제품은 7 개 패키지로 구성됩니다.

ROSENTORP 로센토르프 확장형테이블 제품 번호 605.682.59
폭: 73 cm, 높이: 10 cm, 길이: 115 cm, 무게: 19.36 kg, 패키지: 1
폭: 71 cm, 높이: 13 cm, 길이: 82 cm, 무게: 17.50 kg, 패키지: 1
폭: 33 cm, 높이: 15 cm, 길이: 60 cm, 무게: 9.75 kg, 패키지: 1

NÄSINGE 네싱에 의자 제품 번호 905.875.05
폭: 45 cm, 높이: 12 cm, 길이: 92 cm, 무게: 6.85 kg, 패키지: 4",,4.0,dining_table_set,IKEA,white,"modern,nordic,minimal",True,medium,True,"ROSENTORP 로센토르프 / NÄSINGE 네싱에 테이블+의자4, 화이트/Tibbleby 티블레뷔 베이지-그레이 화이트, 110/155 cm 튼튼한 다리는 원목으로 만들었으며, 매끄럽고 청소하기 쉬운 멜라민 테이블 상판과 조화를 이룹니다. 둘 다 여러 겹의 페인트로 마감하여 일상적인 마모에 강합니다.

둥근 모양의 테이블에서는 모두가 서로를 볼 수 있기 때문에 친목을 다지기에 더욱 좋아요.

원형 테이블은 날카로운 모서리가 없어서 이동하기 편하고, 좁은 다이닝 공간에 두면 좋습니다.

확장하면 원형 테이블이 타원형으로 바뀌어서 손님과 서빙용 접시를 위한 추가 공간이 생겨요.

푹신한 패드와 적절한 각도의 등받이 덕분에 식사시간이 길어져도 편안합니다.

편안한 쿠션형 시트는 지지력이 좋은 폼이 들어 있고, 부드러운 베이지/그레이 TIBBELBY 티벨뷔 패브릭을 씌웠습니다. 패브릭은 부드럽고 섬세한 광택과 은은한 헤링본 무늬가 돋보입니다.

챔퍼 처리한 다리와 갈빗살의 두께가 다양한 등받이 같은 디테일 덕분에 각 NÄSINGE 네싱에 의자가 테이블 둘레에서 매력적이고 아름답게 보입니다.

커버를 쉽게 벗겨서 물세탁할 수 있습니다.

튼튼하고 내구성 좋은 의자프레임은 원목 하드우드로 만들었습니다.

실내에서만 사용하세요.

4-6인용.

자체 보관 일체형 확장 상판 1개가 포함되어 있어요.

커버는 벗겨서 세탁할 수 있습니다.

의자를 조립하려면 비트 드라이버가 필요합니다. TRIXIG 트릭시그 공구세트15종(별도 판매)에 포함되어 있어요.

바닥이 긁히는 것을 방지하려면 별도 판매되는 TRIXIG 트릭시그 바닥보호스티커를 사용하세요. 확장형테이블 상판/ 확장판: 파티클보드, 멜라민포일, 아크릴 페인트, 플라스틱 테두리, 페인트
레일,옆: 섬유판, 아크릴 페인트, 섬유판, 아크릴 페인트, 섬유판, 아크릴 페인트, 플라스틱 테두리
연장 레일: 섬유판, 아크릴 페인트, 플라스틱 테두리
보조 레일/ 기둥: 섬유판, 아크릴 페인트
홀더: 섬유판
하단 패널: 파티클보드, 페이퍼 포일, 아크릴 페인트, 플라스틱 테두리
다리: 원목, 접착제, 아크릴 페인트
의자 내화 안감/ 시트 안감: 폴리에스테르충전재
패브릭/ 커버: 폴리에스테르 100%(최소 90% 재활용)
프레임: 원목, 아크릴 페인트
시트: 섬유판, 폴리우레탄 폼 35kg/cu.m. 프레임의자: 안정성을 위하여 조립 2주 후에 나사를 점검하고 필요한 경우 다시 조여주세요.
탈부착커버의자: 세탁기 사용 가능, 최대 40°C, 표준 코스. 표백하지 마세요. 건조기에 넣지 마세요. 다림질, 최대 150°C. 드라이클리닝, 표준 코스.
확장형테이블: 순한 세제에 적신 천으로 닦으세요. 깨끗한 천으로 물기를 닦아주세요. "
"TONSTAD 톤스타드 테이블+의자2, 오프화이트/화이트, 80/120x70 cm",https://www.ikea.com/kr/ko/p/tonstad-table-and-2-chairs-off-white-white-s49599714/,"https://www.ikea.com/pimg/1426732_pe979966_s5.jpg?f=xxs,https://www.ikea.com/pimg/1434305_pe983442_s5.jpg?f=xxs",468800,498800.0,0.0,0.0,495.997.14,"실내에서만 사용하세요.
2-4인용.
자체 보관 확장형 상판 1개가 포함되어 있습니다.
이 테이블을 조립하려면 비트 드라이버가 필요합니다. TRIXIG 트릭시그 공구세트15종(별도 판매)에 포함되어 있어요.
바닥이 긁히는 것을 방지하려면 별도 판매되는 TRIXIG 트릭시그 바닥보호스티커를 사용하세요.","확장형테이블
상단 패널: 파티클보드, 아크릴 페인트, 멜라민포일, 플라스틱 테두리
레일,옆/ 다리: 원목, 접착제, 아크릴 페인트
크로스 레일: 파티클보드, 플라스틱 포일, 페이퍼 포일
의자
등받이 일체형 시트: 폴리프로필렌 플라스틱
다리: 유칼립투스나무 원목, 아크릴 스테인","확장형테이블
순한 세제에 적신 천으로 닦으세요.
깨끗한 천으로 물기를 닦아주세요.
안정성을 위하여 조립 2주 후에 나사를 점검하고 필요한 경우 다시 조여주세요.
의자
안정성을 위하여 조립 2주 후에 나사를 점검하고 필요한 경우 다시 조여주세요.","가정에서 사용할 수 있도록 테스트를 거쳤으며, EN 581-2 및 EN 12520 표준에 명시된 안전성, 내구성 및 안정성 요건에 부합하는 의자입니다.",120.0,70.0,75.0,54.0,48.0,79.0,"이 제품은 6 개 패키지로 구성됩니다.
TONSTAD 톤스타드 확장형테이블 제품 번호 206.007.27
이 제품은 여러 개의 패키지로 포장되어 있습니다.
폭: 27 cm
높이: 13 cm
길이: 79 cm
무게: 12.70 kg
패키지: 1
폭: 43 cm
높이: 6 cm
길이: 74 cm
무게: 11.40 kg
패키지: 1
GRÖNSTA 그뢴스타 의자 제품 번호 205.597.61
이 제품은 여러 개의 패키지로 포장되어 있습니다.
폭: 48 cm
높이: 41 cm
길이: 55 cm
무게: 3.96 kg
패키지: 2
폭: 16 cm
높이: 5 cm
길이: 48 cm
무게: 1.52 kg
패키지: 2",,2.0,dining_table_set,IKEA,white,"modern,nordic,minimal",True,medium,True,"TONSTAD 톤스타드 테이블+의자2, 오프화이트/화이트, 80/120x70 cm 실내에서만 사용하세요.
2-4인용.
자체 보관 확장형 상판 1개가 포함되어 있습니다.
이 테이블을 조립하려면 비트 드라이버가 필요합니다. TRIXIG 트릭시그 공구세트15종(별도 판매)에 포함되어 있어요.
바닥이 긁히는 것을 방지하려면 별도 판매되는 TRIXIG 트릭시그 바닥보호스티커를 사용하세요. 확장형테이블
상단 패널: 파티클보드, 아크릴 페인트, 멜라민포일, 플라스틱 테두리
레일,옆/ 다리: 원목, 접착제, 아크릴 페인트
크로스 레일: 파티클보드, 플라스틱 포일, 페이퍼 포일
의자
등받이 일체형 시트: 폴리프로필렌 플라스틱
다리: 유칼립투스나무 원목, 아크릴 스테인 확장형테이블
순한 세제에 적신 천으로 닦으세요.
깨끗한 천으로 물기를 닦아주세요.
안정성을 위하여 조립 2주 후에 나사를 점검하고 필요한 경우 다시 조여주세요.
의자
안정성을 위하여 조립 2주 후에 나사를 점검하고 필요한 경우 다시 조여주세요. "
"ROSENTORP 로센토르프 / NÄSINGE 네싱에 테이블+의자4, 화이트/Tibbleby 티블레뷔 베이지-그레이 화이트, 155/215x87 cm",https://www.ikea.com/kr/ko/p/rosentorp-naesinge-table-and-4-chairs-white-tibbleby-beige-grey-white-s99611662/,"https://www.ikea.com/kr/ko/images/products/rosentorp-naesinge-table-and-4-chairs-white-tibbleby-beige-grey-white__1440798_pe986036_s5.jpg?f=xxs,https://www.ikea.com/kr/ko/images/products/rosentorp-naesinge-table-and-4-chairs-white-tibbleby-beige-grey-white__1440899_pe986110_s5.jpg?f=xxs",813600,868600.0,0.0,0.0,996.116.62,"자체 보관 상판은 간편하게 꺼내 테이블을 확장할 수 있으며, 손님이 떠나면 쉽게 분리하여 테이블 상판 아래에 접어 넣을 수 있습니다.
튼튼한 다리는 원목으로 만들었으며, 매끄럽고 청소하기 쉬운 멜라민 테이블 상판과 조화를 이룹니다. 둘 다 여러 겹의 페인트로 마감하여 일상적인 마모에 강합니다.
푹신한 패드와 적절한 각도의 등받이 덕분에 식사시간이 길어져도 편안합니다.
편안한 쿠션형 시트는 지지력이 좋은 폼이 들어 있고, 부드러운 베이지/그레이 TIBBELBY 티벨뷔 패브릭을 씌웠습니다. 패브릭은 부드럽고 섬세한 광택과 은은한 헤링본 무늬가 돋보입니다.
챔퍼 처리한 다리와 갈빗살의 두께가 다양한 등받이 같은 디테일 덕분에 각 NÄSINGE 네싱에 의자가 테이블 둘레에서 매력적이고 아름답게 보입니다.
커버를 쉽게 벗겨서 물세탁할 수 있습니다.
튼튼하고 내구성 좋은 의자프레임은 원목 하드우드로 만들었습니다.
실내에서만 사용하세요.
4-6인용.
커버는 벗겨서 세탁할 수 있습니다.
의자를 조립하려면 비트 드라이버가 필요합니다. TRIXIG 트릭시그 공구세트15종(별도 판매)에 포함되어 있어요.
바닥이 긁히는 것을 방지하려면 별도 판매되는 TRIXIG 트릭시그 바닥보호스티커를 사용하세요.","확장형테이블 상판/ 확장판: 파티클보드, 멜라민포일, 아크릴 페인트, 플라스틱 테두리, 페인트
하단 프레임/ 다리: 원목, 접착제, 아크릴 페인트
크로스 레일: 원목, 접착제
의자 내화 안감/ 시트 안감: 폴리에스테르충전재
패브릭/ 커버: 폴리에스테르 100%(최소 90% 재활용)
프레임: 원목, 아크릴 페인트
시트: 섬유판, 폴리우레탄 폼 35kg/cu.m.","프레임의자: 안정성을 위하여 조립 2주 후에 나사를 점검하고 필요한 경우 다시 조여주세요.
탈부착커버의자: 세탁기 사용 가능, 최대 40°C, 표준 코스. 표백하지 마세요. 건조기에 넣지 마세요. 다림질, 최대 150°C. 드라이클리닝, 표준 코스.
확장형테이블: 중성세제를 희석한 물로 닦아주세요. 깨끗한 천으로 물기를 닦아주세요.","본 커버는 50,000회의 마모를 견뎌낼 수 있도록 시험을 거쳤습니다. 15,000회 이상을 견디는 제품은 집에서 매일 사용하는 가구에 적합하며, 30,000회 이상을 견디는 제품은 쉽게 마모되지 않습니다.내변색성 레벨 1~8 중 레벨 5~6 판정을 받은 커버입니다. 업계 표준에 따르면 가정용으로는 레벨 4 이상이 적합합니다.이 의자는 관련된 강도 및 내구성 표준을 준수하고 테스트를 거친 제품입니다. 테스트는 일반적인 제품의 사용 횟수와 110kg인 사용자를 기준으로 실시되었습니다.이 의자는 가정용으로 적합 판정을 받았으며 EN 12520 및 EN 1022의 내구성과 안전성 기준에 부합하는 제품입니다.",215.0,87.0,75.0,42.0,54.0,90.0,"이 제품은 6 개 패키지로 구성됩니다.
ROSENTORP 로센토르프 확장형테이블 제품 번호 205.899.04
이 제품은 여러 개의 패키지로 포장되어 있습니다.
폭: 40 cm 높이: 8 cm 길이: 150 cm 무게: 15.20 kg 패키지: 1
폭: 91 cm 높이: 5 cm 길이: 159 cm 무게: 30.29 kg 패키지: 1
NÄSINGE 네싱에 의자 제품 번호 905.875.05
폭: 45 cm 높이: 12 cm 길이: 92 cm 무게: 6.85 kg 패키지: 4",,4.0,dining_table_set,IKEA,white,"modern,nordic,minimal",True,low,True,"ROSENTORP 로센토르프 / NÄSINGE 네싱에 테이블+의자4, 화이트/Tibbleby 티블레뷔 베이지-그레이 화이트, 155/215x87 cm 자체 보관 상판은 간편하게 꺼내 테이블을 확장할 수 있으며, 손님이 떠나면 쉽게 분리하여 테이블 상판 아래에 접어 넣을 수 있습니다.
튼튼한 다리는 원목으로 만들었으며, 매끄럽고 청소하기 쉬운 멜라민 테이블 상판과 조화를 이룹니다. 둘 다 여러 겹의 페인트로 마감하여 일상적인 마모에 강합니다.
푹신한 패드와 적절한 각도의 등받이 덕분에 식사시간이 길어져도 편안합니다.
편안한 쿠션형 시트는 지지력이 좋은 폼이 들어 있고, 부드러운 베이지/그레이 TIBBELBY 티벨뷔 패브릭을 씌웠습니다. 패브릭은 부드럽고 섬세한 광택과 은은한 헤링본 무늬가 돋보입니다.
챔퍼 처리한 다리와 갈빗살의 두께가 다양한 등받이 같은 디테일 덕분에 각 NÄSINGE 네싱에 의자가 테이블 둘레에서 매력적이고 아름답게 보입니다.
커버를 쉽게 벗겨서 물세탁할 수 있습니다.
튼튼하고 내구성 좋은 의자프레임은 원목 하드우드로 만들었습니다.
실내에서만 사용하세요.
4-6인용.
커버는 벗겨서 세탁할 수 있습니다.
의자를 조립하려면 비트 드라이버가 필요합니다. TRIXIG 트릭시그 공구세트15종(별도 판매)에 포함되어 있어요.
바닥이 긁히는 것을 방지하려면 별도 판매되는 TRIXIG 트릭시그 바닥보호스티커를 사용하세요. 확장형테이블 상판/ 확장판: 파티클보드, 멜라민포일, 아크릴 페인트, 플라스틱 테두리, 페인트
하단 프레임/ 다리: 원목, 접착제, 아크릴 페인트
크로스 레일: 원목, 접착제
의자 내화 안감/ 시트 안감: 폴리에스테르충전재
패브릭/ 커버: 폴리에스테르 100%(최소 90% 재활용)
프레임: 원목, 아크릴 페인트
시트: 섬유판, 폴리우레탄 폼 35kg/cu.m. 프레임의자: 안정성을 위하여 조립 2주 후에 나사를 점검하고 필요한 경우 다시 조여주세요.
탈부착커버의자: 세탁기 사용 가능, 최대 40°C, 표준 코스. 표백하지 마세요. 건조기에 넣지 마세요. 다림질, 최대 150°C. 드라이클리닝, 표준 코스.
확장형테이블: 중성세제를 희석한 물로 닦아주세요. 깨끗한 천으로 물기를 닦아주세요. "
"ÅLHULT 올훌트 / ÅLHULT 올훌트 테이블+의자6, 베이지/브라운/KABUSA 카부사 라이트베이지 베이지, 170/220x80 cm",https://www.ikea.com/kr/ko/p/alhult-alhult-table-and-6-chairs-beige-brown-kabusa-light-beige-beige-s79611620/,"https://www.ikea.com/pimg/1439017_pe985069_s5.jpg?f=xxs,https://www.ikea.com/pimg/1447085_pe988963_s5.jpg?f=xxs",688400,718400.0,5.0,3.0,796.116.20,"6~8인용으로 손쉽게 확장할 수 있어요. 가족끼리 즐기는 일상의 식사는 물론 여럿이 함께하는 식사 자리로도 손색이 없습니다.

보조상판은 테이블 양쪽 끝부분을 넓혀 2명이 더 앉을 수 있는 넉넉한 공간을 마련합니다.

ÅLHULT 올훌트 테이블은 물푸레무늬목 표면에 목재의 자연미를 보호하고 쉽게 관리할 수 있도록 약간의 색조를 넣어 투명 래커 처리했습니다.

물푸레나무 무늬목의 나뭇결이 각각 달라서 테이블마다 조금씩 다른 개성을 느낄 수 있습니다.

기대기 편안한 높은 등받이와 부드러운 시트 덕분에 오래 앉아 있어도 편안하여 식사 시간이 더욱 즐거워져요.

커버는 벗겨서 세탁기로 간편하게 세탁할 수 있습니다. 시트의 나사를 풀고 커버를 벗겨서 세탁하면 의자를 산뜻하게 유지할 수 있어요.

실내에서만 사용하세요.

커버는 벗겨서 세탁할 수 있습니다.

바닥이 긁히는 것을 방지하려면 별도 판매되는 TRIXIG 트릭시그 바닥보호스티커를 사용하세요.","확장형테이블
상판/ 확장판: 파티클보드, 물푸레무늬목, 스테인, 틴트 투명 아크릴 래커, 페이퍼 포일, 물푸레무늬목, 스테인, 틴트 투명래커
하단 프레임: 원목, 접착제, 물푸레무늬목, 스테인, 틴트 투명 아크릴 래커
크로스 레일: 원목, 접착제
다리: 파티클보드, 물푸레무늬목, 스테인, 틴트 투명 아크릴 래커
의자
내화 안감: 폴리에스테르충전재
프레임: 소나무 원목, 접착제, 스테인, 틴트 투명 아크릴 래커
시트: 섬유판, 폴리우레탄 폼 35kg/cu.m.
스티치용 실: 폴리에스테르 100 %
패브릭: 폴리에스테르 100%(최소 90% 재활용)","의자
세탁기 사용 가능, 최대 40°C, 표준 코스
표백하지 마세요.
건조기에 넣지 마세요.
다림질, 최대 150°C.
드라이클리닝하지 마세요.
중성세제를 희석한 물로 닦아주세요.
깨끗한 천으로 물기를 닦아주세요.
안정성을 위하여 조립 2주 후에 나사를 점검하고 필요한 경우 다시 조여주세요.
확장형테이블
깨끗한 천으로 물기를 닦아주세요.
안정성을 위하여 조립 2주 후에 나사를 점검하고 필요한 경우 다시 조여주세요.",의자는 가정용으로 적합 판정을 받았으며 EN 12520 및 EN 1022의 내구성과 안전성 기준에 부합하는 제품입니다.이 의자는 관련된 강도 및 내구성 표준을 준수하고 테스트를 거친 제품입니다. 테스트는 일반적인 제품의 사용 횟수와 110kg인 사용자를 기준으로 실시되었습니다.,170.0,80.0,75.0,45.0,54.0,94.0,"이 제품은 8 개 패키지로 구성됩니다.
ÅLHULT 올훌트 확장형테이블 제품 번호 306.007.60
폭: 84 cm
높이: 6 cm
길이: 89 cm
무게: 20.70 kg
패키지: 1
폭: 27 cm
높이: 7 cm
길이: 164 cm
무게: 13.40 kg
패키지: 1
ÅLHULT 올훌트 의자 제품 번호 806.007.72
폭: 49 cm
높이: 11 cm
길이: 96 cm
무게: 5.22 kg
패키지: 6",,6.0,dining_table_set,IKEA,light_wood,"modern,nordic,minimal",True,low,False,"ÅLHULT 올훌트 / ÅLHULT 올훌트 테이블+의자6, 베이지/브라운/KABUSA 카부사 라이트베이지 베이지, 170/220x80 cm 6~8인용으로 손쉽게 확장할 수 있어요. 가족끼리 즐기는 일상의 식사는 물론 여럿이 함께하는 식사 자리로도 손색이 없습니다.

보조상판은 테이블 양쪽 끝부분을 넓혀 2명이 더 앉을 수 있는 넉넉한 공간을 마련합니다.

ÅLHULT 올훌트 테이블은 물푸레무늬목 표면에 목재의 자연미를 보호하고 쉽게 관리할 수 있도록 약간의 색조를 넣어 투명 래커 처리했습니다.

물푸레나무 무늬목의 나뭇결이 각각 달라서 테이블마다 조금씩 다른 개성을 느낄 수 있습니다.

기대기 편안한 높은 등받이와 부드러운 시트 덕분에 오래 앉아 있어도 편안하여 식사 시간이 더욱 즐거워져요.

커버는 벗겨서 세탁기로 간편하게 세탁할 수 있습니다. 시트의 나사를 풀고 커버를 벗겨서 세탁하면 의자를 산뜻하게 유지할 수 있어요.

실내에서만 사용하세요.

커버는 벗겨서 세탁할 수 있습니다.

바닥이 긁히는 것을 방지하려면 별도 판매되는 TRIXIG 트릭시그 바닥보호스티커를 사용하세요. 확장형테이블
상판/ 확장판: 파티클보드, 물푸레무늬목, 스테인, 틴트 투명 아크릴 래커, 페이퍼 포일, 물푸레무늬목, 스테인, 틴트 투명래커
하단 프레임: 원목, 접착제, 물푸레무늬목, 스테인, 틴트 투명 아크릴 래커
크로스 레일: 원목, 접착제
다리: 파티클보드, 물푸레무늬목, 스테인, 틴트 투명 아크릴 래커
의자
내화 안감: 폴리에스테르충전재
프레임: 소나무 원목, 접착제, 스테인, 틴트 투명 아크릴 래커
시트: 섬유판, 폴리우레탄 폼 35kg/cu.m.
스티치용 실: 폴리에스테르 100 %
패브릭: 폴리에스테르 100%(최소 90% 재활용) 의자
세탁기 사용 가능, 최대 40°C, 표준 코스
표백하지 마세요.
건조기에 넣지 마세요.
다림질, 최대 150°C.
드라이클리닝하지 마세요.
중성세제를 희석한 물로 닦아주세요.
깨끗한 천으로 물기를 닦아주세요.
안정성을 위하여 조립 2주 후에 나사를 점검하고 필요한 경우 다시 조여주세요.
확장형테이블
깨끗한 천으로 물기를 닦아주세요.
안정성을 위하여 조립 2주 후에 나사를 점검하고 필요한 경우 다시 조여주세요. "
"ÅLHULT 올훌트 / LUSTEBO 루스테보 테이블+의자2, 베이지/브라운/비아르프 베이지/브라운, 80x74 cm",https://www.ikea.com/kr/ko/p/alhult-lustebo-table-and-2-chairs-beige-brown-viarp-beige-brown-s99611596/,"https://www.ikea.com/pimg/1439007_pe985052_s5.jpg?f=xxs,https://www.ikea.com/pimg/1447076_pe988943_s5.jpg?f=xxs",333800,348800.0,0.0,0.0,996.115.96,"이 테이블은 물푸레무늬목 표면에 목재의 자연미가 돋보이고 쉽게 관리할 수 있도록 약간의 색조를 넣어 투명 래커 처리했습니다. 작은 공간에 적합한 크기이며, 따스함과 우아함을 선사합니다.

ÅLHULT 올훌트 테이블은 물푸레무늬목 표면에 목재의 자연미를 보호하고 쉽게 관리할 수 있도록 약간의 색조를 넣어 투명 래커 처리했습니다.

물푸레나무 무늬목의 나뭇결이 각각 달라서 테이블마다 조금씩 다른 개성을 느낄 수 있습니다.

부드럽고 쿠션감이 있는 시트와 의자에 실리는 무게에 따라 탄력적으로 반응하는 캔틸레버 디자인이 특징인 모던하면서 클래식한 매력이 있는 의자예요. 디저트 접시를 비운 후에도 자리를 뜨는 사람 없이 편안하게 휴식을 취할 수 있어요.

시트와 등받이의 포근한 쿠션감과 안정적인 탄력성 덕분에 착석감이 편안합니다.

의자 커버는 섬유 사이에 좁은 간격이 있는 평평한 폴리에스테르 섬유로 구성했어요. 그래서 더 탄력적이며 통기성이 우수해 앉으면 쾌적합니다.","테이블
상판: 파티클보드, 물푸레무늬목, 스테인, 틴트 투명 아크릴 래커, 페이퍼 포일, 물푸레무늬목, 스테인, 틴트 투명래커
하단 프레임: 원목, 접착제, 물푸레무늬목, 스테인, 틴트 투명 아크릴 래커
다리: 파티클보드, 물푸레무늬목, 스테인, 틴트 투명 아크릴 래커
의자
패브릭: 면 76%, 폴리에스테르 24% (100% 재활용)
다리 프레임: 스틸, 크롬도금
시트: 적층 무늬목
시트 폼: 폴리에스테르 100%
보호 패브릭: 폴리프로필렌 부직포",,,80.0,74.0,75.0,55.0,56.0,85.0,"이 제품은 5 개 패키지로 구성됩니다.

ÅLHULT 올훌트 테이블 제품 번호 206.007.70
폭: 78 cm
높이: 8 cm
길이: 84 cm
무게: 15.45 kg
패키지: 1

LUSTEBO 루스테보 의자 제품 번호 405.411.62
이 제품은 여러 개의 패키지로 포장되어 있습니다.
폭: 48 cm
높이: 41 cm
길이: 56 cm
무게: 4.16 kg
패키지: 2

폭: 55 cm
높이: 43 cm
길이: 55 cm
무게: 4.18 kg
패키지: 2",,2.0,dining_table_set,IKEA,unknown,"modern,nordic,minimal",False,medium,False,"ÅLHULT 올훌트 / LUSTEBO 루스테보 테이블+의자2, 베이지/브라운/비아르프 베이지/브라운, 80x74 cm 이 테이블은 물푸레무늬목 표면에 목재의 자연미가 돋보이고 쉽게 관리할 수 있도록 약간의 색조를 넣어 투명 래커 처리했습니다. 작은 공간에 적합한 크기이며, 따스함과 우아함을 선사합니다.

ÅLHULT 올훌트 테이블은 물푸레무늬목 표면에 목재의 자연미를 보호하고 쉽게 관리할 수 있도록 약간의 색조를 넣어 투명 래커 처리했습니다.

물푸레나무 무늬목의 나뭇결이 각각 달라서 테이블마다 조금씩 다른 개성을 느낄 수 있습니다.

부드럽고 쿠션감이 있는 시트와 의자에 실리는 무게에 따라 탄력적으로 반응하는 캔틸레버 디자인이 특징인 모던하면서 클래식한 매력이 있는 의자예요. 디저트 접시를 비운 후에도 자리를 뜨는 사람 없이 편안하게 휴식을 취할 수 있어요.

시트와 등받이의 포근한 쿠션감과 안정적인 탄력성 덕분에 착석감이 편안합니다.

의자 커버는 섬유 사이에 좁은 간격이 있는 평평한 폴리에스테르 섬유로 구성했어요. 그래서 더 탄력적이며 통기성이 우수해 앉으면 쾌적합니다. 테이블
상판: 파티클보드, 물푸레무늬목, 스테인, 틴트 투명 아크릴 래커, 페이퍼 포일, 물푸레무늬목, 스테인, 틴트 투명래커
하단 프레임: 원목, 접착제, 물푸레무늬목, 스테인, 틴트 투명 아크릴 래커
다리: 파티클보드, 물푸레무늬목, 스테인, 틴트 투명 아크릴 래커
의자
패브릭: 면 76%, 폴리에스테르 24% (100% 재활용)
다리 프레임: 스틸, 크롬도금
시트: 적층 무늬목
시트 폼: 폴리에스테르 100%
보호 패브릭: 폴리프로필렌 부직포  "
"NORDVIKEN 노르드비켄 / HÖGVED 회그베드 테이블+의자2, 블랙/자작나무무늬목, 74/104 cm",https://www.ikea.com/kr/ko/p/nordviken-hoegved-table-and-2-chairs-black-birch-veneer-s79611719/,"https://www.ikea.com/kr/ko/images/products/nordviken-hoegved-table-and-2-chairs-black-birch-veneer__1439437_pe985327_s5.jpg?f=xxs,https://www.ikea.com/kr/ko/images/products/nordviken-hoegved-table-and-2-chairs-black-birch-veneer__1447129_pe988992_s5.jpg?f=xxs",482000,507000.0,4.4,27.0,796.117.19,"접이식상판은 자동으로 제자리에 고정됩니다. 간단히 당기면 안전잠금장치가 풀립니다.
가장 엄격한 기준의 안정성, 내구성 및 안전도 테스트를 통과한 테이블입니다. 수년 동안 매일같이 사용해도 튼튼합니다.
실내에서만 사용하세요.
바닥이 긁히는 것을 방지하려면 별도 판매되는 TRIXIG 트릭시그 바닥보호스티커를 사용하세요.","드롭리프테이블
상판: 파티클보드, 물푸레무늬목, 물푸레무늬목, 스테인, 틴트 투명 아크릴 래커, 페이퍼 포일
확장판: 파티클보드, 물푸레무늬목, 물푸레무늬목, 스테인, 틴트 투명 아크릴 래커, 물푸레무늬목, 스테인, 틴트 투명 아크릴 래커
기본 프레임: 소나무 원목, 접착제, 물푸레무늬목, 스테인, 틴트 투명 아크릴 래커
다리: 파티클보드, 접착제, 물푸레무늬목, 스테인, 틴트 투명 아크릴 래커
레일: 자작나무 원목
의자
등받이/ 침대살: 자작나무 원목, 접착제, 투명 아크릴 래커
시트: 적층 무늬목, 합판, 자작나무 무늬목, 투명 아크릴 래커
다리 프레임: 자작나무 원목, 자작나무 합판, 접착제, 투명 아크릴 래커","의자
중성세제를 희석한 물로 닦아주세요.
깨끗한 천으로 물기를 닦아주세요.
안정성을 위하여 조립 2주 후에 나사를 점검하고 필요한 경우 다시 조여주세요.
드롭리프테이블
깨끗한 천으로 물기를 닦아주세요.
테이블+의자2",의자는 가정용으로 적합 판정을 받았으며 EN 12520 및 EN 1022의 내구성과 안전성 기준에 부합하는 제품입니다.이 의자는 관련된 강도 및 내구성 표준을 준수하고 테스트를 거친 제품입니다. 테스트는 일반적인 제품의 사용 횟수와 110kg인 사용자를 기준으로 실시되었습니다.,74.0,74.0,75.0,52.0,59.0,95.0,"이 제품은 4 개 패키지로 구성됩니다.
NORDVIKEN 노르드비켄 드롭리프테이블 제품 번호403.696.04
이 제품은 여러 개의 패키지로 포장되어 있습니다.
폭: 48 cm 높이: 6 cm 길이: 88 cm 무게: 9.50 kg 패키지: 1
폭: 87 cm 높이: 8 cm 길이: 88 cm 무게: 17.15 kg 패키지: 1
HÖGVED 회그베드 의자 제품 번호206.070.07
폭: 48 cm 높이: 48 cm 길이: 52 cm 무게: 5.05 kg 패키지: 2",,2.0,dining_table_set,IKEA,black,"modern,nordic,minimal",True,low,False,"NORDVIKEN 노르드비켄 / HÖGVED 회그베드 테이블+의자2, 블랙/자작나무무늬목, 74/104 cm 접이식상판은 자동으로 제자리에 고정됩니다. 간단히 당기면 안전잠금장치가 풀립니다.
가장 엄격한 기준의 안정성, 내구성 및 안전도 테스트를 통과한 테이블입니다. 수년 동안 매일같이 사용해도 튼튼합니다.
실내에서만 사용하세요.
바닥이 긁히는 것을 방지하려면 별도 판매되는 TRIXIG 트릭시그 바닥보호스티커를 사용하세요. 드롭리프테이블
상판: 파티클보드, 물푸레무늬목, 물푸레무늬목, 스테인, 틴트 투명 아크릴 래커, 페이퍼 포일
확장판: 파티클보드, 물푸레무늬목, 물푸레무늬목, 스테인, 틴트 투명 아크릴 래커, 물푸레무늬목, 스테인, 틴트 투명 아크릴 래커
기본 프레임: 소나무 원목, 접착제, 물푸레무늬목, 스테인, 틴트 투명 아크릴 래커
다리: 파티클보드, 접착제, 물푸레무늬목, 스테인, 틴트 투명 아크릴 래커
레일: 자작나무 원목
의자
등받이/ 침대살: 자작나무 원목, 접착제, 투명 아크릴 래커
시트: 적층 무늬목, 합판, 자작나무 무늬목, 투명 아크릴 래커
다리 프레임: 자작나무 원목, 자작나무 합판, 접착제, 투명 아크릴 래커 의자
중성세제를 희석한 물로 닦아주세요.
깨끗한 천으로 물기를 닦아주세요.
안정성을 위하여 조립 2주 후에 나사를 점검하고 필요한 경우 다시 조여주세요.
드롭리프테이블
깨끗한 천으로 물기를 닦아주세요.
테이블+의자2 "
"ÅLHULT 올훌트 / ÅLHULT 올훌트 테이블+벤치2, 블랙/브라운/블랙/브라운, 120x80 cm",https://www.ikea.com/kr/ko/p/alhult-alhult-table-and-2-benches-black-brown-black-brown-s09611553/,"https://www.ikea.com/pimg/1439001_pe985047_s5.jpg?f=xxs,https://www.ikea.com/pimg/1447070_pe988957_s5.jpg?f=xxs",378800,398800.0,5.0,2.0,096.115.53,"ÅLHULT 올훌트 테이블은 물푸레무늬목 표면에 목재의 자연미를 보호하고 쉽게 관리할 수 있도록 약간의 색조를 넣어 투명 래커 처리했습니다.
물푸레나무 무늬목의 나뭇결이 각각 달라서 테이블마다 조금씩 다른 개성을 느낄 수 있습니다.
벤치 시트의 목재 무늬목 상단 층은 스테인과 래커로 처리되어 내구성이 우수하며, 자연스러운 나무 질감이 돋보입니다.
벤치를 테이블 아래로 밀어 넣으면 공간을 절약할 수 있어요.

참고
실내에서만 사용하세요.
바닥이 긁히는 것을 방지하려면 별도 판매되는 TRIXIG 트릭시그 바닥보호스티커를 사용하세요.","테이블
상판: 파티클보드, 물푸레무늬목, 스테인, 틴트 투명 아크릴 래커, 페이퍼 포일, 물푸레무늬목, 스테인, 틴트 투명래커
하단 프레임: 원목, 접착제, 물푸레무늬목, 스테인, 틴트 투명 아크릴 래커
다리: 파티클보드, 물푸레무늬목, 스테인, 틴트 투명 아크릴 래커
벤치
윗면: 파티클보드, 물푸레무늬목, 스테인, 틴트 투명 아크릴 래커, 페이퍼 포일, 물푸레무늬목, 스테인, 틴트 투명래커
하단 프레임: 원목, 접착제, 물푸레무늬목, 스테인, 틴트 투명 아크릴 래커
다리: 파티클보드, 원목, 물푸레무늬목, 스테인, 틴트 투명 아크릴 래커","벤치
순한 세제에 적신 천으로 닦으세요.
깨끗한 천으로 물기를 닦아주세요.
안정성을 위하여 조립 2주 후에 나사를 점검하고 필요한 경우 다시 조여주세요.
테이블
안정성을 위하여 조립 2주 후에 나사를 점검하고 필요한 경우 다시 조여주세요.",벤치는 가정용으로 적합 판정을 받았으며 EN 12520 및 EN 1022의 내구성과 안전성 기준에 부합하는 제품입니다.이 의자는 관련된 강도 및 내구성 표준을 준수하고 테스트를 거친 제품입니다. 테스트는 일반적인 제품의 사용 횟수와 110kg인 사용자를 기준으로 실시되었습니다.,120.0,80.0,75.0,103.0,36.0,45.0,"이 제품은 4 개 패키지로 구성됩니다.

ÅLHULT 올훌트 테이블 제품 번호 206.007.94
폭: 83 cm
높이: 5 cm
길이: 125 cm
무게: 15.40 kg
패키지: 1

폭: 38 cm
높이: 7 cm
길이: 83 cm
무게: 7.15 kg
패키지: 1

ÅLHULT 올훌트 벤치 제품 번호 106.030.95
폭: 40 cm
높이: 8 cm
길이: 108 cm
무게: 10.95 kg
패키지: 2",,,dining_table_set,IKEA,black,"modern,nordic,minimal",True,medium,False,"ÅLHULT 올훌트 / ÅLHULT 올훌트 테이블+벤치2, 블랙/브라운/블랙/브라운, 120x80 cm ÅLHULT 올훌트 테이블은 물푸레무늬목 표면에 목재의 자연미를 보호하고 쉽게 관리할 수 있도록 약간의 색조를 넣어 투명 래커 처리했습니다.
물푸레나무 무늬목의 나뭇결이 각각 달라서 테이블마다 조금씩 다른 개성을 느낄 수 있습니다.
벤치 시트의 목재 무늬목 상단 층은 스테인과 래커로 처리되어 내구성이 우수하며, 자연스러운 나무 질감이 돋보입니다.
벤치를 테이블 아래로 밀어 넣으면 공간을 절약할 수 있어요.

참고
실내에서만 사용하세요.
바닥이 긁히는 것을 방지하려면 별도 판매되는 TRIXIG 트릭시그 바닥보호스티커를 사용하세요. 테이블
상판: 파티클보드, 물푸레무늬목, 스테인, 틴트 투명 아크릴 래커, 페이퍼 포일, 물푸레무늬목, 스테인, 틴트 투명래커
하단 프레임: 원목, 접착제, 물푸레무늬목, 스테인, 틴트 투명 아크릴 래커
다리: 파티클보드, 물푸레무늬목, 스테인, 틴트 투명 아크릴 래커
벤치
윗면: 파티클보드, 물푸레무늬목, 스테인, 틴트 투명 아크릴 래커, 페이퍼 포일, 물푸레무늬목, 스테인, 틴트 투명래커
하단 프레임: 원목, 접착제, 물푸레무늬목, 스테인, 틴트 투명 아크릴 래커
다리: 파티클보드, 원목, 물푸레무늬목, 스테인, 틴트 투명 아크릴 래커 벤치
순한 세제에 적신 천으로 닦으세요.
깨끗한 천으로 물기를 닦아주세요.
안정성을 위하여 조립 2주 후에 나사를 점검하고 필요한 경우 다시 조여주세요.
테이블
안정성을 위하여 조립 2주 후에 나사를 점검하고 필요한 경우 다시 조여주세요. "
"NORDEN 노르덴 / HÖGVED 회그베드 테이블+의자2, 자작나무/자작나무무늬목, 26/89/152 cm",https://www.ikea.com/kr/ko/p/norden-hoegved-table-and-2-chairs-birch-birch-veneer-s59630101/,"https://www.ikea.com/kr/ko/images/products/norden-hoegved-table-and-2-chairs-birch-birch-veneer__1528690_pe1014486_s5.jpg?f=xxs,https://www.ikea.com/kr/ko/images/products/norden-hoegved-table-and-2-chairs-birch-birch-veneer__1457132_pe992559_s5.jpg?f=xxs",617000,657000.0,,0.0,596.301.01,"상판 밑에 서랍 6개가 있어서 식기도구와 냅킨, 양초 등을 수납할 수 있습니다.
모양이 잡힌 의자의 등받이와 좌석 덕분에 편안하게 앉을 수 있습니다.
실내에서만 사용하세요.","게이트레그 테이블
상판/ 접이식 상판/ 서랍앞판/ 서랍 뒷면/ 기본 프레임: 자작나무 원목, 틴트 투명 아크릴 래커
서랍 옆면: 자작나무 합판, 틴트 투명 아크릴 래커
서랍 밑면: 섬유판, 섬유판
의자
등받이/ 침대살: 자작나무 원목, 접착제, 투명 아크릴 래커
시트: 적층 무늬목, 합판, 자작나무 무늬목, 투명 아크릴 래커
다리 프레임: 자작나무 원목, 자작나무 합판, 접착제, 투명 아크릴 래커","의자
중성세제를 희석한 물로 닦아주세요.
깨끗한 천으로 물기를 닦아주세요.
안정성을 위하여 조립 2주 후에 나사를 점검하고 필요한 경우 다시 조여주세요.
게이트레그 테이블
깨끗한 천으로 물기를 닦아주세요.","이 의자는 공공사용을 위한 검사를 마쳤으며 EN 16139-Level 1 표준에 명시된 안전, 내구성 및 안정성 기준에 부합합니다.",89.0,80.0,74.0,46.0,54.0,80.0,"이 제품은 4 개 패키지로 구성됩니다.
NORDEN 노르덴 게이트레그 테이블 제품 번호 804.238.83
폭: 66 cm
높이: 11 cm
길이: 83 cm
무게: 25.20 kg
패키지: 1
폭: 73 cm
높이: 10 cm
길이: 81 cm
무게: 21.40 kg
패키지: 1
HÖGVED 회그베드 의자 제품 번호 206.070.07
폭: 48 cm
높이: 48 cm
길이: 52 cm
무게: 5.05 kg
패키지: 2",,2.0,dining_table_set,IKEA,unknown,"modern,nordic,minimal",True,low,False,"NORDEN 노르덴 / HÖGVED 회그베드 테이블+의자2, 자작나무/자작나무무늬목, 26/89/152 cm 상판 밑에 서랍 6개가 있어서 식기도구와 냅킨, 양초 등을 수납할 수 있습니다.
모양이 잡힌 의자의 등받이와 좌석 덕분에 편안하게 앉을 수 있습니다.
실내에서만 사용하세요. 게이트레그 테이블
상판/ 접이식 상판/ 서랍앞판/ 서랍 뒷면/ 기본 프레임: 자작나무 원목, 틴트 투명 아크릴 래커
서랍 옆면: 자작나무 합판, 틴트 투명 아크릴 래커
서랍 밑면: 섬유판, 섬유판
의자
등받이/ 침대살: 자작나무 원목, 접착제, 투명 아크릴 래커
시트: 적층 무늬목, 합판, 자작나무 무늬목, 투명 아크릴 래커
다리 프레임: 자작나무 원목, 자작나무 합판, 접착제, 투명 아크릴 래커 의자
중성세제를 희석한 물로 닦아주세요.
깨끗한 천으로 물기를 닦아주세요.
안정성을 위하여 조립 2주 후에 나사를 점검하고 필요한 경우 다시 조여주세요.
게이트레그 테이블
깨끗한 천으로 물기를 닦아주세요. "
"ÅLHULT 올훌트 / ODGER 오드게르 테이블+의자2, 블랙/브라운/레드, 80x74 cm",https://www.ikea.com/kr/ko/p/alhult-odger-table-and-2-chairs-black-brown-red-s89611573/,"https://www.ikea.com/pimg/1439006_pe985051_s5.jpg?f=xxs,https://www.ikea.com/pimg/1447075_pe988959_s5.jpg?f=xxs",333800,348800.0,0.0,0.0,896.115.73,"ÅLHULT 올훌트 테이블은 물푸레무늬목 표면에 목재의 자연미를 보호하고 쉽게 관리할 수 있도록 약간의 색조를 넣어 투명 래커 처리했습니다.

물푸레나무 무늬목의 나뭇결이 각각 달라서 테이블마다 조금씩 다른 개성을 느낄 수 있습니다.

따로 공구가 없어도 부품을 끼우기만 하면 간편하게 조립할 수 있습니다.

목재 섬유/플라스틱 합성 소재로 만든 의자의 매트한 표면은 부드러워서 자꾸 만지고 싶은 질감이에요.","테이블
상판: 파티클보드, 물푸레무늬목, 스테인, 틴트 투명 아크릴 래커, 페이퍼 포일, 물푸레무늬목, 스테인, 틴트 투명래커
하단 프레임: 원목, 접착제, 물푸레무늬목, 스테인, 틴트 투명 아크릴 래커
다리: 파티클보드, 물푸레무늬목, 스테인, 틴트 투명 아크릴 래커
의자
등받이 일체형 시트/ 다리 프레임: 합성목재
손잡이: 폴리프로필렌 플라스틱
다리받침: 열가소성 엘라스토머",,,80.0,74.0,75.0,45.0,51.0,81.0,"이 제품은 3 개 패키지로 구성됩니다.

ÅLHULT 올훌트 테이블 제품 번호 306.007.98
폭: 78 cm
높이: 8 cm
길이: 84 cm
무게: 15.45 kg
패키지: 1

ODGER 오드게르 의자 제품 번호 505.165.53
폭: 50 cm
높이: 49 cm
길이: 55 cm
무게: 6.53 kg
패키지: 2",,2.0,dining_table_set,IKEA,black,"modern,nordic,minimal",False,medium,True,"ÅLHULT 올훌트 / ODGER 오드게르 테이블+의자2, 블랙/브라운/레드, 80x74 cm ÅLHULT 올훌트 테이블은 물푸레무늬목 표면에 목재의 자연미를 보호하고 쉽게 관리할 수 있도록 약간의 색조를 넣어 투명 래커 처리했습니다.

물푸레나무 무늬목의 나뭇결이 각각 달라서 테이블마다 조금씩 다른 개성을 느낄 수 있습니다.

따로 공구가 없어도 부품을 끼우기만 하면 간편하게 조립할 수 있습니다.

목재 섬유/플라스틱 합성 소재로 만든 의자의 매트한 표면은 부드러워서 자꾸 만지고 싶은 질감이에요. 테이블
상판: 파티클보드, 물푸레무늬목, 스테인, 틴트 투명 아크릴 래커, 페이퍼 포일, 물푸레무늬목, 스테인, 틴트 투명래커
하단 프레임: 원목, 접착제, 물푸레무늬목, 스테인, 틴트 투명 아크릴 래커
다리: 파티클보드, 물푸레무늬목, 스테인, 틴트 투명 아크릴 래커
의자
등받이 일체형 시트/ 다리 프레임: 합성목재
손잡이: 폴리프로필렌 플라스틱
다리받침: 열가소성 엘라스토머  "
"DUVSKÄR 두브셰르 / DUVSKÄR 두브셰르 테이블+의자2, 실외용 블랙블루/그레이, 76 cm",https://www.ikea.com/kr/ko/p/duvskaer-duvskaer-table-and-2-chairs-outdoor-black-blue-grey-s19544775/,"https://www.ikea.com/pimg/1240186_pe919211_s5.jpg?f=xxs,https://www.ikea.com/pimg/1240185_pe919193_s5.jpg?f=xxs",378800,,4.9,9.0,195.447.75,"모든 소재가 튼튼하고, 날씨의 영향을 받지 않으며, 관리하기 쉬워 야외에서 더 많은 시간을 보낼 수 있어요.

나무 소재 테이블상판은 유칼립투스 나무 갈빗살로 만들었습니다. 나뭇결과 색이 자연스럽게 달라지므로 테이블이 따스하고 자연스러운 느낌을 줍니다.

유칼립투스는 튼튼하고 단단한 나무로, 크기가 작고 유분 함유량이 높아 비바람과 건조함, 변형을 견디는 힘이 강하기 때문에 야외용으로 적합해요.

차곡차곡 쌓을 수 있어서 공간을 많이 차지하지 않습니다.

테이블을 납작하게 접어두면 자리를 거의 차지하지 않습니다.","야외테이블
상판: 유칼립투스나무 원목, 아크릴 스테인
기본 프레임: 스틸, 스틸, 폴리에스테르 파우더코팅
클립/ 슬리브/ 다리받침: 폴리아미드 플라스틱
브래킷/ 접이 메커니즘/ 다리 프레임: 스틸, 폴리에스테르 파우더코팅
잠금 스트럿/ 홀더/ 연결부: 강화 폴리아미드 플라스틱
패드: 폴리에틸렌 플라스틱
의자
등판/ 시트/ 다리: 스틸, 폴리에스테르 파우더코팅
마개/ 보호대: 폴리에틸렌 플라스틱
다리받침: 폴리아미드 플라스틱",,,76.0,63.0,74.0,,,,"이 제품은 3 개 패키지로 구성됩니다.

DUVSKÄR 두브셰르 야외테이블 제품 번호 505.157.61
폭: 64 cm
높이: 9 cm
길이: 88 cm
무게: 10.25 kg
패키지: 1

DUVSKÄR 두브셰르 의자 제품 번호 105.559.85
폭: 57 cm
높이: 52 cm
길이: 80 cm
무게: 5.14 kg
패키지: 2","야외테라스용 적합! 만족!
가격 비싼거 뺴곤 전부 만족합니다. 특히 의자가 다른 이케아 의자에 비해 넓고 편합니다. 테이블 의자 모두 묵직해서 야외에서 쓰기 적합하고 관리 또한 용이합니다. 직접 앉아보고 사길 잘했네요~",2.0,dining_table_set,IKEA,black,"modern,nordic,minimal",False,medium,False,"DUVSKÄR 두브셰르 / DUVSKÄR 두브셰르 테이블+의자2, 실외용 블랙블루/그레이, 76 cm 모든 소재가 튼튼하고, 날씨의 영향을 받지 않으며, 관리하기 쉬워 야외에서 더 많은 시간을 보낼 수 있어요.

나무 소재 테이블상판은 유칼립투스 나무 갈빗살로 만들었습니다. 나뭇결과 색이 자연스럽게 달라지므로 테이블이 따스하고 자연스러운 느낌을 줍니다.

유칼립투스는 튼튼하고 단단한 나무로, 크기가 작고 유분 함유량이 높아 비바람과 건조함, 변형을 견디는 힘이 강하기 때문에 야외용으로 적합해요.

차곡차곡 쌓을 수 있어서 공간을 많이 차지하지 않습니다.

테이블을 납작하게 접어두면 자리를 거의 차지하지 않습니다. 야외테이블
상판: 유칼립투스나무 원목, 아크릴 스테인
기본 프레임: 스틸, 스틸, 폴리에스테르 파우더코팅
클립/ 슬리브/ 다리받침: 폴리아미드 플라스틱
브래킷/ 접이 메커니즘/ 다리 프레임: 스틸, 폴리에스테르 파우더코팅
잠금 스트럿/ 홀더/ 연결부: 강화 폴리아미드 플라스틱
패드: 폴리에틸렌 플라스틱
의자
등판/ 시트/ 다리: 스틸, 폴리에스테르 파우더코팅
마개/ 보호대: 폴리에틸렌 플라스틱
다리받침: 폴리아미드 플라스틱  야외테라스용 적합! 만족!
가격 비싼거 뺴곤 전부 만족합니다. 특히 의자가 다른 이케아 의자에 비해 넓고 편합니다. 테이블 의자 모두 묵직해서 야외에서 쓰기 적합하고 관리 또한 용이합니다. 직접 앉아보고 사길 잘했네요~"
"NORDVIKEN 노르드비켄 / NORDVIKEN 노르드비켄 테이블+의자4, 앤티크 스테인/앤티크 스테인, 152/223x95 cm",https://www.ikea.com/kr/ko/p/nordviken-nordviken-table-and-4-chairs-antique-stain-antique-stain-s99386649/,"https://www.ikea.com/kr/ko/images/products/nordviken-nordviken-table-and-4-chairs-antique-stain-antique-stain__0941066_pe795322_s5.jpg?f=xxs,https://www.ikea.com/kr/ko/images/products/nordviken-nordviken-table-and-4-chairs-antique-stain-antique-stain__0941067_pe795323_s5.jpg?f=xxs",938600,998600.0,4.4,25.0,993.866.49,"실내에서만 사용하세요.
4-6인용.
본 제품은 재생이 가능하며 에너지를 재생하는데 사용할 수도 있습니다.
표면 긁힘과 바닥의 의자 긁히는 소리를 방지하려면 별도 판매 제품인 FIXA 픽사 자체 접착식 바닥보호판을 함께 사용하세요.
별도로 판매되는 NORDVIKEN 노르드비켄 의자 패드를 추가하여 사용할 수 있습니다.","확장형테이블 상판/ 확장판/ 사이드 레일/ 크로스 레일/ 앞/ 다리/ 하단 레일: 소나무 원목, 접착제, 스테인, 투명 아크릴 래커
연장 레일: 자작나무 원목, 접착제, 스테인, 투명 아크릴 래커
의자 다리/ 레일: 소나무 원목, 스테인, 투명 아크릴 래커
시트: 적층 무늬목, 소나무 무늬목, 적층 무늬목, 스테인, 투명 아크릴 래커","의자테이블+의자4: 중성세제를 희석한 물로 닦아주세요. 깨끗한 천으로 물기를 닦아주세요.
테이블테이블+의자4: 중성세제를 희석한 물로 닦아주세요. 깨끗한 천으로 물기를 닦아주세요.
의자: 안정성을 위하여 조립 2주 후에 나사를 점검하고 필요한 경우 다시 조여주세요.",의자는 가정용으로 적합 판정을 받았으며 EN 12520 및 EN 1022의 내구성과 안전성 기준에 부합하는 제품입니다.,152.0,95.0,,,,,"이 제품은 7 개 패키지로 구성됩니다.
NORDVIKEN 노르드비켄 확장형테이블 제품 번호 404.885.60
폭: 57 cm 높이: 9 cm 길이: 158 cm 무게: 23.37 kg 패키지: 1
폭: 56 cm 높이: 7 cm 길이: 157 cm 무게: 18.56 kg 패키지: 1
폭: 56 cm 높이: 7 cm 길이: 157 cm 무게: 18.56 kg 패키지: 1
NORDVIKEN 노르드비켄 의자 제품 번호 604.885.59
폭: 49 cm 높이: 9 cm 길이: 100 cm 무게: 5.37 kg 패키지: 4",맘에 듭니다.인증된 구매자일단 폭이 넓어서 맘에 들고. 확장을 한 후에도 안정감이 있어서 좋습니다. 의자도 생각보다 편하게 오래 앉을 수 있습니다.5,4.0,dining_table_set,IKEA,dark_wood,"modern,nordic,minimal",True,low,False,"NORDVIKEN 노르드비켄 / NORDVIKEN 노르드비켄 테이블+의자4, 앤티크 스테인/앤티크 스테인, 152/223x95 cm 실내에서만 사용하세요.
4-6인용.
본 제품은 재생이 가능하며 에너지를 재생하는데 사용할 수도 있습니다.
표면 긁힘과 바닥의 의자 긁히는 소리를 방지하려면 별도 판매 제품인 FIXA 픽사 자체 접착식 바닥보호판을 함께 사용하세요.
별도로 판매되는 NORDVIKEN 노르드비켄 의자 패드를 추가하여 사용할 수 있습니다. 확장형테이블 상판/ 확장판/ 사이드 레일/ 크로스 레일/ 앞/ 다리/ 하단 레일: 소나무 원목, 접착제, 스테인, 투명 아크릴 래커
연장 레일: 자작나무 원목, 접착제, 스테인, 투명 아크릴 래커
의자 다리/ 레일: 소나무 원목, 스테인, 투명 아크릴 래커
시트: 적층 무늬목, 소나무 무늬목, 적층 무늬목, 스테인, 투명 아크릴 래커 의자테이블+의자4: 중성세제를 희석한 물로 닦아주세요. 깨끗한 천으로 물기를 닦아주세요.
테이블테이블+의자4: 중성세제를 희석한 물로 닦아주세요. 깨끗한 천으로 물기를 닦아주세요.
의자: 안정성을 위하여 조립 2주 후에 나사를 점검하고 필요한 경우 다시 조여주세요. 맘에 듭니다.인증된 구매자일단 폭이 넓어서 맘에 들고. 확장을 한 후에도 안정감이 있어서 좋습니다. 의자도 생각보다 편하게 오래 앉을 수 있습니다.5"
"PINNTORP 핀토르프 / PINNTORP 핀토르프 테이블+의자2, 라이트 스테인 브라운 화이트스테인/라이트 스테인 브라운, 65 cm",https://www.ikea.com/kr/ko/p/pinntorp-pinntorp-table-and-2-chairs-light-brown-stained-white-stained-light-brown-stained-s19564443/,"https://www.ikea.com/kr/ko/images/products/pinntorp-pinntorp-table-and-2-chairs-light-brown-stained-white-stained-light-brown-stained__1301601_pe937492_s5.jpg?f=xxs,https://www.ikea.com/kr/ko/images/products/pinntorp-pinntorp-table-and-2-chairs-light-brown-stained-white-stained-light-brown-stained__1301721_pe937536_s5.jpg?f=xxs",188800,199700.0,4.7,11.0,195.644.43,"작지만 깔끔한 디자인으로 좁은 공간에서도 쉽고 편하게 사용할 수 있습니다.

테이블과 의자마다 나무 특유의 서로 다른 나뭇결과 자연스러운 색감을 고스란히 담고 있어 독특한 매력을 느낄 수 있어요.

견고하고 오래 사용할 수 있는 원목으로 만든 의자프레임이에요.

팔걸이가 없는 의자는 좁은 공간에 알맞습니다. 사용하지 않을 때 편하게 테이블 아래로 쏙 밀어 넣을 수 있으니까요.

실내에서만 사용하세요.

본 제품은 재생이 가능하며 에너지를 재생하는데 사용할 수도 있습니다.

2인용.

표면 긁힘을 방지하려면 별도 판매 제품인 FIXA 픽사 바닥보호판을 함께 사용하세요.","테이블 상판: 소나무 원목, 접착제, 스테인, 투명 아크릴 래커, 투명래커
하단 프레임: 소나무 원목, 접착제, 스테인, 투명 아크릴 래커
의자: 소나무 원목, 스테인, 투명래커","테이블: 순한 세제에 적신 천으로 닦으세요. 안전한 사용을 위해 필요시 나사를 다시 조여주세요.
의자: 깨끗한 천으로 물기를 닦아주세요.",의자는 가정용으로 적합 판정을 받았으며 EN 12520 및 EN 1022의 내구성과 안전성 기준에 부합하는 제품입니다.,65.0,65.0,,,,,"이 제품은 4 개 패키지로 구성됩니다.

PINNTORP 핀토르프 테이블 제품 번호 705.294.70
폭: 69 cm
높이: 3 cm
길이: 72 cm
무게: 4.72 kg
패키지: 1

폭: 37 cm
높이: 5 cm
길이: 79 cm
무게: 5.61 kg
패키지: 1

PINNTORP 핀토르프 의자 제품 번호 805.904.81
폭: 48 cm
높이: 9 cm
길이: 95 cm
무게: 4.04 kg
패키지: 2",,2.0,dining_table_set,IKEA,white,"modern,nordic,minimal",True,medium,False,"PINNTORP 핀토르프 / PINNTORP 핀토르프 테이블+의자2, 라이트 스테인 브라운 화이트스테인/라이트 스테인 브라운, 65 cm 작지만 깔끔한 디자인으로 좁은 공간에서도 쉽고 편하게 사용할 수 있습니다.

테이블과 의자마다 나무 특유의 서로 다른 나뭇결과 자연스러운 색감을 고스란히 담고 있어 독특한 매력을 느낄 수 있어요.

견고하고 오래 사용할 수 있는 원목으로 만든 의자프레임이에요.

팔걸이가 없는 의자는 좁은 공간에 알맞습니다. 사용하지 않을 때 편하게 테이블 아래로 쏙 밀어 넣을 수 있으니까요.

실내에서만 사용하세요.

본 제품은 재생이 가능하며 에너지를 재생하는데 사용할 수도 있습니다.

2인용.

표면 긁힘을 방지하려면 별도 판매 제품인 FIXA 픽사 바닥보호판을 함께 사용하세요. 테이블 상판: 소나무 원목, 접착제, 스테인, 투명 아크릴 래커, 투명래커
하단 프레임: 소나무 원목, 접착제, 스테인, 투명 아크릴 래커
의자: 소나무 원목, 스테인, 투명래커 테이블: 순한 세제에 적신 천으로 닦으세요. 안전한 사용을 위해 필요시 나사를 다시 조여주세요.
의자: 깨끗한 천으로 물기를 닦아주세요. "
"DANDERYD 단데뤼드 / SKOGSTA 스콕스타 테이블+의자4, 화이트/아카시아나무, 130 cm",https://www.ikea.com/kr/ko/p/danderyd-skogsta-table-and-4-chairs-white-acacia-s49545189/,"https://www.ikea.com/pimg/1240696_pe919444_s5.jpg?f=xxs,https://www.ikea.com/pimg/1240695_pe919445_s5.jpg?f=xxs",518600,,5.0,1.0,495.451.89,"관 형태 스틸 소재 테이블다리는 전통 방식으로 만들고 가공한 목재 모양으로 강도와 내구성이 뛰어납니다.
실내에서만 사용하세요.
미세한 표면의 긁힘을 방지하려면 별도 판매 제품인 FIXA 픽사 자체 접착식 바닥보호판을 함께 사용하세요.","식탁
기본 프레임/ 다리: 스틸, 에폭시/폴리에스테르 파우더코팅
안쪽 다리: 스틸
상판: 섬유판, 투명 아크릴 래커
의자
다리/ 다리 레일/ 뒷축/레일: 아카시아나무 원목, 투명 아크릴 래커
다리 프레임/ 시트/ 등받이: 아카시아나무 원목, 접착제, 투명 아크릴 래커","의자테이블+의자4
중성세제를 희석한 물로 닦아주세요.
깨끗한 천으로 물기를 닦아주세요.
테이블테이블+의자4
중성세제를 희석한 물로 닦아주세요.
깨끗한 천으로 물기를 닦아주세요.
식탁
안전한 사용을 위해 필요시 나사를 다시 조여주세요.",의자는 가정용으로 적합 판정을 받았으며 EN 12520 및 EN 1022의 내구성과 안전성 기준에 부합하는 제품입니다.,130.0,80.0,75.0,46.0,55.0,94.0,"이 제품은 6 개 패키지로 구성됩니다.
DANDERYD 단데뤼드 식탁 제품 번호 505.687.35
폭: 82 cm
높이: 3 cm
길이: 139 cm
무게: 17.00 kg
패키지: 1
폭: 36 cm
높이: 6 cm
길이: 116 cm
무게: 13.25 kg
패키지: 1
SKOGSTA 스콕스타 의자 제품 번호 705.448.71
폭: 46 cm
높이: 44 cm
길이: 63 cm
무게: 5.90 kg
패키지: 4",,4.0,dining_table_set,IKEA,white,"modern,nordic,minimal",True,low,False,"DANDERYD 단데뤼드 / SKOGSTA 스콕스타 테이블+의자4, 화이트/아카시아나무, 130 cm 관 형태 스틸 소재 테이블다리는 전통 방식으로 만들고 가공한 목재 모양으로 강도와 내구성이 뛰어납니다.
실내에서만 사용하세요.
미세한 표면의 긁힘을 방지하려면 별도 판매 제품인 FIXA 픽사 자체 접착식 바닥보호판을 함께 사용하세요. 식탁
기본 프레임/ 다리: 스틸, 에폭시/폴리에스테르 파우더코팅
안쪽 다리: 스틸
상판: 섬유판, 투명 아크릴 래커
의자
다리/ 다리 레일/ 뒷축/레일: 아카시아나무 원목, 투명 아크릴 래커
다리 프레임/ 시트/ 등받이: 아카시아나무 원목, 접착제, 투명 아크릴 래커 의자테이블+의자4
중성세제를 희석한 물로 닦아주세요.
깨끗한 천으로 물기를 닦아주세요.
테이블테이블+의자4
중성세제를 희석한 물로 닦아주세요.
깨끗한 천으로 물기를 닦아주세요.
식탁
안전한 사용을 위해 필요시 나사를 다시 조여주세요. "
"NÄSINGE 네싱에 / HÖGVED 회그베드 테이블+의자4, 다크브라운스테인 너도밤나무 무늬목/자작나무무늬목, 130x80 cm",https://www.ikea.com/kr/ko/p/naesinge-hoegved-table-and-4-chairs-dark-brown-stained-beech-veneer-birch-veneer-s99611723/,"https://www.ikea.com/kr/ko/images/products/naesinge-hoegved-table-and-4-chairs-dark-brown-stained-beech-veneer-birch-veneer__1439440_pe985324_s5.jpg?f=xxs,https://www.ikea.com/kr/ko/images/products/naesinge-hoegved-table-and-4-chairs-dark-brown-stained-beech-veneer-birch-veneer__1447131_pe988990_s5.jpg?f=xxs",740000,765000.0,5.0,1.0,996.117.23,"실내에서만 사용하세요.
바닥 긁힘 방지용 플라스틱 다리 4개 포함.
이 테이블을 조립하려면 비트 드라이버가 필요합니다. TRIXIG 트릭시그 공구세트15종(별도 판매)에 포함되어 있어요.","테이블 상판: 파티클보드, 투명 아크릴 래커, 섬유판, 페이퍼 포일, 너도밤나무 무늬목, 스테인, 투명래커
테이블 하단 프레임/다리: 원목, 접착제, 스테인, 투명 아크릴 래커
의자 등받이/침대살: 자작나무 원목, 접착제, 투명 아크릴 래커
의자 시트: 적층 무늬목, 합판, 자작나무 무늬목, 투명 아크릴 래커
의자 다리 프레임: 자작나무 원목, 자작나무 합판, 접착제, 투명 아크릴 래커","의자: 중성세제를 희석한 물로 닦아주세요. 깨끗한 천으로 물기를 닦아주세요. 안정성을 위하여 조립 2주 후에 나사를 점검하고 필요한 경우 다시 조여주세요.
테이블: 깨끗한 천으로 물기를 닦아주세요. 안정성을 위하여 조립 2주 후에 나사를 점검하고 필요한 경우 다시 조여주세요.",의자는 가정용으로 적합 판정을 받았으며 EN 12520 및 EN 1022의 내구성과 안전성 기준에 부합하는 제품입니다. 이 의자는 관련된 강도 및 내구성 표준을 준수하고 테스트를 거친 제품입니다. 테스트는 일반적인 제품의 사용 횟수와 110kg인 사용자를 기준으로 실시되었습니다.,130.0,80.0,75.0,52.0,59.0,95.0,"이 제품은 5 개 패키지로 구성됩니다.
NÄSINGE 네싱에 테이블 제품 번호 105.875.09 폭: 84 cm 높이: 7 cm 길이: 133 cm 무게: 24.20 kg 패키지: 1
HÖGVED 회그베드 의자 제품 번호 206.070.07 폭: 48 cm 높이: 48 cm 길이: 52 cm 무게: 5.05 kg 패키지: 4",,4.0,dining_table_set,IKEA,dark_wood,"modern,nordic,minimal",True,low,True,"NÄSINGE 네싱에 / HÖGVED 회그베드 테이블+의자4, 다크브라운스테인 너도밤나무 무늬목/자작나무무늬목, 130x80 cm 실내에서만 사용하세요.
바닥 긁힘 방지용 플라스틱 다리 4개 포함.
이 테이블을 조립하려면 비트 드라이버가 필요합니다. TRIXIG 트릭시그 공구세트15종(별도 판매)에 포함되어 있어요. 테이블 상판: 파티클보드, 투명 아크릴 래커, 섬유판, 페이퍼 포일, 너도밤나무 무늬목, 스테인, 투명래커
테이블 하단 프레임/다리: 원목, 접착제, 스테인, 투명 아크릴 래커
의자 등받이/침대살: 자작나무 원목, 접착제, 투명 아크릴 래커
의자 시트: 적층 무늬목, 합판, 자작나무 무늬목, 투명 아크릴 래커
의자 다리 프레임: 자작나무 원목, 자작나무 합판, 접착제, 투명 아크릴 래커 의자: 중성세제를 희석한 물로 닦아주세요. 깨끗한 천으로 물기를 닦아주세요. 안정성을 위하여 조립 2주 후에 나사를 점검하고 필요한 경우 다시 조여주세요.
테이블: 깨끗한 천으로 물기를 닦아주세요. 안정성을 위하여 조립 2주 후에 나사를 점검하고 필요한 경우 다시 조여주세요. "
"NORDVIKEN 노르드비켄 / NORDVIKEN 노르드비켄 테이블+의자6, 앤티크 스테인/앤티크 스테인, 152/223x95 cm",https://www.ikea.com/kr/ko/p/nordviken-nordviken-table-and-6-chairs-antique-stain-antique-stain-s79400533/,"https://www.ikea.com/kr/ko/images/products/nordviken-nordviken-table-and-6-chairs-antique-stain-antique-stain__0941068_pe795325_s5.jpg?f=xxs,https://www.ikea.com/kr/ko/images/products/nordviken-nordviken-table-and-6-chairs-antique-stain-antique-stain__0941069_pe795324_s5.jpg?f=xxs",1138400,1198400.0,4.0,5.0,794.005.33,"별도로 판매되는 NORDVIKEN 노르드비켄 의자 패드를 추가하여 사용할 수 있습니다.
6-8인용.","의자 다리/레일: 소나무 원목, 스테인, 투명 아크릴 래커
시트: 적층 무늬목, 소나무 무늬목, 적층 무늬목, 스테인, 투명 아크릴 래커
확장형테이블 상판/확장판/사이드 레일/크로스 레일/앞/다리/하단 레일: 소나무 원목, 접착제, 스테인, 투명 아크릴 래커
연장 레일: 자작나무 원목, 접착제, 스테인, 투명 아크릴 래커","안전한 사용을 위해 필요시 나사를 다시 조여주세요.
중성세제를 희석한 물로 닦아주세요.
깨끗한 천으로 물기를 닦아주세요.",,152.0,95.0,,,,,"이 제품은 9 개 패키지로 구성됩니다.
NORDVIKEN 노르드비켄 의자 제품 번호 604.885.59
폭: 49 cm
높이: 9 cm
길이: 100 cm
무게: 5.37 kg
패키지: 6
NORDVIKEN 노르드비켄 확장형테이블 제품 번호 404.885.60
이 제품은 여러 개의 패키지로 포장되어 있습니다.
폭: 57 cm
높이: 9 cm
길이: 158 cm
무게: 23.37 kg
패키지: 1
폭: 56 cm
높이: 7 cm
길이: 157 cm
무게: 18.56 kg
패키지: 1
폭: 56 cm
높이: 7 cm
길이: 157 cm
무게: 18.56 kg
패키지: 1",,6.0,dining_table_set,IKEA,dark_wood,"modern,nordic,minimal",False,low,False,"NORDVIKEN 노르드비켄 / NORDVIKEN 노르드비켄 테이블+의자6, 앤티크 스테인/앤티크 스테인, 152/223x95 cm 별도로 판매되는 NORDVIKEN 노르드비켄 의자 패드를 추가하여 사용할 수 있습니다.
6-8인용. 의자 다리/레일: 소나무 원목, 스테인, 투명 아크릴 래커
시트: 적층 무늬목, 소나무 무늬목, 적층 무늬목, 스테인, 투명 아크릴 래커
확장형테이블 상판/확장판/사이드 레일/크로스 레일/앞/다리/하단 레일: 소나무 원목, 접착제, 스테인, 투명 아크릴 래커
연장 레일: 자작나무 원목, 접착제, 스테인, 투명 아크릴 래커 안전한 사용을 위해 필요시 나사를 다시 조여주세요.
중성세제를 희석한 물로 닦아주세요.
깨끗한 천으로 물기를 닦아주세요. "
"STENSELE 스텐셀레 / ODGER 오드게르 테이블+의자2, 앤트러싸이트 앤트러싸이트/앤트러싸이트, 70 cm",https://www.ikea.com/kr/ko/p/stensele-odger-table-and-2-chairs-anthracite-anthracite-anthracite-s79569414/,"https://www.ikea.com/kr/ko/images/products/stensele-odger-table-and-2-chairs-anthracite-anthracite-anthracite__1331416_pe945978_s5.jpg?f=xxs,https://www.ikea.com/kr/ko/images/products/stensele-odger-table-and-2-chairs-anthracite-anthracite-anthracite__1340296_pe948539_s5.jpg?f=xxs",360800,378800.0,4.0,1.0,795.694.14,"튼튼하면서도 가볍고, 속이 빈 스틸 다리와 4개 다리가 있는 알루미늄 베이스 덕분에 옮기기 쉽습니다.
일체형 다리는 바닥 긁힘을 방지하고 고르지 않은 표면에도 테이블을 안정적으로 세울 수 있도록 조절할 수 있습니다.
테이블 상판을 따로 구매할 수 있어서 언제든지 테이블 모습을 바꿀 수 있어요.
실내에서만 사용하세요.
얼룩과 자국이 생길 위험을 최소화하려면 쏟은 액체나 기름을 천으로 즉시 닦아내세요.","테이블상판: 파티클보드, 라미네이트, 플라스틱 테두리, 라미네이트
테이블받침대 베이스: 알루미늄, 에폭시/폴리에스테르 파우더코팅
다리/ 레일: 스틸, 에폭시/폴리에스테르 파우더코팅
의자 등받이 일체형 시트/ 다리 프레임: 합성목재
손잡이: 폴리프로필렌 플라스틱
다리받침: 열가소성 엘라스토머","테이블상판: 순한 세제에 적신 천으로 닦으세요. 깨끗한 천으로 물기를 닦아주세요.
테이블받침대: 순한 세제에 적신 천으로 닦으세요. 깨끗한 천으로 물기를 닦아주세요. 안전한 사용을 위해 필요시 나사를 다시 조여주세요.","의자는 가정용으로 적합 판정을 받았으며 EN 12520 및 EN 1022의 내구성과 안전성 기준에 부합하는 제품입니다. 가정 외 일반적인 공공장소에서 사용할 수 있도록 테스트를 거쳤으며 EN 15372 및 ANSI/BIFMA X:5.5의 안전성 및 내구성, 안정성 기준에 부합하는 테이블입니다.",,70.0,75.0,45.0,51.0,81.0,"이 제품은 4 개 패키지로 구성됩니다.
STENSELE 스텐셀레 테이블상판 제품 번호 704.128.99 폭: 71 cm 높이: 3 cm 길이: 76 cm 무게: 6.80 kg 패키지: 1
STENSELE 스텐셀레 테이블받침대 제품 번호 404.130.27 폭: 61 cm 높이: 11 cm 길이: 63 cm 무게: 6.56 kg 패키지: 1
ODGER 오드게르 의자 제품 번호 304.573.14 폭: 50 cm 높이: 49 cm 길이: 55 cm 무게: 6.53 kg 패키지: 2",,2.0,dining_table_set,IKEA,unknown,"modern,nordic,minimal",True,medium,False,"STENSELE 스텐셀레 / ODGER 오드게르 테이블+의자2, 앤트러싸이트 앤트러싸이트/앤트러싸이트, 70 cm 튼튼하면서도 가볍고, 속이 빈 스틸 다리와 4개 다리가 있는 알루미늄 베이스 덕분에 옮기기 쉽습니다.
일체형 다리는 바닥 긁힘을 방지하고 고르지 않은 표면에도 테이블을 안정적으로 세울 수 있도록 조절할 수 있습니다.
테이블 상판을 따로 구매할 수 있어서 언제든지 테이블 모습을 바꿀 수 있어요.
실내에서만 사용하세요.
얼룩과 자국이 생길 위험을 최소화하려면 쏟은 액체나 기름을 천으로 즉시 닦아내세요. 테이블상판: 파티클보드, 라미네이트, 플라스틱 테두리, 라미네이트
테이블받침대 베이스: 알루미늄, 에폭시/폴리에스테르 파우더코팅
다리/ 레일: 스틸, 에폭시/폴리에스테르 파우더코팅
의자 등받이 일체형 시트/ 다리 프레임: 합성목재
손잡이: 폴리프로필렌 플라스틱
다리받침: 열가소성 엘라스토머 테이블상판: 순한 세제에 적신 천으로 닦으세요. 깨끗한 천으로 물기를 닦아주세요.
테이블받침대: 순한 세제에 적신 천으로 닦으세요. 깨끗한 천으로 물기를 닦아주세요. 안전한 사용을 위해 필요시 나사를 다시 조여주세요. "
"TONSTAD 톤스타드 / TONSTAD 톤스타드 테이블+의자4, 오프화이트/프리드투나 라이트베이지 오프화이트, 140/196x85 cm",https://www.ikea.com/kr/ko/p/tonstad-tonstad-table-and-4-chairs-off-white-fridtuna-light-beige-off-white-s19599720/,"https://www.ikea.com/kr/ko/images/products/tonstad-tonstad-table-and-4-chairs-off-white-fridtuna-light-beige-off-white__1426735_pe979968_s5.jpg?f=xxs,https://www.ikea.com/kr/ko/images/products/tonstad-tonstad-table-and-4-chairs-off-white-fridtuna-light-beige-off-white__1444213_pe987447_s5.jpg?f=xxs",758600,798600.0,0.0,0.0,195.997.20,"부드럽고 둥근 모서리가 특징인 이 무광 오프화이트 4~6인용 테이블은 일상에서 가장 좋아하는 장소가 될 거예요.

견고한 목재 다리와 기능적이며 젖은 천으로 쉽게 닦을 수 있는 래커 처리된 매끄러운 멜라민 상판으로 이루어진 안정적인 구조입니다.

자체 보관 상판을 간편하게 꺼내 테이블을 4인용에서 6인용으로 확장할 수 있으며, 손님이 떠나면 쉽게 분리해 상판 아래로 접어 넣을 수 있습니다.

이 커버는 튼튼한 면과 폴리에스테르 혼방 패브릭인 FRIDTUNA 프리드투나로 만들었어요. 서로 다른 톤으로 직조해 깊이감이 느껴지는 질감이 특징인 패브릭입니다.

의자커버의 파이핑은 세련된 느낌을 더하면서 가장자리를 튼튼하게 만들어 줘서 내구성이 좋아지고 잘 해지지 않아요.

넉넉하고 두꺼운 폼 쿠션 덕분에 오래 앉아 있어도 편안합니다.

움직임에 맞춰 등을 받쳐주는 고탄성 폼 등받이여서 자세를 바꾸거나 고쳐 앉을 때 지지력이 좋아요.

커버를 벗겨서 세탁할 수 있어 깨끗하게 관리할 수 있습니다.

위에 파우더코팅 메탈 디테일로 포인트를 준 오프화이트 마감의 원목 다리는 스타일과 안정성 모두 뛰어나요.

참고

커버는 벗겨서 세탁할 수 있습니다.

자체 보관 확장형 상판 1개가 포함되어 있습니다.

TONSTAD 톤스타드 시리즈의 다른 제품과 함께 사용할 수 있습니다.

이 테이블을 조립하려면 비트 드라이버가 필요합니다. TRIXIG 트릭시그 공구세트15종(별도 판매)에 포함되어 있어요.

바닥이 긁히는 것을 방지하려면 별도 판매되는 TRIXIG 트릭시그 바닥보호스티커를 사용하세요.

TONSTAD 톤스타드 의자의 추가 커버는 별도 판매됩니다.

실내에서만 사용하세요.

4-6인용.","확장형테이블 상단 패널: 파티클보드, 아크릴 페인트, 멜라민포일, 플라스틱 테두리. 레일,옆/ 다리: 원목, 접착제, 아크릴 페인트. 크로스 레일: 파티클보드, 플라스틱 포일, 페이퍼 포일. 의자커버 패브릭/ 패브릭: 면 78%, 폴리에스테르 22%(최소 90% 재활용). 원사: 폴리에스테르 100%. 벨크로: 나일론 100%. 의자프레임 등받이 원단/ 보호 패브릭: 폴리에스테르 100% (100% 재활용). 내화 안감/ 안감: 폴리에스테르충전재. 다리: 원목, 아크릴 페인트. 슬리브/ 마운팅 플레이트/ 나사받이/ 고정 브래킷: 스틸, 에폭시/폴리에스테르 파우더코팅. 등받이: 합판, 고탄력 폴리우레탄 폼 35 kg/cu.m. 시트: 적층 무늬목, 폴리우레탄 폼 35kg/cu.m. 벨크로: 나일론 100%.","탈부착커버의자커버: 세탁기 사용 가능, 최대 40°C, 표준 코스. 표백하지 마세요. 건조기에 넣지 마세요. 다림질, 최대 150°C. 드라이클리닝, 표준 코스.
의자프레임: 진공청소기를 사용하세요. 깨끗한 천으로 물기를 닦아주세요. 가벼운 얼룩은 섬유세제를 이용하거나 물 또는 중성세제에 적신 스펀지로 지워주세요. 안정성을 위하여 조립 2주 후에 나사를 점검하고 필요한 경우 다시 조여주세요.
확장형테이블: 순한 세제에 적신 천으로 닦으세요. 깨끗한 천으로 물기를 닦아주세요. 안정성을 위하여 조립 2주 후에 나사를 점검하고 필요한 경우 다시 조여주세요.","의자는 가정용으로 적합 판정을 받았으며 EN 12520 및 EN 1022의 내구성과 안전성 기준에 부합하는 제품입니다. 내변색성 레벨 1~8 중 레벨 5 판정을 받은 커버입니다. 업계 표준에 따르면 가정용으로는 레벨 4 이상이 적합합니다. 25,000 사이클의 마모성 테스트를 완료한 커버입니다. 15,000 사이클 이상을 견디는 커버는 일반적인 가정용으로 적합합니다. 이 의자는 관련된 강도 및 내구성 표준을 준수하고 테스트를 거친 제품입니다. 테스트는 일반적인 제품의 사용 횟수와 110kg인 사용자를 기준으로 실시되었습니다.",196.0,85.0,75.0,42.0,56.0,86.0,"이 제품은 10 개 패키지로 구성됩니다.
TONSTAD 톤스타드 확장형테이블 제품 번호 006.007.33 폭: 24 cm 높이: 11 cm 길이: 152 cm 무게: 15.50 kg 패키지: 1
폭: 73 cm 높이: 6 cm 길이: 89 cm 무게: 22.00 kg 패키지: 1
TONSTAD 톤스타드 의자커버 제품 번호 606.035.78 폭: 17 cm 높이: 4 cm 길이: 25 cm 무게: 0.33 kg 패키지: 4
TONSTAD 톤스타드 의자프레임 제품 번호 905.940.49 폭: 50 cm 높이: 14 cm 길이: 55 cm 무게: 7.95 kg 패키지: 4",,4.0,dining_table_set,IKEA,white,"modern,nordic,minimal",True,low,True,"TONSTAD 톤스타드 / TONSTAD 톤스타드 테이블+의자4, 오프화이트/프리드투나 라이트베이지 오프화이트, 140/196x85 cm 부드럽고 둥근 모서리가 특징인 이 무광 오프화이트 4~6인용 테이블은 일상에서 가장 좋아하는 장소가 될 거예요.

견고한 목재 다리와 기능적이며 젖은 천으로 쉽게 닦을 수 있는 래커 처리된 매끄러운 멜라민 상판으로 이루어진 안정적인 구조입니다.

자체 보관 상판을 간편하게 꺼내 테이블을 4인용에서 6인용으로 확장할 수 있으며, 손님이 떠나면 쉽게 분리해 상판 아래로 접어 넣을 수 있습니다.

이 커버는 튼튼한 면과 폴리에스테르 혼방 패브릭인 FRIDTUNA 프리드투나로 만들었어요. 서로 다른 톤으로 직조해 깊이감이 느껴지는 질감이 특징인 패브릭입니다.

의자커버의 파이핑은 세련된 느낌을 더하면서 가장자리를 튼튼하게 만들어 줘서 내구성이 좋아지고 잘 해지지 않아요.

넉넉하고 두꺼운 폼 쿠션 덕분에 오래 앉아 있어도 편안합니다.

움직임에 맞춰 등을 받쳐주는 고탄성 폼 등받이여서 자세를 바꾸거나 고쳐 앉을 때 지지력이 좋아요.

커버를 벗겨서 세탁할 수 있어 깨끗하게 관리할 수 있습니다.

위에 파우더코팅 메탈 디테일로 포인트를 준 오프화이트 마감의 원목 다리는 스타일과 안정성 모두 뛰어나요.

참고

커버는 벗겨서 세탁할 수 있습니다.

자체 보관 확장형 상판 1개가 포함되어 있습니다.

TONSTAD 톤스타드 시리즈의 다른 제품과 함께 사용할 수 있습니다.

이 테이블을 조립하려면 비트 드라이버가 필요합니다. TRIXIG 트릭시그 공구세트15종(별도 판매)에 포함되어 있어요.

바닥이 긁히는 것을 방지하려면 별도 판매되는 TRIXIG 트릭시그 바닥보호스티커를 사용하세요.

TONSTAD 톤스타드 의자의 추가 커버는 별도 판매됩니다.

실내에서만 사용하세요.

4-6인용. 확장형테이블 상단 패널: 파티클보드, 아크릴 페인트, 멜라민포일, 플라스틱 테두리. 레일,옆/ 다리: 원목, 접착제, 아크릴 페인트. 크로스 레일: 파티클보드, 플라스틱 포일, 페이퍼 포일. 의자커버 패브릭/ 패브릭: 면 78%, 폴리에스테르 22%(최소 90% 재활용). 원사: 폴리에스테르 100%. 벨크로: 나일론 100%. 의자프레임 등받이 원단/ 보호 패브릭: 폴리에스테르 100% (100% 재활용). 내화 안감/ 안감: 폴리에스테르충전재. 다리: 원목, 아크릴 페인트. 슬리브/ 마운팅 플레이트/ 나사받이/ 고정 브래킷: 스틸, 에폭시/폴리에스테르 파우더코팅. 등받이: 합판, 고탄력 폴리우레탄 폼 35 kg/cu.m. 시트: 적층 무늬목, 폴리우레탄 폼 35kg/cu.m. 벨크로: 나일론 100%. 탈부착커버의자커버: 세탁기 사용 가능, 최대 40°C, 표준 코스. 표백하지 마세요. 건조기에 넣지 마세요. 다림질, 최대 150°C. 드라이클리닝, 표준 코스.
의자프레임: 진공청소기를 사용하세요. 깨끗한 천으로 물기를 닦아주세요. 가벼운 얼룩은 섬유세제를 이용하거나 물 또는 중성세제에 적신 스펀지로 지워주세요. 안정성을 위하여 조립 2주 후에 나사를 점검하고 필요한 경우 다시 조여주세요.
확장형테이블: 순한 세제에 적신 천으로 닦으세요. 깨끗한 천으로 물기를 닦아주세요. 안정성을 위하여 조립 2주 후에 나사를 점검하고 필요한 경우 다시 조여주세요. "
"STENSELE 스텐셀레 / ODGER 오드게르 테이블+의자2, 앤트러싸이트 앤트러싸이트/앤트러싸이트, 70x70 cm",https://www.ikea.com/kr/ko/p/stensele-odger-table-and-2-chairs-anthracite-anthracite-anthracite-s39569425/,"https://www.ikea.com/pimg/1331415_pe945976_s5.jpg?f=xxs,https://www.ikea.com/pimg/1340295_pe948538_s5.jpg?f=xxs",360800,378800.0,1.0,1.0,395.694.25,,"테이블상판: 파티클보드, 라미네이트, 플라스틱 테두리, 라미네이트
테이블받침대 베이스: 알루미늄, 에폭시/폴리에스테르 파우더코팅
다리/레일: 스틸, 에폭시/폴리에스테르 파우더코팅
의자 등받이 일체형 시트/다리 프레임: 합성목재
손잡이: 폴리프로필렌 플라스틱
다리받침: 열가소성 엘라스토머","테이블받침대: 순한 세제에 적신 천으로 닦으세요. 깨끗한 천으로 물기를 닦아주세요. 안전한 사용을 위해 필요시 나사를 다시 조여주세요.
테이블상판: 순한 세제에 적신 천으로 닦으세요. 깨끗한 천으로 물기를 닦아주세요.",,70.0,70.0,75.0,45.0,51.0,81.0,"이 제품은 4 개 패키지로 구성됩니다.
STENSELE 스텐셀레 테이블상판 제품 번호 904.269.37 폭: 71 cm 높이: 3 cm 길이: 76 cm 무게: 8.75 kg 패키지: 1
STENSELE 스텐셀레 테이블받침대 제품 번호 404.130.27 폭: 61 cm 높이: 11 cm 길이: 63 cm 무게: 6.56 kg 패키지: 1
ODGER 오드게르 의자 제품 번호 304.573.14 폭: 50 cm 높이: 49 cm 길이: 55 cm 무게: 6.53 kg 패키지: 2",,2.0,dining_table_set,IKEA,unknown,"modern,nordic,minimal",False,medium,False,"STENSELE 스텐셀레 / ODGER 오드게르 테이블+의자2, 앤트러싸이트 앤트러싸이트/앤트러싸이트, 70x70 cm  테이블상판: 파티클보드, 라미네이트, 플라스틱 테두리, 라미네이트
테이블받침대 베이스: 알루미늄, 에폭시/폴리에스테르 파우더코팅
다리/레일: 스틸, 에폭시/폴리에스테르 파우더코팅
의자 등받이 일체형 시트/다리 프레임: 합성목재
손잡이: 폴리프로필렌 플라스틱
다리받침: 열가소성 엘라스토머 테이블받침대: 순한 세제에 적신 천으로 닦으세요. 깨끗한 천으로 물기를 닦아주세요. 안전한 사용을 위해 필요시 나사를 다시 조여주세요.
테이블상판: 순한 세제에 적신 천으로 닦으세요. 깨끗한 천으로 물기를 닦아주세요. "
"TONSTAD 톤스타드 / TONSTAD 톤스타드 테이블+의자4, 참나무무늬목/참나무무늬 프리드투나 라이트베이지, 140/196x85 cm",https://www.ikea.com/kr/ko/p/tonstad-tonstad-table-and-4-chairs-oak-veneer-oak-effect-fridtuna-light-beige-s19602181/,"https://www.ikea.com/kr/ko/images/products/tonstad-tonstad-table-and-4-chairs-oak-veneer-oak-effect-fridtuna-light-beige__1426765_pe980004_s5.jpg?f=xxs,https://www.ikea.com/kr/ko/images/products/tonstad-tonstad-table-and-4-chairs-oak-veneer-oak-effect-fridtuna-light-beige__1444221_pe987460_s5.jpg?f=xxs",848600,898600.0,,0.0,196.021.81,"견고한 목재 다리와 천연 목재 무늬목 표면으로 이루어진 안정적인 구조, 얼룩과 마모를 방지하기 위해 여러 겹으로 스테인 및 래커 처리하여 걱정 없이 매 순간을 즐길 수 있어요.

자체 보관 상판을 간편하게 꺼내 테이블을 4인용에서 6인용으로 확장할 수 있으며, 손님이 떠나면 쉽게 분리해 상판 아래로 접어 넣을 수 있습니다.

테이블 다리는 테이블이 확장되더라도 항상 테이블의 모서리에 자리하고 있어 의자를 놓을 공간도 충분합니다.

테이블마다 나무 특유의 다양한 나뭇결과 자연스러운 색감을 고스란히 담고 있어 독특한 매력을 느낄 수 있어요.

쿠션형 시트가 식사 공간을 아늑하게 만들어 주고, 커버는 세탁할 수 있어서 관리하기 편합니다. 스타일과 실용성을 모두 갖췄어요.

각도와 형태를 세심하게 고려한 등받이가 등을 잘 받쳐줘서 앉아 있을 때 더욱 편안합니다.

이 시트커버는 튼튼한 면과 폴리에스테르 혼방 패브릭인 FRIDTUNA 프리드투나로 만들었어요. 서로 다른 톤으로 직조해 깊이감이 느껴지는 질감이 특징인 패브릭입니다.

참나무 무늬로 마감한 원목 프레임이 스타일과 안정성을 모두 살려줍니다.

커버는 벗겨서 세탁할 수 있습니다.

자체 보관 확장형 상판 1개가 포함되어 있습니다.

실내에서만 사용하세요.

4-6인용.

의자를 조립하려면 비트 드라이버가 필요합니다. TRIXIG 트릭시그 공구세트15종(별도 판매)에 포함되어 있어요.

이 테이블을 조립하려면 비트 드라이버가 필요합니다. TRIXIG 트릭시그 공구세트15종(별도 판매)에 포함되어 있어요.

바닥이 긁히는 것을 방지하려면 별도 판매되는 TRIXIG 트릭시그 바닥보호스티커를 사용하세요.

TONSTAD 톤스타드 시리즈의 다른 제품과 함께 사용할 수 있습니다.","확장형테이블 상단 패널: 파티클보드, 페이퍼 포일, 페이퍼 에징, 참나무 무늬목, 투명 아크릴 래커
레일,옆/ 다리: 원목, 접착제, 참나무 무늬목, 투명 아크릴 래커
크로스 레일: 파티클보드, 플라스틱 포일
의자 패브릭: 면 78%, 폴리에스테르 22%(최소 90% 재활용)
내화 안감: 폴리에스테르충전재
프레임: 원목, 접착제, 프린트 아크릴 페인트, 투명 아크릴 래커
시트: 섬유판, 폴리우레탄 폼 35kg/cu.m., 투명래커
패브릭 커버: 면 78%, 폴리에스테르 22 %
원사: 폴리에스테르 100 %","테이블+의자4: 세탁기 사용 가능, 최대 40°C, 표준 코스, 단독세탁, 표백하지 마세요, 건조기에 넣지 마세요, 다림질, 최대 150°C, 드라이클리닝, 표준 코스.
확장형테이블: 순한 세제에 적신 천으로 닦으세요. 깨끗한 천으로 물기를 닦아주세요. 안정성을 위하여 조립 2주 후에 나사를 점검하고 필요한 경우 다시 조여주세요.","의자는 가정용으로 적합 판정을 받았으며 EN 12520 및 EN 1022의 내구성과 안전성 기준에 부합하는 제품입니다. 내변색성 레벨 1~8 중 레벨 5 판정을 받은 커버입니다. 업계 표준에 따르면 가정용으로는 레벨 4 이상이 적합합니다. 25,000 사이클의 마모성 테스트를 완료한 커버입니다. 15,000 사이클 이상을 견디는 커버는 일반적인 가정용으로 적합합니다. 이 의자는 관련된 강도 및 내구성 표준을 준수하고 테스트를 거친 제품입니다. 테스트는 일반적인 제품의 사용 횟수와 110kg인 사용자를 기준으로 실시되었습니다.",140.0,85.0,75.0,42.0,48.0,88.0,"이 제품은 6 개 패키지로 구성됩니다.
TONSTAD 톤스타드 확장형테이블 제품 번호 205.940.62
폭: 24 cm, 높이: 11 cm, 길이: 153 cm, 무게: 17.07 kg, 패키지: 1
폭: 73 cm, 높이: 6 cm, 길이: 89 cm, 무게: 21.95 kg, 패키지: 1
TONSTAD 톤스타드 의자 제품 번호 305.940.33
폭: 44 cm, 높이: 18 cm, 길이: 94 cm, 무게: 6.35 kg, 패키지: 4",,4.0,dining_table_set,IKEA,light_wood,"modern,nordic,minimal",True,medium,True,"TONSTAD 톤스타드 / TONSTAD 톤스타드 테이블+의자4, 참나무무늬목/참나무무늬 프리드투나 라이트베이지, 140/196x85 cm 견고한 목재 다리와 천연 목재 무늬목 표면으로 이루어진 안정적인 구조, 얼룩과 마모를 방지하기 위해 여러 겹으로 스테인 및 래커 처리하여 걱정 없이 매 순간을 즐길 수 있어요.

자체 보관 상판을 간편하게 꺼내 테이블을 4인용에서 6인용으로 확장할 수 있으며, 손님이 떠나면 쉽게 분리해 상판 아래로 접어 넣을 수 있습니다.

테이블 다리는 테이블이 확장되더라도 항상 테이블의 모서리에 자리하고 있어 의자를 놓을 공간도 충분합니다.

테이블마다 나무 특유의 다양한 나뭇결과 자연스러운 색감을 고스란히 담고 있어 독특한 매력을 느낄 수 있어요.

쿠션형 시트가 식사 공간을 아늑하게 만들어 주고, 커버는 세탁할 수 있어서 관리하기 편합니다. 스타일과 실용성을 모두 갖췄어요.

각도와 형태를 세심하게 고려한 등받이가 등을 잘 받쳐줘서 앉아 있을 때 더욱 편안합니다.

이 시트커버는 튼튼한 면과 폴리에스테르 혼방 패브릭인 FRIDTUNA 프리드투나로 만들었어요. 서로 다른 톤으로 직조해 깊이감이 느껴지는 질감이 특징인 패브릭입니다.

참나무 무늬로 마감한 원목 프레임이 스타일과 안정성을 모두 살려줍니다.

커버는 벗겨서 세탁할 수 있습니다.

자체 보관 확장형 상판 1개가 포함되어 있습니다.

실내에서만 사용하세요.

4-6인용.

의자를 조립하려면 비트 드라이버가 필요합니다. TRIXIG 트릭시그 공구세트15종(별도 판매)에 포함되어 있어요.

이 테이블을 조립하려면 비트 드라이버가 필요합니다. TRIXIG 트릭시그 공구세트15종(별도 판매)에 포함되어 있어요.

바닥이 긁히는 것을 방지하려면 별도 판매되는 TRIXIG 트릭시그 바닥보호스티커를 사용하세요.

TONSTAD 톤스타드 시리즈의 다른 제품과 함께 사용할 수 있습니다. 확장형테이블 상단 패널: 파티클보드, 페이퍼 포일, 페이퍼 에징, 참나무 무늬목, 투명 아크릴 래커
레일,옆/ 다리: 원목, 접착제, 참나무 무늬목, 투명 아크릴 래커
크로스 레일: 파티클보드, 플라스틱 포일
의자 패브릭: 면 78%, 폴리에스테르 22%(최소 90% 재활용)
내화 안감: 폴리에스테르충전재
프레임: 원목, 접착제, 프린트 아크릴 페인트, 투명 아크릴 래커
시트: 섬유판, 폴리우레탄 폼 35kg/cu.m., 투명래커
패브릭 커버: 면 78%, 폴리에스테르 22 %
원사: 폴리에스테르 100 % 테이블+의자4: 세탁기 사용 가능, 최대 40°C, 표준 코스, 단독세탁, 표백하지 마세요, 건조기에 넣지 마세요, 다림질, 최대 150°C, 드라이클리닝, 표준 코스.
확장형테이블: 순한 세제에 적신 천으로 닦으세요. 깨끗한 천으로 물기를 닦아주세요. 안정성을 위하여 조립 2주 후에 나사를 점검하고 필요한 경우 다시 조여주세요. "
"NÄSINGE 네싱에 / NÄSINGE 네싱에 테이블+의자2, 다크브라운 스테인 너도밤나무 무늬목/다크브라운 실란다 라이트베이지, 80x60 cm",https://www.ikea.com/kr/ko/p/naesinge-naesinge-table-and-2-chairs-dark-brown-stained-beech-veener-dark-brown-kilanda-light-beige-s49602349/,"https://www.ikea.com/kr/ko/images/products/naesinge-naesinge-table-and-2-chairs-dark-brown-stained-beech-veener-dark-brown-kilanda-light-beige__1427889_pe980623_s5.jpg?f=xxs,https://www.ikea.com/kr/ko/images/products/naesinge-naesinge-table-and-2-chairs-dark-brown-stained-beech-veener-dark-brown-kilanda-light-beige__1445386_pe988205_s5.jpg?f=xxs",311800,328800.0,0.0,0.0,496.023.49,"실내에서만 사용하세요.
2인용.
커버는 벗겨서 세탁할 수 있습니다.
이 제품을 조립하려면 드라이버가 필요합니다. TRIXIG 트릭시그 공구세트15종(별도 판매)에 포함되어 있어요.","테이블 상판: 파티클보드, 투명 아크릴 래커, 섬유판, 페이퍼 포일, 너도밤나무 무늬목, 스테인, 투명래커
하단 프레임/ 다리: 원목, 접착제, 스테인, 투명 아크릴 래커
의자 내화 안감/ 시트 안감: 폴리에스테르충전재
패브릭/ 커버: 폴리에스테르 100%(최소 90% 재활용)
프레임: 원목, 스테인, 투명 아크릴 래커
시트: 섬유판, 폴리우레탄 폼 35kg/cu.m.","탈부착커버의자: 세탁기 사용 가능, 최대 40°C, 표준 코스. 표백하지 마세요. 건조기에 넣지 마세요. 다림질, 최대 150°C. 드라이클리닝, 표준 코스.
테이블: 순한 세제에 적신 천으로 닦으세요. 깨끗한 천으로 물기를 닦아주세요. 안정성을 위하여 조립 2주 후에 나사를 점검하고 필요한 경우 다시 조여주세요.","본 의자는 가정용으로 적합한지 확인하는 테스트를 마쳤으며 EN 12520, EN 1022의 안전성 및 내구성, 안정성 기준에 부합하는 제품입니다. 내변색성(색 바램을 견디는 능력) 레벨 1-8 중 레벨 6 판정을 받은 커버입니다. 업계 표준에 따르면 가정용으로는 레벨 4 이상이 적합합니다. 55,000 사이클의 마모성 테스트를 완료한 커버입니다. 15,000 사이클 이상이면 집에서 매일 쓰는 가구용으로 적합합니다. 30,000 사이클 이상 견디는 제품은 마모 방지 기능이 매우 탁월합니다.",80.0,60.0,75.0,42.0,53.0,90.0,"이 제품은 3 개 패키지로 구성됩니다.
NÄSINGE 네싱에 테이블 제품 번호 905.875.34 폭: 64 cm 높이: 7 cm 길이: 85 cm 무게: 14.85 kg 패키지: 1
NÄSINGE 네싱에 의자 제품 번호 205.875.04 폭: 45 cm 높이: 12 cm 길이: 92 cm 무게: 6.85 kg 패키지: 2",,2.0,dining_table_set,IKEA,light_wood,"modern,nordic,minimal",True,medium,True,"NÄSINGE 네싱에 / NÄSINGE 네싱에 테이블+의자2, 다크브라운 스테인 너도밤나무 무늬목/다크브라운 실란다 라이트베이지, 80x60 cm 실내에서만 사용하세요.
2인용.
커버는 벗겨서 세탁할 수 있습니다.
이 제품을 조립하려면 드라이버가 필요합니다. TRIXIG 트릭시그 공구세트15종(별도 판매)에 포함되어 있어요. 테이블 상판: 파티클보드, 투명 아크릴 래커, 섬유판, 페이퍼 포일, 너도밤나무 무늬목, 스테인, 투명래커
하단 프레임/ 다리: 원목, 접착제, 스테인, 투명 아크릴 래커
의자 내화 안감/ 시트 안감: 폴리에스테르충전재
패브릭/ 커버: 폴리에스테르 100%(최소 90% 재활용)
프레임: 원목, 스테인, 투명 아크릴 래커
시트: 섬유판, 폴리우레탄 폼 35kg/cu.m. 탈부착커버의자: 세탁기 사용 가능, 최대 40°C, 표준 코스. 표백하지 마세요. 건조기에 넣지 마세요. 다림질, 최대 150°C. 드라이클리닝, 표준 코스.
테이블: 순한 세제에 적신 천으로 닦으세요. 깨끗한 천으로 물기를 닦아주세요. 안정성을 위하여 조립 2주 후에 나사를 점검하고 필요한 경우 다시 조여주세요. "
"GRÖTÅN 그뢰톤 / GRÖTÅN 그뢰톤 테이블+의자4, 소나무 브라운스테인/티블레뷔 다크베이지, 105 cm",https://www.ikea.com/kr/ko/p/groetan-groetan-table-and-4-chairs-pine-brown-stained-tibbleby-dark-beige-s49617440/,"https://www.ikea.com/kr/ko/images/products/groetan-groetan-table-and-4-chairs-pine-brown-stained-tibbleby-dark-beige__1470253_pe996848_s5.jpg?f=xxs,https://www.ikea.com/kr/ko/images/products/groetan-groetan-table-and-4-chairs-pine-brown-stained-tibbleby-dark-beige__1471383_pe997199_s5.jpg?f=xxs",383600,408600.0,0.0,0.0,496.174.40,"우아하게 디자인된 지지 구조의 금속 하부프레임 덕분에 테이블이 튼튼하고 안정적이에요.

원목 소재의 튼튼한 등받이는 스테인과 래커로 처리해 내구성이 우수하고 나뭇결이 그대로 드러납니다.

깔끔하면서도 안정적인 금속 하부프레임 덕분에 의자가 튼튼하고 내구성이 우수하며, 커버를 씌운 시트는 따스하고 기분 좋은 느낌을 선사합니다.

편안하고 푹신한 시트를 사용해 느긋하게 저녁식사를 즐기거나 가족과 함께 게임을 즐기기 좋은 의자입니다.

의자커버는 따로 분리하여 세탁기로 세탁할 수 있습니다.

실내에서만 사용하세요.

커버는 벗겨서 세탁할 수 있습니다.","테이블 상판/ 상판: 소나무 원목, 스테인, 투명 아크릴 래커, 스테인, 투명래커, 스테인, 투명 아크릴 래커
하단 프레임/ 다리: 스틸, 에폭시/폴리에스테르 파우더코팅
다리받침: 폴리프로필렌 플라스틱
의자 패브릭: 폴리에스테르 100%(최소 90% 재활용)
다리 프레임/ 크로스 레일: 스틸, 에폭시/폴리에스테르 파우더코팅
시트: 폴리에스테르 100%(최소 70% 재활용), 폴리프로필렌 100%, 합판, 폴리우레탄 폼 30kg/cu.m.
등받이: 소나무 원목, 아크릴 페인트
다리받침: 폴리프로필렌 플라스틱","의자: 중성세제를 희석한 물로 닦아주세요. 깨끗한 천으로 물기를 닦아주세요. 안전한 사용을 위해 필요시 나사를 다시 조여주세요.
탈부착커버의자: 세탁기 사용 가능, 최대 40°C, 표준 코스. 표백하지 마세요. 건조기에 넣지 마세요. 다림질, 최대 150°C. 드라이클리닝, 표준 코스.","이 테이블은 가정에서 사용할 수 있도록 테스트를 거쳤으며, EN 12521 및 EN 1730 표준에 명시된 내구성 및 안정성 요건에 부합하는 제품입니다.
의자는 가정용으로 적합 판정을 받았으며 EN 12520 및 EN 1022의 내구성과 안전성 기준에 부합하는 제품입니다.
내변색성 레벨 1~8 중 레벨 5~6 판정을 받은 커버입니다. 업계 표준에 따르면 가정용으로는 레벨 4 이상이 적합합니다.
55,000 사이클의 마모성 테스트를 완료한 커버입니다. 15,000 사이클 이상이면 집에서 매일 쓰는 가구용으로 적합합니다. 30,000 사이클 이상 견디는 제품은 마모 방지 기능이 매우 탁월합니다.
이 의자는 관련된 강도 및 내구성 표준을 준수하고 테스트를 거친 제품입니다. 테스트는 일반적인 제품의 사용 횟수와 110kg인 사용자를 기준으로 실시되었습니다.",,105.0,75.0,43.0,48.0,80.0,"이 제품은 5 개 패키지로 구성됩니다.
GRÖTÅN 그뢰톤 테이블 제품 번호 506.175.66 폭: 106 cm 높이: 9 cm 길이: 108 cm 무게: 16.82 kg 패키지: 1
GRÖTÅN 그뢰톤 의자 제품 번호 906.104.26 폭: 47 cm 높이: 10 cm 길이: 92 cm 무게: 5.39 kg 패키지: 4",,4.0,dining_table_set,IKEA,dark_wood,"modern,nordic,minimal",True,low,False,"GRÖTÅN 그뢰톤 / GRÖTÅN 그뢰톤 테이블+의자4, 소나무 브라운스테인/티블레뷔 다크베이지, 105 cm 우아하게 디자인된 지지 구조의 금속 하부프레임 덕분에 테이블이 튼튼하고 안정적이에요.

원목 소재의 튼튼한 등받이는 스테인과 래커로 처리해 내구성이 우수하고 나뭇결이 그대로 드러납니다.

깔끔하면서도 안정적인 금속 하부프레임 덕분에 의자가 튼튼하고 내구성이 우수하며, 커버를 씌운 시트는 따스하고 기분 좋은 느낌을 선사합니다.

편안하고 푹신한 시트를 사용해 느긋하게 저녁식사를 즐기거나 가족과 함께 게임을 즐기기 좋은 의자입니다.

의자커버는 따로 분리하여 세탁기로 세탁할 수 있습니다.

실내에서만 사용하세요.

커버는 벗겨서 세탁할 수 있습니다. 테이블 상판/ 상판: 소나무 원목, 스테인, 투명 아크릴 래커, 스테인, 투명래커, 스테인, 투명 아크릴 래커
하단 프레임/ 다리: 스틸, 에폭시/폴리에스테르 파우더코팅
다리받침: 폴리프로필렌 플라스틱
의자 패브릭: 폴리에스테르 100%(최소 90% 재활용)
다리 프레임/ 크로스 레일: 스틸, 에폭시/폴리에스테르 파우더코팅
시트: 폴리에스테르 100%(최소 70% 재활용), 폴리프로필렌 100%, 합판, 폴리우레탄 폼 30kg/cu.m.
등받이: 소나무 원목, 아크릴 페인트
다리받침: 폴리프로필렌 플라스틱 의자: 중성세제를 희석한 물로 닦아주세요. 깨끗한 천으로 물기를 닦아주세요. 안전한 사용을 위해 필요시 나사를 다시 조여주세요.
탈부착커버의자: 세탁기 사용 가능, 최대 40°C, 표준 코스. 표백하지 마세요. 건조기에 넣지 마세요. 다림질, 최대 150°C. 드라이클리닝, 표준 코스. "
"TONSTAD 톤스타드 / TONSTAD 톤스타드 테이블+의자2, 참나무무늬목/비아르프 베이지/브라운 참나무무늬, 80/120x70 cm",https://www.ikea.com/kr/ko/p/tonstad-tonstad-table-and-2-chairs-oak-veneer-viarp-beige-brown-oak-effect-s79602215/,"https://www.ikea.com/kr/ko/images/products/tonstad-tonstad-table-and-2-chairs-oak-veneer-viarp-beige-brown-oak-effect__1426753_pe979986_s5.jpg?f=xxs,https://www.ikea.com/kr/ko/images/products/tonstad-tonstad-table-and-2-chairs-oak-veneer-viarp-beige-brown-oak-effect__1444177_pe987421_s5.jpg?f=xxs",577000,617000.0,0.0,0.0,796.022.15,"브러시드 무광택 참나무 무늬목과 부드럽고 둥근 모서리가 특징인 이 2~4인용 테이블은 일상에서 가장 좋아하는 장소가 될 거예요.

견고한 목재 다리와 천연 목재 무늬목 표면으로 이루어진 안정적인 구조, 얼룩과 마모를 방지하기 위해 여러 겹으로 스테인 및 래커 처리하여 걱정 없이 매 순간을 즐길 수 있어요.

테이블에 자체 수납되는 추가 상판이 있어서 쉽게 끼워 2인용에서 4인용으로 테이블을 확장할 수 있고, 손님들이 집으로 가고 나면 쉽게 제거해서 테이블상판 아래 넣어둘 수 있어요.

테이블 다리는 테이블이 확장되더라도 항상 테이블의 모서리에 자리하고 있어 의자를 놓을 공간도 충분합니다.

테이블마다 나무 특유의 다양한 나뭇결과 자연스러운 색감을 고스란히 담고 있어 독특한 매력을 느낄 수 있어요.

튼튼하고 관리가 편한 VIARP 비아르프 패브릭은 면과 재생 폴리에스테르로 직조했어요. 보풀 발생이 적으며 멜란지 느낌 덕분에 얼룩에 좀 더 강합니다.

의자커버의 파이핑은 세련된 느낌을 더하면서 가장자리를 튼튼하게 만들어 줘서 내구성이 좋아지고 잘 해지지 않아요.

넉넉하고 두꺼운 폼 쿠션 덕분에 오래 앉아 있어도 편안합니다.

움직임에 맞춰 등을 받쳐주는 고탄성 폼 등받이여서 자세를 바꾸거나 고쳐 앉을 때 지지력이 좋아요.

커버를 벗겨서 세탁할 수 있어 깨끗하게 관리할 수 있습니다.

위에 파우더코팅 메탈 디테일로 포인트를 준 참나무 무늬 마감의 원목 다리는 스타일과 안정성 모두 뛰어나요.

실내에서만 사용하세요.

2-4인용.

커버는 벗겨서 세탁할 수 있습니다.

자체 보관 확장형 상판 1개가 포함되어 있습니다.

TONSTAD 톤스타드 시리즈의 다른 제품과 함께 사용할 수 있습니다.

이 테이블을 조립하려면 비트 드라이버가 필요합니다. TRIXIG 트릭시그 공구세트15종(별도 판매)에 포함되어 있어요.

바닥이 긁히는 것을 방지하려면 별도 판매되는 TRIXIG 트릭시그 바닥보호스티커를 사용하세요.

TONSTAD 톤스타드 의자의 추가 커버는 별도 판매됩니다.","확장형테이블 상단 패널: 파티클보드, 페이퍼 포일, 페이퍼 에징, 참나무 무늬목, 투명 아크릴 래커
레일,옆/ 다리: 원목, 접착제, 참나무 무늬목, 투명 아크릴 래커
크로스 레일: 파티클보드, 플라스틱 포일
의자커버 패브릭/ 패브릭: 면 76%, 폴리에스테르 24% (100% 재활용)
원사: 폴리에스테르 100%
벨크로: 나일론 100%
의자프레임 다리: 원목, 프린트 아크릴 페인트, 투명 아크릴 래커
슬리브/ 마운팅 플레이트/ 나사받이/ 고정 브래킷: 스틸, 에폭시/폴리에스테르 파우더코팅
등받이: 합판, 고탄력 폴리우레탄 폼 35 kg/cu.m.
시트: 적층 무늬목, 폴리우레탄 폼 35kg/cu.m.
보호 패브릭/ 등받이 원단: 폴리에스테르 100% (100% 재활용)
안감/ 내화 안감: 폴리에스테르충전재
벨크로: 나일론 100%","탈부착커버의자커버
세탁기 사용 가능, 최대 40°C, 표준 코스
표백하지 마세요.
건조기에 넣지 마세요.
다림질, 최대 150°C.
드라이클리닝, 표준 코스.
의자프레임
진공청소기를 사용하세요.
깨끗한 천으로 물기를 닦아주세요.
가벼운 얼룩은 섬유세제를 이용하거나 물 또는 중성세제에 적신 스펀지로 지워주세요.
안정성을 위하여 조립 2주 후에 나사를 점검하고 필요한 경우 다시 조여주세요.
확장형테이블
순한 세제에 적신 천으로 닦으세요.
깨끗한 천으로 물기를 닦아주세요.
안정성을 위하여 조립 2주 후에 나사를 점검하고 필요한 경우 다시 조여주세요.","의자는 가정용으로 적합 판정을 받았으며 EN 12520 및 EN 1022의 내구성과 안전성 기준에 부합하는 제품입니다.
내변색성 레벨 1~8 중 레벨 5 판정을 받은 커버입니다. 업계 표준에 따르면 가정용으로는 레벨 4 이상이 적합합니다.
30,000 사이클의 마모성 테스트를 완료한 패브릭입니다. 15,000 사이클 이상을 견디는 패브릭은 집에서 매일 쓰는 가구용으로 적합한 것으로 간주됩니다.
이 의자는 관련된 강도 및 내구성 표준을 준수하고 테스트를 거친 제품입니다. 테스트는 일반적인 제품의 사용 횟수와 110kg인 사용자를 기준으로 실시되었습니다.",120.0,70.0,75.0,42.0,56.0,86.0,"이 제품은 6 개 패키지로 구성됩니다.
TONSTAD 톤스타드 확장형테이블 제품 번호 205.940.57
폭: 28 cm
높이: 12 cm
길이: 79 cm
무게: 13.43 kg
패키지: 1
폭: 44 cm
높이: 6 cm
길이: 74 cm
무게: 10.94 kg
패키지: 1
TONSTAD 톤스타드 의자커버 제품 번호 706.035.87
폭: 17 cm
높이: 6 cm
길이: 25 cm
무게: 0.38 kg
패키지: 2
TONSTAD 톤스타드 의자프레임 제품 번호 705.940.45
폭: 50 cm
높이: 14 cm
길이: 55 cm
무게: 7.95 kg
패키지: 2",,2.0,dining_table_set,IKEA,unknown,"modern,nordic,minimal",True,low,True,"TONSTAD 톤스타드 / TONSTAD 톤스타드 테이블+의자2, 참나무무늬목/비아르프 베이지/브라운 참나무무늬, 80/120x70 cm 브러시드 무광택 참나무 무늬목과 부드럽고 둥근 모서리가 특징인 이 2~4인용 테이블은 일상에서 가장 좋아하는 장소가 될 거예요.

견고한 목재 다리와 천연 목재 무늬목 표면으로 이루어진 안정적인 구조, 얼룩과 마모를 방지하기 위해 여러 겹으로 스테인 및 래커 처리하여 걱정 없이 매 순간을 즐길 수 있어요.

테이블에 자체 수납되는 추가 상판이 있어서 쉽게 끼워 2인용에서 4인용으로 테이블을 확장할 수 있고, 손님들이 집으로 가고 나면 쉽게 제거해서 테이블상판 아래 넣어둘 수 있어요.

테이블 다리는 테이블이 확장되더라도 항상 테이블의 모서리에 자리하고 있어 의자를 놓을 공간도 충분합니다.

테이블마다 나무 특유의 다양한 나뭇결과 자연스러운 색감을 고스란히 담고 있어 독특한 매력을 느낄 수 있어요.

튼튼하고 관리가 편한 VIARP 비아르프 패브릭은 면과 재생 폴리에스테르로 직조했어요. 보풀 발생이 적으며 멜란지 느낌 덕분에 얼룩에 좀 더 강합니다.

의자커버의 파이핑은 세련된 느낌을 더하면서 가장자리를 튼튼하게 만들어 줘서 내구성이 좋아지고 잘 해지지 않아요.

넉넉하고 두꺼운 폼 쿠션 덕분에 오래 앉아 있어도 편안합니다.

움직임에 맞춰 등을 받쳐주는 고탄성 폼 등받이여서 자세를 바꾸거나 고쳐 앉을 때 지지력이 좋아요.

커버를 벗겨서 세탁할 수 있어 깨끗하게 관리할 수 있습니다.

위에 파우더코팅 메탈 디테일로 포인트를 준 참나무 무늬 마감의 원목 다리는 스타일과 안정성 모두 뛰어나요.

실내에서만 사용하세요.

2-4인용.

커버는 벗겨서 세탁할 수 있습니다.

자체 보관 확장형 상판 1개가 포함되어 있습니다.

TONSTAD 톤스타드 시리즈의 다른 제품과 함께 사용할 수 있습니다.

이 테이블을 조립하려면 비트 드라이버가 필요합니다. TRIXIG 트릭시그 공구세트15종(별도 판매)에 포함되어 있어요.

바닥이 긁히는 것을 방지하려면 별도 판매되는 TRIXIG 트릭시그 바닥보호스티커를 사용하세요.

TONSTAD 톤스타드 의자의 추가 커버는 별도 판매됩니다. 확장형테이블 상단 패널: 파티클보드, 페이퍼 포일, 페이퍼 에징, 참나무 무늬목, 투명 아크릴 래커
레일,옆/ 다리: 원목, 접착제, 참나무 무늬목, 투명 아크릴 래커
크로스 레일: 파티클보드, 플라스틱 포일
의자커버 패브릭/ 패브릭: 면 76%, 폴리에스테르 24% (100% 재활용)
원사: 폴리에스테르 100%
벨크로: 나일론 100%
의자프레임 다리: 원목, 프린트 아크릴 페인트, 투명 아크릴 래커
슬리브/ 마운팅 플레이트/ 나사받이/ 고정 브래킷: 스틸, 에폭시/폴리에스테르 파우더코팅
등받이: 합판, 고탄력 폴리우레탄 폼 35 kg/cu.m.
시트: 적층 무늬목, 폴리우레탄 폼 35kg/cu.m.
보호 패브릭/ 등받이 원단: 폴리에스테르 100% (100% 재활용)
안감/ 내화 안감: 폴리에스테르충전재
벨크로: 나일론 100% 탈부착커버의자커버
세탁기 사용 가능, 최대 40°C, 표준 코스
표백하지 마세요.
건조기에 넣지 마세요.
다림질, 최대 150°C.
드라이클리닝, 표준 코스.
의자프레임
진공청소기를 사용하세요.
깨끗한 천으로 물기를 닦아주세요.
가벼운 얼룩은 섬유세제를 이용하거나 물 또는 중성세제에 적신 스펀지로 지워주세요.
안정성을 위하여 조립 2주 후에 나사를 점검하고 필요한 경우 다시 조여주세요.
확장형테이블
순한 세제에 적신 천으로 닦으세요.
깨끗한 천으로 물기를 닦아주세요.
안정성을 위하여 조립 2주 후에 나사를 점검하고 필요한 경우 다시 조여주세요. "
"SKOGSTA 스콕스타 / SKOGSTA 스콕스타 테이블+의자4, 아카시아나무/아카시아나무, 160x81 cm",https://www.ikea.com/kr/ko/p/skogsta-skogsta-table-and-4-chairs-acacia-acacia-s29612636/,https://www.ikea.com/kr/ko/images/products/skogsta-skogsta-table-and-4-chairs-acacia-acacia__1448946_pe989697_s5.jpg?f=xxs,768600,818600.0,,0.0,296.126.36,,"테이블 상판/다리/레일: 아카시아나무 원목, 투명 아크릴 래커. 브래킷: 스틸, 아연도금. 의자 다리/다리 레일/뒷축/레일: 아카시아나무 원목, 투명 아크릴 래커. 다리 프레임/시트/등받이: 아카시아나무 원목, 접착제, 투명 아크릴 래커.",,,160.0,81.0,74.0,46.0,55.0,94.0,"이 제품은 7 개 패키지로 구성됩니다.
SKOGSTA 스콕스타 테이블 제품 번호 106.118.87
폭: 42 cm 높이: 5 cm 길이: 163 cm 무게: 17.35 kg 패키지: 1
폭: 42 cm 높이: 5 cm 길이: 163 cm 무게: 17.32 kg 패키지: 1
폭: 84 cm 높이: 8 cm 길이: 151 cm 무게: 16.70 kg 패키지: 1
SKOGSTA 스콕스타 의자 제품 번호 705.448.71
폭: 46 cm 높이: 44 cm 길이: 63 cm 무게: 5.90 kg 패키지: 4",,4.0,dining_table_set,IKEA,unknown,"modern,nordic,minimal",False,medium,False,"SKOGSTA 스콕스타 / SKOGSTA 스콕스타 테이블+의자4, 아카시아나무/아카시아나무, 160x81 cm  테이블 상판/다리/레일: 아카시아나무 원목, 투명 아크릴 래커. 브래킷: 스틸, 아연도금. 의자 다리/다리 레일/뒷축/레일: 아카시아나무 원목, 투명 아크릴 래커. 다리 프레임/시트/등받이: 아카시아나무 원목, 접착제, 투명 아크릴 래커.  "
"SKOGSTA 스콕스타 / SKOGSTA 스콕스타 테이블+의자4, 아카시아나무/블랙, 120 cm",https://www.ikea.com/kr/ko/p/skogsta-skogsta-table-and-4-chairs-acacia-black-s99612633/,"https://www.ikea.com/kr/ko/images/products/skogsta-skogsta-table-and-4-chairs-acacia-black__1448947_pe989698_s5.jpg?f=xxs,https://www.ikea.com/kr/ko/images/products/skogsta-skogsta-table-and-4-chairs-acacia-black__1485199_pe1001889_s5.jpg?f=xxs",768600,818600.0,0.0,0.0,996.126.33,,"테이블: 아카시아나무 원목, 투명 아크릴 래커
의자 다리/다리 레일/뒷축/레일: 아카시아나무 원목, 스테인, 틴트 투명 아크릴 래커
의자 다리 프레임/시트/등받이: 아카시아나무 원목, 접착제, 스테인, 틴트 투명 아크릴 래커",,,120.0,,74.0,46.0,55.0,94.0,"이 제품은 6 개 패키지로 구성됩니다.
SKOGSTA 스콕스타 테이블 제품 번호 506.118.85
폭: 62 cm
높이: 8 cm
길이: 123 cm
무게: 23.10 kg
패키지: 1
폭: 36 cm
높이: 7 cm
길이: 133 cm
무게: 12.70 kg
패키지: 1
SKOGSTA 스콕스타 의자 제품 번호 305.448.73
폭: 46 cm
높이: 44 cm
길이: 63 cm
무게: 5.90 kg
패키지: 4",,4.0,dining_table_set,IKEA,black,"modern,nordic,minimal",False,medium,False,"SKOGSTA 스콕스타 / SKOGSTA 스콕스타 테이블+의자4, 아카시아나무/블랙, 120 cm  테이블: 아카시아나무 원목, 투명 아크릴 래커
의자 다리/다리 레일/뒷축/레일: 아카시아나무 원목, 스테인, 틴트 투명 아크릴 래커
의자 다리 프레임/시트/등받이: 아카시아나무 원목, 접착제, 스테인, 틴트 투명 아크릴 래커  "
"NORBERG 노르베리 / KÄTTIL 셰틸 테이블+의자2, 화이트/크니사 라이트그레이, 74 cm",https://www.ikea.com/kr/ko/p/norberg-kaettil-table-and-2-chairs-white-knisa-light-grey-s99428767/,"https://www.ikea.com/kr/ko/images/products/norberg-kaettil-table-and-2-chairs-white-knisa-light-grey__1016372_pe830350_s5.jpg?f=xxs,https://www.ikea.com/kr/ko/images/products/norberg-kaettil-table-and-2-chairs-white-knisa-light-grey__1028691_pe835490_s5.jpg?f=xxs",163800,169700.0,,,994.287.67,"테이블을 접으면 작은 선반으로도 활용할 수 있습니다.
멜라민 마감 상판으로 내구성이 뛰어나고 쉽게 잘 닦입니다.
실내에서만 사용하세요.
지역사회의 규칙에 따라 재활용 또는 에너지 회수를 위해 분리 배출할 수 있습니다.
벽의 재질에 따라 다른 나사를 사용해야 하며, 칼브럭이 필요할 수도 있습니다. 별도구매입니다.
일반 식탁 높이로 사용할 경우: 식탁 윗 가장자리가 약 74 cm 높이에 오도록 벽에 고정하세요","벽고정드롭리프테이블
상판/ 상단 레일: 파티클보드, 플라스틱 테두리, 고압 멜라민 라미네이트
기본 프레임/ 설치판: 스틸, 에폭시/폴리에스테르 파우더코팅
플라스틱 부분: 폴리아미드 플라스틱, 폴리프로필렌 플라스틱, 폴리에틸렌 플라스틱
스프링/ 핀: 스틸
의자
커버/ 안감/ 패브릭: 폴리에스테르 100%(최소 90% 재활용)
다리: 원목, 아크릴 페인트
시트: 폴리프로필렌 100%, 원목, 섬유판, 고탄력 폴리우레탄 폼 35 kg/cu.m.
등받이: 폴리프로필렌 100%, 원목, 폴리우레탄 폼 35kg/cu.m.","탈부착커버테이블+의자2
세탁기 사용 가능, 최대 40°C, 표준 코스
표백하지 마세요.
건조기에 넣지 마세요.
다림질, 최대 150°C.
드라이클리닝하지 마세요.
테이블테이블+의자2
순한 세제에 적신 천으로 닦으세요.
깨끗한 천으로 물기를 닦아주세요.
프레임테이블+의자2
안전한 사용을 위해 필요시 나사를 다시 조여주세요.","의자는 가정용으로 적합 판정을 받았으며 EN 12520 및 EN 1022의 내구성과 안전성 기준에 부합하는 제품입니다.40,000 사이클의 마모성 테스트를 완료한 커버입니다. 15,000 사이클 이상을 견디는 제품은 집에서 매일 사용하는 가구용으로 적합합니다. 30,000 사이클 이상 견디는 제품은 마모 방지 기능이 매우 탁월합니다.내변색성 레벨 1~8 중 레벨 5~6 판정을 받은 커버입니다. 업계 표준에 따르면 가정용으로는 레벨 4 이상이 적합합니다.",74.0,60.0,74.0,,,,"이 제품은 3 개 패키지로 구성됩니다.
NORBERG 노르베리 벽고정드롭리프테이블 제품 번호 903.657.93 폭: 47 cm 높이: 6 cm 길이: 77 cm 무게: 9.05 kg 패키지: 1
KÄTTIL 셰틸 의자 제품 번호 505.003.40 폭: 45 cm 높이: 17 cm 길이: 90 cm 무게: 5.40 kg 패키지: 2",,2.0,dining_table_set,IKEA,white,"modern,nordic,minimal",True,medium,False,"NORBERG 노르베리 / KÄTTIL 셰틸 테이블+의자2, 화이트/크니사 라이트그레이, 74 cm 테이블을 접으면 작은 선반으로도 활용할 수 있습니다.
멜라민 마감 상판으로 내구성이 뛰어나고 쉽게 잘 닦입니다.
실내에서만 사용하세요.
지역사회의 규칙에 따라 재활용 또는 에너지 회수를 위해 분리 배출할 수 있습니다.
벽의 재질에 따라 다른 나사를 사용해야 하며, 칼브럭이 필요할 수도 있습니다. 별도구매입니다.
일반 식탁 높이로 사용할 경우: 식탁 윗 가장자리가 약 74 cm 높이에 오도록 벽에 고정하세요 벽고정드롭리프테이블
상판/ 상단 레일: 파티클보드, 플라스틱 테두리, 고압 멜라민 라미네이트
기본 프레임/ 설치판: 스틸, 에폭시/폴리에스테르 파우더코팅
플라스틱 부분: 폴리아미드 플라스틱, 폴리프로필렌 플라스틱, 폴리에틸렌 플라스틱
스프링/ 핀: 스틸
의자
커버/ 안감/ 패브릭: 폴리에스테르 100%(최소 90% 재활용)
다리: 원목, 아크릴 페인트
시트: 폴리프로필렌 100%, 원목, 섬유판, 고탄력 폴리우레탄 폼 35 kg/cu.m.
등받이: 폴리프로필렌 100%, 원목, 폴리우레탄 폼 35kg/cu.m. 탈부착커버테이블+의자2
세탁기 사용 가능, 최대 40°C, 표준 코스
표백하지 마세요.
건조기에 넣지 마세요.
다림질, 최대 150°C.
드라이클리닝하지 마세요.
테이블테이블+의자2
순한 세제에 적신 천으로 닦으세요.
깨끗한 천으로 물기를 닦아주세요.
프레임테이블+의자2
안전한 사용을 위해 필요시 나사를 다시 조여주세요. "
"VIHALS 비할스 / VIHALS 비할스 테이블+의자4, 화이트/그린 Tibbleby 티블레뷔 그레이-그린, 84/120x74 cm",https://www.ikea.com/kr/ko/p/vihals-vihals-table-and-4-chairs-white-green-tibbleby-grey-green-s89599533/,"https://www.ikea.com/kr/ko/images/products/vihals-vihals-table-and-4-chairs-white-green-tibbleby-grey-green__1388787_pe964957_s5.jpg?f=xxs,https://www.ikea.com/kr/ko/images/products/vihals-vihals-table-and-4-chairs-white-green-tibbleby-grey-green__1414847_pe974928_s5.jpg?f=xxs",318600,,0.0,0.0,895.995.33,"특정 요구에 맞게 테이블의 크기를 손쉽게 조절할 수 있으므로 유연하게 활용하기 좋아요.

테이블 다리는 테이블이 확장되더라도 항상 테이블의 모서리에 자리하고 있어 의자를 놓을 공간도 충분합니다.

멜라민 포일 테이블 상판은 기능을 갖췄을 뿐 아니라 젖은 천으로 쉽게 청소할 수 있어요.

현대적인 분위기의 깔끔하고 절제된 디자인이 다양한 인테리어 설정과 원활하게 어울려요.

등받이와 시트의 폼 패딩 덕분에 식탁에서 편안하게 앉을 수 있죠.

커버식 의자 시트는 체중을 분산시키고 골조에 미치는 압력을 줄여줍니다.

한 사람의 힘으로 빠르고 간편하게 테이블을 확장할 수 있습니다.

고강도 파우더 코팅 스틸 하부프레임은 안정적이며, 녹과 부식에 강하여 시간이 흘러도 내구성이 우수합니다.

고강도 스틸을 사용함으로써 일반적인 스틸보다 적은 소재를 사용하여 자원 효율성을 극대화하고 뛰어난 내구성과 강도를 제공합니다.

참고

실내에서만 사용하세요.

2-4인용.

지역사회의 규칙에 따라 재활용 또는 에너지 회수를 위해 분리 배출할 수 있습니다.

확장형 보조상판 1개가 포함되어 있습니다.","확장형테이블
다리/ 사이드 레일: 스틸, 에폭시/폴리에스테르 파우더코팅
안쪽 다리: 스틸
상판: 파티클보드, 멜라민포일, 멜라민포일, 플라스틱 테두리
의자
등받이 원단: 폴리에스테르 100% (100% 재활용)
패브릭/ 커버: 폴리에스테르 100%(최소 90% 재활용)
다리 프레임/ 크로스 레일: 스틸, 에폭시/폴리에스테르 파우더코팅
시트: 폴리프로필렌 플라스틱(최소 50% 재활용), 폴리우레탄 폼 35kg/cu.m.
등받이: 폴리프로필렌 플라스틱(최소 50% 재활용), 폴리우레탄 폼 25kg/cu.m., 100% 재생 무표백 종이
보호 패브릭: 폴리에스테르 100 %","커버의자
세탁기 사용 가능, 최대 40°C, 표준 코스
표백하지 마세요.
건조기에 넣지 마세요.
다림질, 최대 150°C.
드라이클리닝, 표준 코스.
의자
깨끗한 천으로 물기를 닦아주세요.
확장형테이블
순한 세제에 적신 천으로 닦으세요.
깨끗한 천으로 물기를 닦아주세요.
테이블+의자4
안정성을 위하여 조립 2주 후에 나사를 점검하고 필요한 경우 다시 조여주세요.",의자는 가정용으로 적합 판정을 받았으며 EN 12520 및 EN 1022의 내구성과 안전성 기준에 부합하는 제품입니다.이 의자는 관련된 강도 및 내구성 표준을 준수하고 테스트를 거친 제품입니다. 테스트는 일반적인 제품의 사용 횟수와 110kg인 사용자를 기준으로 실시되었습니다.,120.0,74.0,75.0,49.0,55.0,81.0,"이 제품은 6 개 패키지로 구성됩니다.
VIHALS 비할스 확장형테이블 제품 번호 305.927.36
폭: 76 cm
높이: 5 cm
길이: 89 cm
무게: 11.89 kg
패키지: 1
폭: 29 cm
높이: 6 cm
길이: 84 cm
무게: 11.30 kg
패키지: 1
VIHALS 비할스 의자 제품 번호 605.927.68
폭: 57 cm
높이: 8 cm
길이: 79 cm
무게: 4.22 kg
패키지: 4",,4.0,dining_table_set,IKEA,white,"modern,nordic,minimal",True,medium,False,"VIHALS 비할스 / VIHALS 비할스 테이블+의자4, 화이트/그린 Tibbleby 티블레뷔 그레이-그린, 84/120x74 cm 특정 요구에 맞게 테이블의 크기를 손쉽게 조절할 수 있으므로 유연하게 활용하기 좋아요.

테이블 다리는 테이블이 확장되더라도 항상 테이블의 모서리에 자리하고 있어 의자를 놓을 공간도 충분합니다.

멜라민 포일 테이블 상판은 기능을 갖췄을 뿐 아니라 젖은 천으로 쉽게 청소할 수 있어요.

현대적인 분위기의 깔끔하고 절제된 디자인이 다양한 인테리어 설정과 원활하게 어울려요.

등받이와 시트의 폼 패딩 덕분에 식탁에서 편안하게 앉을 수 있죠.

커버식 의자 시트는 체중을 분산시키고 골조에 미치는 압력을 줄여줍니다.

한 사람의 힘으로 빠르고 간편하게 테이블을 확장할 수 있습니다.

고강도 파우더 코팅 스틸 하부프레임은 안정적이며, 녹과 부식에 강하여 시간이 흘러도 내구성이 우수합니다.

고강도 스틸을 사용함으로써 일반적인 스틸보다 적은 소재를 사용하여 자원 효율성을 극대화하고 뛰어난 내구성과 강도를 제공합니다.

참고

실내에서만 사용하세요.

2-4인용.

지역사회의 규칙에 따라 재활용 또는 에너지 회수를 위해 분리 배출할 수 있습니다.

확장형 보조상판 1개가 포함되어 있습니다. 확장형테이블
다리/ 사이드 레일: 스틸, 에폭시/폴리에스테르 파우더코팅
안쪽 다리: 스틸
상판: 파티클보드, 멜라민포일, 멜라민포일, 플라스틱 테두리
의자
등받이 원단: 폴리에스테르 100% (100% 재활용)
패브릭/ 커버: 폴리에스테르 100%(최소 90% 재활용)
다리 프레임/ 크로스 레일: 스틸, 에폭시/폴리에스테르 파우더코팅
시트: 폴리프로필렌 플라스틱(최소 50% 재활용), 폴리우레탄 폼 35kg/cu.m.
등받이: 폴리프로필렌 플라스틱(최소 50% 재활용), 폴리우레탄 폼 25kg/cu.m., 100% 재생 무표백 종이
보호 패브릭: 폴리에스테르 100 % 커버의자
세탁기 사용 가능, 최대 40°C, 표준 코스
표백하지 마세요.
건조기에 넣지 마세요.
다림질, 최대 150°C.
드라이클리닝, 표준 코스.
의자
깨끗한 천으로 물기를 닦아주세요.
확장형테이블
순한 세제에 적신 천으로 닦으세요.
깨끗한 천으로 물기를 닦아주세요.
테이블+의자4
안정성을 위하여 조립 2주 후에 나사를 점검하고 필요한 경우 다시 조여주세요. "
"VIHALS 비할스 / VIHALS 비할스 테이블+의자2, 화이트/그린 Tibbleby 티블레뷔 그레이-그린, 84/120x74 cm",https://www.ikea.com/kr/ko/p/vihals-vihals-table-and-2-chairs-white-green-tibbleby-grey-green-s89599482/,"https://www.ikea.com/kr/ko/images/products/vihals-vihals-table-and-2-chairs-white-green-tibbleby-grey-green__1388776_pe964940_s5.jpg?f=xxs,https://www.ikea.com/kr/ko/images/products/vihals-vihals-table-and-2-chairs-white-green-tibbleby-grey-green__1414836_pe974921_s5.jpg?f=xxs",218800,,4.5,6.0,895.994.82,"특정 요구에 맞게 테이블의 크기를 손쉽게 조절할 수 있으므로 유연하게 활용하기 좋아요.

테이블 다리는 테이블이 확장되더라도 항상 테이블의 모서리에 자리하고 있어 의자를 놓을 공간도 충분합니다.

멜라민 포일 테이블 상판은 기능을 갖췄을 뿐 아니라 젖은 천으로 쉽게 청소할 수 있어요.

현대적인 분위기의 깔끔하고 절제된 디자인이 다양한 인테리어 설정과 원활하게 어울려요.

등받이와 시트의 폼 패딩 덕분에 식탁에서 편안하게 앉을 수 있죠.

커버식 의자 시트는 체중을 분산시키고 골조에 미치는 압력을 줄여줍니다.

한 사람의 힘으로 빠르고 간편하게 테이블을 확장할 수 있습니다.

고강도 파우더 코팅 스틸 하부프레임은 안정적이며, 녹과 부식에 강하여 시간이 흘러도 내구성이 우수합니다.

고강도 스틸을 사용함으로써 일반적인 스틸보다 적은 소재를 사용하여 자원 효율성을 극대화하고 뛰어난 내구성과 강도를 제공합니다.","확장형테이블
다리/ 사이드 레일: 스틸, 에폭시/폴리에스테르 파우더코팅
안쪽 다리: 스틸
상판: 파티클보드, 멜라민포일, 멜라민포일, 플라스틱 테두리
의자
등받이 원단: 폴리에스테르 100% (100% 재활용)
패브릭/ 커버: 폴리에스테르 100%(최소 90% 재활용)
다리 프레임/ 크로스 레일: 스틸, 에폭시/폴리에스테르 파우더코팅
시트: 폴리프로필렌 플라스틱(최소 50% 재활용), 폴리우레탄 폼 35kg/cu.m.
등받이: 폴리프로필렌 플라스틱(최소 50% 재활용), 폴리우레탄 폼 25kg/cu.m., 100% 재생 무표백 종이
보호 패브릭: 폴리에스테르 100 %","커버의자
세탁기 사용 가능, 최대 40°C, 표준 코스
표백하지 마세요.
건조기에 넣지 마세요.
다림질, 최대 150°C.
드라이클리닝, 표준 코스.
의자
깨끗한 천으로 물기를 닦아주세요.
확장형테이블
순한 세제에 적신 천으로 닦으세요.
깨끗한 천으로 물기를 닦아주세요.
테이블+의자2
안정성을 위하여 조립 2주 후에 나사를 점검하고 필요한 경우 다시 조여주세요.",,120.0,74.0,75.0,49.0,55.0,81.0,"이 제품은 4 개 패키지로 구성됩니다.

VIHALS 비할스 확장형테이블 제품 번호 305.927.36
폭: 76 cm
높이: 5 cm
길이: 89 cm
무게: 11.89 kg
패키지: 1

폭: 29 cm
높이: 6 cm
길이: 84 cm
무게: 11.30 kg
패키지: 1

VIHALS 비할스 의자 제품 번호 605.927.68
폭: 57 cm
높이: 8 cm
길이: 79 cm
무게: 4.22 kg
패키지: 2",,2.0,dining_table_set,IKEA,white,"modern,nordic,minimal",False,medium,False,"VIHALS 비할스 / VIHALS 비할스 테이블+의자2, 화이트/그린 Tibbleby 티블레뷔 그레이-그린, 84/120x74 cm 특정 요구에 맞게 테이블의 크기를 손쉽게 조절할 수 있으므로 유연하게 활용하기 좋아요.

테이블 다리는 테이블이 확장되더라도 항상 테이블의 모서리에 자리하고 있어 의자를 놓을 공간도 충분합니다.

멜라민 포일 테이블 상판은 기능을 갖췄을 뿐 아니라 젖은 천으로 쉽게 청소할 수 있어요.

현대적인 분위기의 깔끔하고 절제된 디자인이 다양한 인테리어 설정과 원활하게 어울려요.

등받이와 시트의 폼 패딩 덕분에 식탁에서 편안하게 앉을 수 있죠.

커버식 의자 시트는 체중을 분산시키고 골조에 미치는 압력을 줄여줍니다.

한 사람의 힘으로 빠르고 간편하게 테이블을 확장할 수 있습니다.

고강도 파우더 코팅 스틸 하부프레임은 안정적이며, 녹과 부식에 강하여 시간이 흘러도 내구성이 우수합니다.

고강도 스틸을 사용함으로써 일반적인 스틸보다 적은 소재를 사용하여 자원 효율성을 극대화하고 뛰어난 내구성과 강도를 제공합니다. 확장형테이블
다리/ 사이드 레일: 스틸, 에폭시/폴리에스테르 파우더코팅
안쪽 다리: 스틸
상판: 파티클보드, 멜라민포일, 멜라민포일, 플라스틱 테두리
의자
등받이 원단: 폴리에스테르 100% (100% 재활용)
패브릭/ 커버: 폴리에스테르 100%(최소 90% 재활용)
다리 프레임/ 크로스 레일: 스틸, 에폭시/폴리에스테르 파우더코팅
시트: 폴리프로필렌 플라스틱(최소 50% 재활용), 폴리우레탄 폼 35kg/cu.m.
등받이: 폴리프로필렌 플라스틱(최소 50% 재활용), 폴리우레탄 폼 25kg/cu.m., 100% 재생 무표백 종이
보호 패브릭: 폴리에스테르 100 % 커버의자
세탁기 사용 가능, 최대 40°C, 표준 코스
표백하지 마세요.
건조기에 넣지 마세요.
다림질, 최대 150°C.
드라이클리닝, 표준 코스.
의자
깨끗한 천으로 물기를 닦아주세요.
확장형테이블
순한 세제에 적신 천으로 닦으세요.
깨끗한 천으로 물기를 닦아주세요.
테이블+의자2
안정성을 위하여 조립 2주 후에 나사를 점검하고 필요한 경우 다시 조여주세요. "
